generation,individual,pre_learn_reward,post_learn_reward,agreement,entropy,agreement_agent_actions,agreement_expert_actions,agreement_env_flattened
0,0,0.0,0.0,0.5,1.098612129688263,"[2, 2, 1, 2, 2, 2, 1, 2, 0, 0]","[2, 1, 2, 2, 2, 2, 0, 2, 2, 2]","[1, 1, 1, 1, 1, 1, 1, 1, 0, 0, 0, 2, 0, 1, 1, 0, 0, 0, 2, 0, 1, 1, 0, 0, 0, 2, 0, 1, 1, 0, 0, 0, 2, 0, 1, 1, 0, 0, 0, 0, 5, 1, 1, 1, 1, 1, 1, 1, 1]"
0,1,0.0,0.0,0.18181818181818182,1.0986123085021973,"[0, 1, 1, 1, 1, 1, 1, 0, 1, 1, 2]","[1, 2, 2, 0, 2, 2, 2, 2, 1, 2, 2]","[1, 1, 1, 1, 1, 1, 1, 1, 0, 0, 2, 0, 0, 1, 1, 0, 0, 2, 0, 0, 1, 1, 0, 0, 0, 0, 0, 1, 1, 0, 0, 2, 0, 0, 1, 1, 0, 0, 2, 0, 5, 1, 1, 1, 1, 1, 1, 1, 1]"
0,2,0.0,0.0,0.45454545454545453,1.0986123085021973,"[2, 2, 2, 2, 0, 2, 0, 0, 0, 0, 0]","[1, 2, 2, 2, 0, 2, 2, 2, 2, 1, 2]","[1, 1, 1, 1, 1, 1, 1, 1, 0, 2, 0, 0, 0, 1, 1, 0, 2, 0, 0, 0, 1, 1, 0, 2, 0, 0, 0, 1, 1, 0, 0, 0, 0, 0, 1, 1, 0, 2, 0, 0, 5, 1, 1, 1, 1, 1, 1, 1, 1]"
0,3,0.0,0.0,0.2727272727272727,1.0986123085021973,"[0, 0, 0, 0, 0, 0, 0, 2, 2, 0, 0]","[1, 2, 2, 2, 0, 2, 2, 2, 2, 1, 2]","[1, 1, 1, 1, 1, 1, 1, 1, 0, 0, 2, 0, 0, 1, 1, 0, 0, 2, 0, 0, 1, 1, 0, 0, 2, 0, 0, 1, 1, 0, 0, 0, 0, 0, 1, 1, 0, 0, 2, 0, 5, 1, 1, 1, 1, 1, 1, 1, 1]"
0,4,0.0,0.0,0.6,1.0986123085021973,"[2, 2, 1, 0, 2, 2, 2, 2, 2, 2]","[1, 2, 2, 2, 2, 0, 2, 2, 2, 2]","[1, 1, 1, 1, 1, 1, 1, 1, 0, 2, 0, 0, 0, 1, 1, 0, 2, 0, 0, 0, 1, 1, 0, 2, 0, 0, 0, 1, 1, 0, 2, 0, 0, 0, 1, 1, 0, 0, 0, 0, 5, 1, 1, 1, 1, 1, 1, 1, 1]"
0,5,0.0,0.0,0.7272727272727273,1.0986121892929077,"[2, 2, 0, 2, 2, 0, 2, 2, 2, 2, 2]","[2, 1, 2, 2, 2, 0, 2, 2, 2, 1, 2]","[1, 1, 1, 1, 1, 1, 1, 1, 0, 0, 0, 2, 0, 1, 1, 0, 0, 0, 2, 0, 1, 1, 0, 0, 0, 2, 0, 1, 1, 0, 0, 0, 0, 0, 1, 1, 0, 0, 0, 2, 5, 1, 1, 1, 1, 1, 1, 1, 1]"
0,6,0.0,0.0,0.09090909090909091,1.0986123072857759,"[1, 0, 1, 1, 0, 0, 1, 1, 0, 0, 1]","[2, 1, 2, 2, 0, 2, 2, 2, 1, 2, 2]","[1, 1, 1, 1, 1, 1, 1, 1, 0, 0, 0, 2, 0, 1, 1, 0, 0, 0, 2, 0, 1, 1, 0, 0, 0, 0, 0, 1, 1, 0, 0, 0, 2, 0, 1, 1, 0, 0, 0, 2, 5, 1, 1, 1, 1, 1, 1, 1, 1]"
0,7,0.0,0.0,0.18181818181818182,1.0986122786998749,"[1, 1, 1, 1, 1, 1, 1, 1, 1, 1, 1]","[1, 2, 2, 0, 2, 2, 2, 2, 1, 2, 2]","[1, 1, 1, 1, 1, 1, 1, 1, 0, 0, 2, 0, 0, 1, 1, 0, 0, 2, 0, 0, 1, 1, 0, 0, 0, 0, 0, 1, 1, 0, 0, 2, 0, 0, 1, 1, 0, 0, 2, 0, 5, 1, 1, 1, 1, 1, 1, 1, 1]"
0,8,0.0,0.0,0.18181818181818182,1.0986122786998749,"[1, 0, 1, 1, 0, 1, 0, 0, 0, 0, 2]","[2, 1, 2, 2, 0, 2, 2, 2, 1, 2, 2]","[1, 1, 1, 1, 1, 1, 1, 1, 0, 0, 0, 2, 0, 1, 1, 0, 0, 0, 2, 0, 1, 1, 0, 0, 0, 0, 0, 1, 1, 0, 0, 0, 2, 0, 1, 1, 0, 0, 0, 2, 5, 1, 1, 1, 1, 1, 1, 1, 1]"
0,9,0.0,0.0,0.5454545454545454,1.0986122488975525,"[0, 2, 0, 0, 2, 2, 0, 2, 1, 0, 0]","[1, 2, 2, 0, 2, 2, 2, 2, 1, 2, 2]","[1, 1, 1, 1, 1, 1, 1, 1, 0, 2, 0, 0, 0, 1, 1, 0, 2, 0, 0, 0, 1, 1, 0, 0, 0, 0, 0, 1, 1, 0, 2, 0, 0, 0, 1, 1, 0, 2, 0, 0, 5, 1, 1, 1, 1, 1, 1, 1, 1]"
0,10,0.0,0.0,0.45454545454545453,1.0986123078939867,"[1, 2, 0, 0, 1, 1, 1, 1, 2, 1, 1]","[1, 2, 0, 2, 2, 2, 2, 1, 2, 2, 2]","[1, 1, 1, 1, 1, 1, 1, 1, 0, 0, 2, 0, 0, 1, 1, 0, 0, 0, 0, 0, 1, 1, 0, 0, 2, 0, 0, 1, 1, 0, 0, 2, 0, 0, 1, 1, 0, 0, 2, 0, 5, 1, 1, 1, 1, 1, 1, 1, 1]"
0,11,0.0,0.0,0.3333333333333333,1.0986123078939867,"[0, 2, 2, 2, 0, 1, 0, 0, 0]","[2, 2, 2, 2, 1, 2, 2, 2, 2]","[1, 1, 1, 1, 1, 1, 1, 1, 0, 0, 0, 0, 0, 1, 1, 0, 2, 0, 0, 0, 1, 1, 0, 2, 0, 0, 0, 1, 1, 0, 2, 0, 0, 0, 1, 1, 0, 2, 0, 0, 5, 1, 1, 1, 1, 1, 1, 1, 1]"
0,12,0.0,0.0,0.2727272727272727,1.0986122687657673,"[2, 2, 1, 1, 2, 0, 1, 0, 0, 2, 0]","[1, 2, 2, 0, 2, 2, 2, 2, 1, 2, 2]","[1, 1, 1, 1, 1, 1, 1, 1, 0, 0, 2, 0, 0, 1, 1, 0, 0, 2, 0, 0, 1, 1, 0, 0, 0, 0, 0, 1, 1, 0, 0, 2, 0, 0, 1, 1, 0, 0, 2, 0, 5, 1, 1, 1, 1, 1, 1, 1, 1]"
0,13,0.0,0.0,0.2727272727272727,1.0986121309046843,"[1, 1, 1, 1, 1, 1, 0, 2, 1, 1, 1]","[2, 1, 2, 2, 2, 0, 2, 2, 2, 1, 2]","[1, 1, 1, 1, 1, 1, 1, 1, 0, 0, 0, 2, 0, 1, 1, 0, 0, 0, 2, 0, 1, 1, 0, 0, 0, 2, 0, 1, 1, 0, 0, 0, 0, 0, 1, 1, 0, 0, 0, 2, 5, 1, 1, 1, 1, 1, 1, 1, 1]"
0,14,0.0,0.0,0.3333333333333333,1.0986122786998749,"[2, 1, 1, 2, 1, 1, 1, 1, 1]","[2, 2, 2, 2, 1, 2, 2, 2, 2]","[1, 1, 1, 1, 1, 1, 1, 1, 0, 0, 0, 0, 0, 1, 1, 0, 0, 2, 0, 0, 1, 1, 0, 0, 2, 0, 0, 1, 1, 0, 0, 2, 0, 0, 1, 1, 0, 0, 2, 0, 5, 1, 1, 1, 1, 1, 1, 1, 1]"
0,15,0.0,0.0,0.5454545454545454,1.0986123085021973,"[1, 1, 1, 2, 2, 1, 2, 2, 1, 1, 2]","[1, 2, 2, 2, 0, 2, 2, 2, 2, 1, 2]","[1, 1, 1, 1, 1, 1, 1, 1, 0, 2, 0, 0, 0, 1, 1, 0, 2, 0, 0, 0, 1, 1, 0, 2, 0, 0, 0, 1, 1, 0, 0, 0, 0, 0, 1, 1, 0, 2, 0, 0, 5, 1, 1, 1, 1, 1, 1, 1, 1]"
0,16,0.0,0.0,0.0,1.0986123383045197,"[0, 0, 0, 0, 0, 0, 0, 0, 0]","[2, 2, 2, 2, 1, 2, 2, 2, 2]","[1, 1, 1, 1, 1, 1, 1, 1, 0, 0, 0, 0, 0, 1, 1, 0, 2, 0, 0, 0, 1, 1, 0, 2, 0, 0, 0, 1, 1, 0, 2, 0, 0, 0, 1, 1, 0, 2, 0, 0, 5, 1, 1, 1, 1, 1, 1, 1, 1]"
0,17,0.0,0.0,0.3,1.0986121886846971,"[0, 0, 0, 2, 2, 2, 1, 1, 1, 1]","[2, 1, 2, 2, 2, 2, 0, 2, 2, 2]","[1, 1, 1, 1, 1, 1, 1, 1, 0, 0, 0, 2, 0, 1, 1, 0, 0, 0, 2, 0, 1, 1, 0, 0, 0, 2, 0, 1, 1, 0, 0, 0, 2, 0, 1, 1, 0, 0, 0, 0, 5, 1, 1, 1, 1, 1, 1, 1, 1]"
0,18,0.0,0.0,0.4444444444444444,1.0986124258868548,"[1, 2, 1, 1, 1, 1, 2, 2, 1]","[2, 2, 2, 2, 1, 2, 2, 2, 2]","[1, 1, 1, 1, 1, 1, 1, 1, 0, 0, 0, 0, 0, 1, 1, 0, 0, 2, 0, 0, 1, 1, 0, 0, 2, 0, 0, 1, 1, 0, 0, 2, 0, 0, 1, 1, 0, 0, 2, 0, 5, 1, 1, 1, 1, 1, 1, 1, 1]"
0,19,0.0,0.0,0.36363636363636365,1.0986123085021973,"[1, 1, 1, 1, 1, 2, 1, 2, 2, 0, 2]","[1, 2, 2, 0, 2, 2, 2, 2, 1, 2, 2]","[1, 1, 1, 1, 1, 1, 1, 1, 0, 0, 2, 0, 0, 1, 1, 0, 0, 2, 0, 0, 1, 1, 0, 0, 0, 0, 0, 1, 1, 0, 0, 2, 0, 0, 1, 1, 0, 0, 2, 0, 5, 1, 1, 1, 1, 1, 1, 1, 1]"
1,0,0.0,0.0,0.1111111111111111,0.9476501643657684,"[1, 1, 1, 1, 1, 1, 1, 1, 1]","[2, 2, 2, 2, 1, 2, 2, 2, 2]","[1, 1, 1, 1, 1, 1, 1, 1, 0, 0, 0, 0, 0, 1, 1, 0, 0, 2, 0, 0, 1, 1, 0, 0, 2, 0, 0, 1, 1, 0, 0, 2, 0, 0, 1, 1, 0, 0, 2, 0, 5, 1, 1, 1, 1, 1, 1, 1, 1]"
1,1,0.0,0.0,0.1,0.8520055264234543,"[1, 1, 1, 1, 1, 1, 1, 1, 1, 1]","[1, 2, 2, 2, 2, 0, 2, 2, 2, 2]","[1, 1, 1, 1, 1, 1, 1, 1, 0, 0, 2, 0, 0, 1, 1, 0, 0, 2, 0, 0, 1, 1, 0, 0, 2, 0, 0, 1, 1, 0, 0, 2, 0, 0, 1, 1, 0, 0, 0, 0, 5, 1, 1, 1, 1, 1, 1, 1, 1]"
1,2,0.0,0.0,0.1111111111111111,0.6050014570355415,"[1, 1, 1, 1, 1, 1, 1, 1, 1]","[2, 2, 2, 2, 1, 2, 2, 2, 2]","[1, 1, 1, 1, 1, 1, 1, 1, 0, 0, 0, 0, 0, 1, 1, 0, 0, 0, 2, 0, 1, 1, 0, 0, 0, 2, 0, 1, 1, 0, 0, 0, 2, 0, 1, 1, 0, 0, 0, 2, 5, 1, 1, 1, 1, 1, 1, 1, 1]"
1,3,0.0,0.0,0.4444444444444444,0.5189866645603763,"[2, 1, 2, 1, 2, 2, 1, 2, 1]","[2, 2, 2, 2, 1, 2, 2, 2, 2]","[1, 1, 1, 1, 1, 1, 1, 1, 0, 0, 0, 0, 0, 1, 1, 0, 0, 2, 0, 0, 1, 1, 0, 0, 2, 0, 0, 1, 1, 0, 0, 2, 0, 0, 1, 1, 0, 0, 2, 0, 5, 1, 1, 1, 1, 1, 1, 1, 1]"
1,4,0.0,0.0,0.4,0.8372708559036255,"[2, 2, 1, 2, 1, 2, 2, 1, 2, 1]","[1, 2, 2, 2, 2, 0, 2, 2, 2, 2]","[1, 1, 1, 1, 1, 1, 1, 1, 0, 0, 2, 0, 0, 1, 1, 0, 0, 2, 0, 0, 1, 1, 0, 0, 2, 0, 0, 1, 1, 0, 0, 2, 0, 0, 1, 1, 0, 0, 0, 0, 5, 1, 1, 1, 1, 1, 1, 1, 1]"
1,5,0.0,0.0,0.1111111111111111,0.8430376499891281,"[1, 1, 1, 1, 1, 1, 1, 1, 1]","[2, 2, 2, 2, 1, 2, 2, 2, 2]","[1, 1, 1, 1, 1, 1, 1, 1, 0, 0, 0, 0, 0, 1, 1, 0, 0, 0, 2, 0, 1, 1, 0, 0, 0, 2, 0, 1, 1, 0, 0, 0, 2, 0, 1, 1, 0, 0, 0, 2, 5, 1, 1, 1, 1, 1, 1, 1, 1]"
1,6,0.0,0.0,0.18181818181818182,0.9443923234939575,"[1, 1, 1, 1, 1, 1, 1, 1, 1, 1, 1]","[1, 2, 0, 2, 2, 2, 2, 1, 2, 2, 2]","[1, 1, 1, 1, 1, 1, 1, 1, 0, 0, 2, 0, 0, 1, 1, 0, 0, 0, 0, 0, 1, 1, 0, 0, 2, 0, 0, 1, 1, 0, 0, 2, 0, 0, 1, 1, 0, 0, 2, 0, 5, 1, 1, 1, 1, 1, 1, 1, 1]"
1,7,0.0,0.0,0.36363636363636365,0.7976866960525513,"[2, 2, 1, 2, 1, 2, 1, 2, 1, 2, 1]","[1, 2, 2, 2, 0, 2, 2, 2, 2, 1, 2]","[1, 1, 1, 1, 1, 1, 1, 1, 0, 0, 2, 0, 0, 1, 1, 0, 0, 2, 0, 0, 1, 1, 0, 0, 2, 0, 0, 1, 1, 0, 0, 0, 0, 0, 1, 1, 0, 0, 2, 0, 5, 1, 1, 1, 1, 1, 1, 1, 1]"
1,8,0.0,0.0,0.45454545454545453,0.9185268878936768,"[2, 1, 2, 1, 1, 2, 1, 2, 1, 2, 1]","[2, 1, 2, 0, 2, 2, 2, 1, 2, 2, 2]","[1, 1, 1, 1, 1, 1, 1, 1, 0, 0, 0, 2, 0, 1, 1, 0, 0, 0, 0, 0, 1, 1, 0, 0, 0, 2, 0, 1, 1, 0, 0, 0, 2, 0, 1, 1, 0, 0, 0, 2, 5, 1, 1, 1, 1, 1, 1, 1, 1]"
1,9,0.0,0.0,0.36363636363636365,0.522396840003072,"[2, 2, 1, 2, 2, 1, 2, 1, 2, 2, 1]","[1, 2, 2, 0, 2, 2, 2, 2, 1, 2, 2]","[1, 1, 1, 1, 1, 1, 1, 1, 0, 0, 2, 0, 0, 1, 1, 0, 0, 2, 0, 0, 1, 1, 0, 0, 0, 0, 0, 1, 1, 0, 0, 2, 0, 0, 1, 1, 0, 0, 2, 0, 5, 1, 1, 1, 1, 1, 1, 1, 1]"
1,10,0.0,0.0,0.18181818181818182,0.8265271931886673,"[1, 1, 1, 1, 1, 1, 1, 1, 1, 1, 1]","[1, 2, 0, 2, 2, 2, 2, 1, 2, 2, 2]","[1, 1, 1, 1, 1, 1, 1, 1, 0, 2, 0, 0, 0, 1, 1, 0, 0, 0, 0, 0, 1, 1, 0, 2, 0, 0, 0, 1, 1, 0, 2, 0, 0, 0, 1, 1, 0, 2, 0, 0, 5, 1, 1, 1, 1, 1, 1, 1, 1]"
1,11,0.0,0.0,0.36363636363636365,0.48350776108551996,"[2, 2, 1, 2, 2, 1, 2, 1, 2, 2, 1]","[1, 2, 2, 0, 2, 2, 2, 2, 1, 2, 2]","[1, 1, 1, 1, 1, 1, 1, 1, 0, 2, 0, 0, 0, 1, 1, 0, 2, 0, 0, 0, 1, 1, 0, 0, 0, 0, 0, 1, 1, 0, 2, 0, 0, 0, 1, 1, 0, 2, 0, 0, 5, 1, 1, 1, 1, 1, 1, 1, 1]"
1,12,0.0,0.0,0.4444444444444444,0.5150096080436999,"[2, 1, 2, 1, 2, 2, 1, 2, 1]","[2, 2, 2, 2, 1, 2, 2, 2, 2]","[1, 1, 1, 1, 1, 1, 1, 1, 0, 0, 0, 0, 0, 1, 1, 0, 2, 0, 0, 0, 1, 1, 0, 2, 0, 0, 0, 1, 1, 0, 2, 0, 0, 0, 1, 1, 0, 2, 0, 0, 5, 1, 1, 1, 1, 1, 1, 1, 1]"
1,13,0.0,0.0,0.1111111111111111,0.6316296681761742,"[1, 1, 1, 1, 1, 1, 1, 1, 1]","[2, 2, 2, 2, 1, 2, 2, 2, 2]","[1, 1, 1, 1, 1, 1, 1, 1, 0, 0, 0, 0, 0, 1, 1, 0, 0, 0, 2, 0, 1, 1, 0, 0, 0, 2, 0, 1, 1, 0, 0, 0, 2, 0, 1, 1, 0, 0, 0, 2, 5, 1, 1, 1, 1, 1, 1, 1, 1]"
1,14,0.0,0.0,0.18181818181818182,0.9485986828804016,"[1, 1, 1, 1, 1, 1, 1, 1, 1, 1, 1]","[1, 2, 2, 0, 2, 2, 2, 2, 1, 2, 2]","[1, 1, 1, 1, 1, 1, 1, 1, 0, 0, 2, 0, 0, 1, 1, 0, 0, 2, 0, 0, 1, 1, 0, 0, 0, 0, 0, 1, 1, 0, 0, 2, 0, 0, 1, 1, 0, 0, 2, 0, 5, 1, 1, 1, 1, 1, 1, 1, 1]"
1,15,0.0,0.0,0.1111111111111111,0.9544988423585892,"[1, 1, 1, 1, 1, 1, 1, 1, 1]","[2, 2, 2, 2, 1, 2, 2, 2, 2]","[1, 1, 1, 1, 1, 1, 1, 1, 0, 0, 0, 0, 0, 1, 1, 0, 0, 0, 2, 0, 1, 1, 0, 0, 0, 2, 0, 1, 1, 0, 0, 0, 2, 0, 1, 1, 0, 0, 0, 2, 5, 1, 1, 1, 1, 1, 1, 1, 1]"
1,16,0.0,0.0,0.18181818181818182,0.6397630795836449,"[1, 1, 1, 1, 1, 1, 1, 1, 1, 1, 1]","[2, 1, 2, 2, 2, 0, 2, 2, 2, 1, 2]","[1, 1, 1, 1, 1, 1, 1, 1, 0, 0, 0, 2, 0, 1, 1, 0, 0, 0, 2, 0, 1, 1, 0, 0, 0, 2, 0, 1, 1, 0, 0, 0, 0, 0, 1, 1, 0, 0, 0, 2, 5, 1, 1, 1, 1, 1, 1, 1, 1]"
1,17,0.0,0.0,0.1111111111111111,0.5983394384384155,"[1, 1, 1, 1, 1, 1, 1, 1, 1]","[2, 2, 2, 2, 1, 2, 2, 2, 2]","[1, 1, 1, 1, 1, 1, 1, 1, 0, 0, 0, 0, 0, 1, 1, 0, 0, 2, 0, 0, 1, 1, 0, 0, 2, 0, 0, 1, 1, 0, 0, 2, 0, 0, 1, 1, 0, 0, 2, 0, 5, 1, 1, 1, 1, 1, 1, 1, 1]"
1,18,0.0,0.0,0.1111111111111111,0.8260894417762756,"[1, 1, 1, 1, 1, 1, 1, 1, 1]","[2, 2, 2, 2, 1, 2, 2, 2, 2]","[1, 1, 1, 1, 1, 1, 1, 1, 0, 0, 0, 0, 0, 1, 1, 0, 0, 2, 0, 0, 1, 1, 0, 0, 2, 0, 0, 1, 1, 0, 0, 2, 0, 0, 1, 1, 0, 0, 2, 0, 5, 1, 1, 1, 1, 1, 1, 1, 1]"
1,19,0.0,0.0,0.4,0.6049684489868126,"[2, 2, 1, 2, 1, 2, 2, 1, 2, 1]","[1, 2, 2, 2, 2, 0, 2, 2, 2, 2]","[1, 1, 1, 1, 1, 1, 1, 1, 0, 0, 2, 0, 0, 1, 1, 0, 0, 2, 0, 0, 1, 1, 0, 0, 2, 0, 0, 1, 1, 0, 0, 2, 0, 0, 1, 1, 0, 0, 0, 0, 5, 1, 1, 1, 1, 1, 1, 1, 1]"
2,0,0.0,0.0,0.45454545454545453,0.4653048915978597,"[1, 2, 1, 2, 2, 0, 1, 2, 2, 2, 1]","[1, 2, 2, 2, 0, 2, 2, 2, 2, 1, 2]","[1, 1, 1, 1, 1, 1, 1, 1, 0, 2, 0, 0, 0, 1, 1, 0, 2, 0, 0, 0, 1, 1, 0, 2, 0, 0, 0, 1, 1, 0, 0, 0, 0, 0, 1, 1, 0, 2, 0, 0, 5, 1, 1, 1, 1, 1, 1, 1, 1]"
2,1,0.0,0.0,0.3,0.5898939822705425,"[1, 1, 1, 1, 2, 1, 2, 1, 2, 1]","[2, 1, 2, 2, 2, 2, 0, 2, 2, 2]","[1, 1, 1, 1, 1, 1, 1, 1, 0, 0, 0, 2, 0, 1, 1, 0, 0, 0, 2, 0, 1, 1, 0, 0, 0, 2, 0, 1, 1, 0, 0, 0, 2, 0, 1, 1, 0, 0, 0, 0, 5, 1, 1, 1, 1, 1, 1, 1, 1]"
2,2,0.0,0.0,0.2727272727272727,0.769286747793762,"[1, 1, 1, 1, 1, 1, 1, 1, 2, 1, 1]","[2, 1, 2, 2, 2, 0, 2, 2, 2, 1, 2]","[1, 1, 1, 1, 1, 1, 1, 1, 0, 0, 0, 2, 0, 1, 1, 0, 0, 0, 2, 0, 1, 1, 0, 0, 0, 2, 0, 1, 1, 0, 0, 0, 0, 0, 1, 1, 0, 0, 0, 2, 5, 1, 1, 1, 1, 1, 1, 1, 1]"
2,3,0.0,0.0,0.5555555555555556,0.2733798794904534,"[2, 1, 2, 2, 2, 2, 1, 2, 0]","[2, 2, 2, 2, 1, 2, 2, 2, 2]","[1, 1, 1, 1, 1, 1, 1, 1, 0, 0, 0, 0, 0, 1, 1, 0, 2, 0, 0, 0, 1, 1, 0, 2, 0, 0, 0, 1, 1, 0, 2, 0, 0, 0, 1, 1, 0, 2, 0, 0, 5, 1, 1, 1, 1, 1, 1, 1, 1]"
2,4,0.0,0.0,0.3333333333333333,0.354812929824907,"[1, 1, 2, 2, 2, 1, 1, 2, 1]","[2, 2, 2, 2, 1, 2, 2, 2, 2]","[1, 1, 1, 1, 1, 1, 1, 1, 0, 0, 0, 0, 0, 1, 1, 0, 0, 0, 2, 0, 1, 1, 0, 0, 0, 2, 0, 1, 1, 0, 0, 0, 2, 0, 1, 1, 0, 0, 0, 2, 5, 1, 1, 1, 1, 1, 1, 1, 1]"
2,5,0.0,0.0,0.45454545454545453,0.7434657000157298,"[1, 2, 1, 1, 1, 2, 2, 2, 1, 2, 1]","[1, 2, 0, 2, 2, 2, 2, 1, 2, 2, 2]","[1, 1, 1, 1, 1, 1, 1, 1, 0, 0, 2, 0, 0, 1, 1, 0, 0, 0, 0, 0, 1, 1, 0, 0, 2, 0, 0, 1, 1, 0, 0, 2, 0, 0, 1, 1, 0, 0, 2, 0, 5, 1, 1, 1, 1, 1, 1, 1, 1]"
2,6,0.0,0.0,0.18181818181818182,0.16483093798160553,"[2, 1, 1, 2, 2, 1, 1, 1, 1, 2, 2]","[1, 2, 2, 2, 0, 2, 2, 2, 2, 1, 2]","[1, 1, 1, 1, 1, 1, 1, 1, 0, 0, 2, 0, 0, 1, 1, 0, 0, 2, 0, 0, 1, 1, 0, 0, 2, 0, 0, 1, 1, 0, 0, 0, 0, 0, 1, 1, 0, 0, 2, 0, 5, 1, 1, 1, 1, 1, 1, 1, 1]"
2,7,0.0,0.0,0.45454545454545453,0.4473429096444529,"[1, 2, 1, 2, 2, 0, 1, 2, 2, 2, 1]","[1, 2, 2, 2, 0, 2, 2, 2, 2, 1, 2]","[1, 1, 1, 1, 1, 1, 1, 1, 0, 2, 0, 0, 0, 1, 1, 0, 2, 0, 0, 0, 1, 1, 0, 2, 0, 0, 0, 1, 1, 0, 0, 0, 0, 0, 1, 1, 0, 2, 0, 0, 5, 1, 1, 1, 1, 1, 1, 1, 1]"
2,8,0.0,0.0,0.0,0.5915029594788745,"[1, 1, 1, 1, 2, 1, 1, 1, 1]","[2, 2, 2, 2, 1, 2, 2, 2, 2]","[1, 1, 1, 1, 1, 1, 1, 1, 0, 0, 0, 0, 0, 1, 1, 0, 0, 0, 2, 0, 1, 1, 0, 0, 0, 2, 0, 1, 1, 0, 0, 0, 2, 0, 1, 1, 0, 0, 0, 2, 5, 1, 1, 1, 1, 1, 1, 1, 1]"
2,9,0.0,0.0,0.2727272727272727,0.593066893061813,"[1, 1, 1, 2, 1, 1, 1, 2, 1, 2, 1]","[1, 2, 2, 2, 0, 2, 2, 2, 2, 1, 2]","[1, 1, 1, 1, 1, 1, 1, 1, 0, 2, 0, 0, 0, 1, 1, 0, 2, 0, 0, 0, 1, 1, 0, 2, 0, 0, 0, 1, 1, 0, 0, 0, 0, 0, 1, 1, 0, 2, 0, 0, 5, 1, 1, 1, 1, 1, 1, 1, 1]"
2,10,0.0,0.0,0.3333333333333333,0.45845105514234424,"[1, 1, 2, 2, 2, 1, 1, 2, 1]","[2, 2, 2, 2, 1, 2, 2, 2, 2]","[1, 1, 1, 1, 1, 1, 1, 1, 0, 0, 0, 0, 0, 1, 1, 0, 0, 0, 2, 0, 1, 1, 0, 0, 0, 2, 0, 1, 1, 0, 0, 0, 2, 0, 1, 1, 0, 0, 0, 2, 5, 1, 1, 1, 1, 1, 1, 1, 1]"
2,11,0.0,0.0,0.0,0.7736933638854903,"[1, 1, 1, 1, 2, 1, 1, 1, 1]","[2, 2, 2, 2, 1, 2, 2, 2, 2]","[1, 1, 1, 1, 1, 1, 1, 1, 0, 0, 0, 0, 0, 1, 1, 0, 0, 0, 2, 0, 1, 1, 0, 0, 0, 2, 0, 1, 1, 0, 0, 0, 2, 0, 1, 1, 0, 0, 0, 2, 5, 1, 1, 1, 1, 1, 1, 1, 1]"
2,12,0.0,0.954081654548645,0.36363636363636365,0.586759725167435,"[1, 1, 2, 1, 0, 1, 1, 1, 1, 1, 1]","[1, 2, 2, 2, 0, 2, 2, 2, 2, 1, 2]","[1, 1, 1, 1, 1, 1, 1, 1, 0, 0, 2, 0, 0, 1, 1, 0, 0, 2, 0, 0, 1, 1, 0, 0, 2, 0, 0, 1, 1, 0, 0, 0, 0, 0, 1, 1, 0, 0, 2, 0, 5, 1, 1, 1, 1, 1, 1, 1, 1]"
2,13,0.0,0.0,0.45454545454545453,0.8057590656134547,"[1, 2, 2, 1, 0, 1, 1, 1, 1, 1, 1]","[1, 2, 2, 2, 0, 2, 2, 2, 2, 1, 2]","[1, 1, 1, 1, 1, 1, 1, 1, 0, 2, 0, 0, 0, 1, 1, 0, 2, 0, 0, 0, 1, 1, 0, 2, 0, 0, 0, 1, 1, 0, 0, 0, 0, 0, 1, 1, 0, 2, 0, 0, 5, 1, 1, 1, 1, 1, 1, 1, 1]"
2,14,0.0,0.0,0.2727272727272727,0.6044163565550532,"[1, 2, 2, 1, 1, 2, 1, 2, 1, 1, 1]","[1, 2, 0, 2, 2, 2, 2, 1, 2, 2, 2]","[1, 1, 1, 1, 1, 1, 1, 1, 0, 0, 2, 0, 0, 1, 1, 0, 0, 0, 0, 0, 1, 1, 0, 0, 2, 0, 0, 1, 1, 0, 0, 2, 0, 0, 1, 1, 0, 0, 2, 0, 5, 1, 1, 1, 1, 1, 1, 1, 1]"
2,15,0.0,0.0,0.3,0.5982974194446389,"[1, 1, 1, 1, 2, 1, 2, 1, 2, 1]","[2, 1, 2, 2, 2, 2, 0, 2, 2, 2]","[1, 1, 1, 1, 1, 1, 1, 1, 0, 0, 0, 2, 0, 1, 1, 0, 0, 0, 2, 0, 1, 1, 0, 0, 0, 2, 0, 1, 1, 0, 0, 0, 2, 0, 1, 1, 0, 0, 0, 0, 5, 1, 1, 1, 1, 1, 1, 1, 1]"
2,16,0.0,0.0,0.36363636363636365,0.5134598358097126,"[1, 2, 1, 2, 1, 1, 2, 2, 2, 0, 1]","[1, 2, 2, 0, 2, 2, 2, 2, 1, 2, 2]","[1, 1, 1, 1, 1, 1, 1, 1, 0, 0, 2, 0, 0, 1, 1, 0, 0, 2, 0, 0, 1, 1, 0, 0, 0, 0, 0, 1, 1, 0, 0, 2, 0, 0, 1, 1, 0, 0, 2, 0, 5, 1, 1, 1, 1, 1, 1, 1, 1]"
2,17,0.0,0.0,0.36363636363636365,0.20749759674072266,"[2, 1, 1, 1, 1, 1, 1, 1, 2, 2, 2]","[2, 1, 2, 2, 0, 2, 2, 2, 1, 2, 2]","[1, 1, 1, 1, 1, 1, 1, 1, 0, 0, 0, 2, 0, 1, 1, 0, 0, 0, 2, 0, 1, 1, 0, 0, 0, 0, 0, 1, 1, 0, 0, 0, 2, 0, 1, 1, 0, 0, 0, 2, 5, 1, 1, 1, 1, 1, 1, 1, 1]"
2,18,0.0,0.0,0.2727272727272727,0.6878533363342285,"[1, 0, 2, 1, 1, 1, 1, 1, 1, 1, 1]","[1, 2, 2, 0, 2, 2, 2, 2, 1, 2, 2]","[1, 1, 1, 1, 1, 1, 1, 1, 0, 0, 2, 0, 0, 1, 1, 0, 0, 2, 0, 0, 1, 1, 0, 0, 0, 0, 0, 1, 1, 0, 0, 2, 0, 0, 1, 1, 0, 0, 2, 0, 5, 1, 1, 1, 1, 1, 1, 1, 1]"
2,19,0.0,0.0,0.36363636363636365,0.7982994579539007,"[1, 2, 2, 1, 1, 1, 1, 1, 1, 1, 1]","[1, 2, 2, 0, 2, 2, 2, 2, 1, 2, 2]","[1, 1, 1, 1, 1, 1, 1, 1, 0, 2, 0, 0, 0, 1, 1, 0, 2, 0, 0, 0, 1, 1, 0, 0, 0, 0, 0, 1, 1, 0, 2, 0, 0, 0, 1, 1, 0, 2, 0, 0, 5, 1, 1, 1, 1, 1, 1, 1, 1]"
3,0,0.0,0.0,0.7272727272727273,0.47109655743198736,"[1, 2, 2, 2, 2, 1, 2, 2, 2, 1, 1]","[1, 2, 2, 2, 0, 2, 2, 2, 2, 1, 2]","[1, 1, 1, 1, 1, 1, 1, 1, 0, 0, 2, 0, 0, 1, 1, 0, 0, 2, 0, 0, 1, 1, 0, 0, 2, 0, 0, 1, 1, 0, 0, 0, 0, 0, 1, 1, 0, 0, 2, 0, 5, 1, 1, 1, 1, 1, 1, 1, 1]"
3,1,0.0,0.0,0.6,0.3998003522960507,"[1, 2, 1, 1, 2, 2, 2, 1, 2, 2]","[1, 2, 2, 2, 2, 0, 2, 2, 2, 2]","[1, 1, 1, 1, 1, 1, 1, 1, 0, 2, 0, 0, 0, 1, 1, 0, 2, 0, 0, 0, 1, 1, 0, 2, 0, 0, 0, 1, 1, 0, 2, 0, 0, 0, 1, 1, 0, 0, 0, 0, 5, 1, 1, 1, 1, 1, 1, 1, 1]"
3,2,0.0,0.9586734771728516,1.0,0.6263274438679218,"[2, 2, 2, 2, 1, 2, 2, 2, 2]","[2, 2, 2, 2, 1, 2, 2, 2, 2]","[1, 1, 1, 1, 1, 1, 1, 1, 0, 0, 0, 0, 0, 1, 1, 0, 0, 2, 0, 0, 1, 1, 0, 0, 2, 0, 0, 1, 1, 0, 0, 2, 0, 0, 1, 1, 0, 0, 2, 0, 5, 1, 1, 1, 1, 1, 1, 1, 1]"
3,3,0.0,0.0,0.1111111111111111,0.2831619419157505,"[1, 1, 1, 1, 1, 1, 1, 1, 1]","[2, 2, 2, 2, 1, 2, 2, 2, 2]","[1, 1, 1, 1, 1, 1, 1, 1, 0, 0, 0, 0, 0, 1, 1, 0, 0, 2, 0, 0, 1, 1, 0, 0, 2, 0, 0, 1, 1, 0, 0, 2, 0, 0, 1, 1, 0, 0, 2, 0, 5, 1, 1, 1, 1, 1, 1, 1, 1]"
3,4,0.0,0.0,0.6666666666666666,0.39259505233898456,"[2, 1, 2, 2, 2, 2, 1, 2, 2]","[2, 2, 2, 2, 1, 2, 2, 2, 2]","[1, 1, 1, 1, 1, 1, 1, 1, 0, 0, 0, 0, 0, 1, 1, 0, 2, 0, 0, 0, 1, 1, 0, 2, 0, 0, 0, 1, 1, 0, 2, 0, 0, 0, 1, 1, 0, 2, 0, 0, 5, 1, 1, 1, 1, 1, 1, 1, 1]"
3,5,0.0,0.0,0.18181818181818182,0.34188931062817574,"[1, 1, 2, 1, 1, 1, 1, 1, 1, 1, 1]","[1, 2, 0, 2, 2, 2, 2, 1, 2, 2, 2]","[1, 1, 1, 1, 1, 1, 1, 1, 0, 0, 2, 0, 0, 1, 1, 0, 0, 0, 0, 0, 1, 1, 0, 0, 2, 0, 0, 1, 1, 0, 0, 2, 0, 0, 1, 1, 0, 0, 2, 0, 5, 1, 1, 1, 1, 1, 1, 1, 1]"
3,6,0.0,0.0,0.6666666666666666,0.4044329323330704,"[2, 1, 2, 2, 2, 2, 1, 2, 2]","[2, 2, 2, 2, 1, 2, 2, 2, 2]","[1, 1, 1, 1, 1, 1, 1, 1, 0, 0, 0, 0, 0, 1, 1, 0, 0, 2, 0, 0, 1, 1, 0, 0, 2, 0, 0, 1, 1, 0, 0, 2, 0, 0, 1, 1, 0, 0, 2, 0, 5, 1, 1, 1, 1, 1, 1, 1, 1]"
3,7,0.9586734771728516,0.0,0.7777777777777778,0.6760600922363145,"[2, 2, 2, 2, 1, 1, 1, 2, 2]","[2, 2, 2, 2, 1, 2, 2, 2, 2]","[1, 1, 1, 1, 1, 1, 1, 1, 0, 0, 0, 0, 0, 1, 1, 0, 0, 0, 2, 0, 1, 1, 0, 0, 0, 2, 0, 1, 1, 0, 0, 0, 2, 0, 1, 1, 0, 0, 0, 2, 5, 1, 1, 1, 1, 1, 1, 1, 1]"
3,8,0.0,0.0,0.6363636363636364,0.7861089287515806,"[1, 1, 1, 1, 1, 2, 2, 1, 2, 2, 2]","[1, 2, 0, 2, 2, 2, 2, 1, 2, 2, 2]","[1, 1, 1, 1, 1, 1, 1, 1, 0, 2, 0, 0, 0, 1, 1, 0, 0, 0, 0, 0, 1, 1, 0, 2, 0, 0, 0, 1, 1, 0, 2, 0, 0, 0, 1, 1, 0, 2, 0, 0, 5, 1, 1, 1, 1, 1, 1, 1, 1]"
3,9,0.0,0.0,1.0,0.6227512508630753,"[2, 2, 2, 2, 1, 2, 2, 2, 2]","[2, 2, 2, 2, 1, 2, 2, 2, 2]","[1, 1, 1, 1, 1, 1, 1, 1, 0, 0, 0, 0, 0, 1, 1, 0, 2, 0, 0, 0, 1, 1, 0, 2, 0, 0, 0, 1, 1, 0, 2, 0, 0, 0, 1, 1, 0, 2, 0, 0, 5, 1, 1, 1, 1, 1, 1, 1, 1]"
3,10,0.0,0.0,0.1,0.3222571909427643,"[1, 1, 1, 1, 1, 1, 1, 1, 1, 1]","[2, 1, 2, 2, 2, 2, 0, 2, 2, 2]","[1, 1, 1, 1, 1, 1, 1, 1, 0, 0, 0, 2, 0, 1, 1, 0, 0, 0, 2, 0, 1, 1, 0, 0, 0, 2, 0, 1, 1, 0, 0, 0, 2, 0, 1, 1, 0, 0, 0, 0, 5, 1, 1, 1, 1, 1, 1, 1, 1]"
3,11,0.0,0.0,0.36363636363636365,0.8151353316391077,"[1, 1, 1, 1, 1, 1, 1, 0, 1, 2, 2]","[2, 1, 2, 2, 0, 2, 2, 2, 1, 2, 2]","[1, 1, 1, 1, 1, 1, 1, 1, 0, 0, 0, 2, 0, 1, 1, 0, 0, 0, 2, 0, 1, 1, 0, 0, 0, 0, 0, 1, 1, 0, 0, 0, 2, 0, 1, 1, 0, 0, 0, 2, 5, 1, 1, 1, 1, 1, 1, 1, 1]"
3,12,0.0,0.0,0.5454545454545454,0.3753778492670734,"[2, 2, 1, 2, 1, 2, 2, 2, 1, 2, 2]","[1, 2, 0, 2, 2, 2, 2, 1, 2, 2, 2]","[1, 1, 1, 1, 1, 1, 1, 1, 0, 0, 2, 0, 0, 1, 1, 0, 0, 0, 0, 0, 1, 1, 0, 0, 2, 0, 0, 1, 1, 0, 0, 2, 0, 0, 1, 1, 0, 0, 2, 0, 5, 1, 1, 1, 1, 1, 1, 1, 1]"
3,13,0.0,0.0,0.9,0.8246193639553931,"[1, 2, 2, 2, 2, 2, 2, 2, 2, 2]","[1, 2, 2, 2, 2, 0, 2, 2, 2, 2]","[1, 1, 1, 1, 1, 1, 1, 1, 0, 0, 2, 0, 0, 1, 1, 0, 0, 2, 0, 0, 1, 1, 0, 0, 2, 0, 0, 1, 1, 0, 0, 2, 0, 0, 1, 1, 0, 0, 0, 0, 5, 1, 1, 1, 1, 1, 1, 1, 1]"
3,14,0.0,0.0,0.45454545454545453,0.6682002954185009,"[2, 1, 1, 1, 1, 2, 1, 1, 2, 1, 2]","[2, 1, 2, 2, 2, 0, 2, 2, 2, 1, 2]","[1, 1, 1, 1, 1, 1, 1, 1, 0, 0, 0, 2, 0, 1, 1, 0, 0, 0, 2, 0, 1, 1, 0, 0, 0, 2, 0, 1, 1, 0, 0, 0, 0, 0, 1, 1, 0, 0, 0, 2, 5, 1, 1, 1, 1, 1, 1, 1, 1]"
3,15,0.0,0.0,0.2727272727272727,0.999808751189207,"[1, 2, 2, 1, 1, 1, 1, 1, 1, 1, 1]","[1, 2, 0, 2, 2, 2, 2, 1, 2, 2, 2]","[1, 1, 1, 1, 1, 1, 1, 1, 0, 2, 0, 0, 0, 1, 1, 0, 0, 0, 0, 0, 1, 1, 0, 2, 0, 0, 0, 1, 1, 0, 2, 0, 0, 0, 1, 1, 0, 2, 0, 0, 5, 1, 1, 1, 1, 1, 1, 1, 1]"
3,16,0.0,0.0,0.2727272727272727,0.40132226794958115,"[1, 1, 2, 1, 1, 1, 1, 1, 1, 1, 1]","[1, 2, 2, 2, 0, 2, 2, 2, 2, 1, 2]","[1, 1, 1, 1, 1, 1, 1, 1, 0, 0, 2, 0, 0, 1, 1, 0, 0, 2, 0, 0, 1, 1, 0, 0, 2, 0, 0, 1, 1, 0, 0, 0, 0, 0, 1, 1, 0, 0, 2, 0, 5, 1, 1, 1, 1, 1, 1, 1, 1]"
3,17,0.0,0.0,0.7272727272727273,0.38538014822240385,"[1, 2, 1, 1, 2, 2, 2, 2, 2, 2, 2]","[1, 2, 2, 0, 2, 2, 2, 2, 1, 2, 2]","[1, 1, 1, 1, 1, 1, 1, 1, 0, 2, 0, 0, 0, 1, 1, 0, 2, 0, 0, 0, 1, 1, 0, 0, 0, 0, 0, 1, 1, 0, 2, 0, 0, 0, 1, 1, 0, 2, 0, 0, 5, 1, 1, 1, 1, 1, 1, 1, 1]"
3,18,0.0,0.0,0.18181818181818182,0.3941544480621815,"[1, 1, 0, 1, 1, 1, 1, 1, 1, 1, 1]","[1, 2, 2, 2, 0, 2, 2, 2, 2, 1, 2]","[1, 1, 1, 1, 1, 1, 1, 1, 0, 2, 0, 0, 0, 1, 1, 0, 2, 0, 0, 0, 1, 1, 0, 2, 0, 0, 0, 1, 1, 0, 0, 0, 0, 0, 1, 1, 0, 2, 0, 0, 5, 1, 1, 1, 1, 1, 1, 1, 1]"
3,19,0.0,0.0,0.18181818181818182,0.3349497001618147,"[1, 1, 1, 1, 1, 1, 1, 1, 1, 1, 1]","[1, 2, 2, 2, 0, 2, 2, 2, 2, 1, 2]","[1, 1, 1, 1, 1, 1, 1, 1, 0, 2, 0, 0, 0, 1, 1, 0, 2, 0, 0, 0, 1, 1, 0, 2, 0, 0, 0, 1, 1, 0, 0, 0, 0, 0, 1, 1, 0, 2, 0, 0, 5, 1, 1, 1, 1, 1, 1, 1, 1]"
4,0,0.9586734771728516,0.0,0.2,0.4250557102638354,"[2, 2, 1, 1, 1, 2, 1, 1, 1, 1]","[2, 1, 2, 2, 2, 2, 0, 2, 2, 2]","[1, 1, 1, 1, 1, 1, 1, 1, 0, 0, 0, 2, 0, 1, 1, 0, 0, 0, 2, 0, 1, 1, 0, 0, 0, 2, 0, 1, 1, 0, 0, 0, 2, 0, 1, 1, 0, 0, 0, 0, 5, 1, 1, 1, 1, 1, 1, 1, 1]"
4,1,0.0,0.0,0.2727272727272727,0.2304409071803093,"[1, 1, 2, 2, 1, 1, 1, 1, 1, 1, 1]","[1, 2, 2, 0, 2, 2, 2, 2, 1, 2, 2]","[1, 1, 1, 1, 1, 1, 1, 1, 0, 0, 2, 0, 0, 1, 1, 0, 0, 2, 0, 0, 1, 1, 0, 0, 0, 0, 0, 1, 1, 0, 0, 2, 0, 0, 1, 1, 0, 0, 2, 0, 5, 1, 1, 1, 1, 1, 1, 1, 1]"
4,2,0.0,0.0,0.5454545454545454,1.064463518635959,"[2, 2, 1, 1, 2, 1, 2, 2, 2, 2, 2]","[2, 1, 2, 0, 2, 2, 2, 1, 2, 2, 2]","[1, 1, 1, 1, 1, 1, 1, 1, 0, 0, 0, 2, 0, 1, 1, 0, 0, 0, 0, 0, 1, 1, 0, 0, 0, 2, 0, 1, 1, 0, 0, 0, 2, 0, 1, 1, 0, 0, 0, 2, 5, 1, 1, 1, 1, 1, 1, 1, 1]"
4,3,0.0,0.0,0.45454545454545453,0.49897020272910597,"[0, 0, 0, 0, 0, 0, 2, 0, 2, 2, 2]","[2, 1, 2, 0, 2, 2, 2, 1, 2, 2, 2]","[1, 1, 1, 1, 1, 1, 1, 1, 0, 0, 0, 2, 0, 1, 1, 0, 0, 0, 0, 0, 1, 1, 0, 0, 0, 2, 0, 1, 1, 0, 0, 0, 2, 0, 1, 1, 0, 0, 0, 2, 5, 1, 1, 1, 1, 1, 1, 1, 1]"
4,4,0.0,0.0,0.36363636363636365,0.47407483756542207,"[0, 2, 2, 0, 2, 2, 0, 0, 2, 0, 0]","[1, 2, 2, 2, 0, 2, 2, 2, 2, 1, 2]","[1, 1, 1, 1, 1, 1, 1, 1, 0, 2, 0, 0, 0, 1, 1, 0, 2, 0, 0, 0, 1, 1, 0, 2, 0, 0, 0, 1, 1, 0, 0, 0, 0, 0, 1, 1, 0, 2, 0, 0, 5, 1, 1, 1, 1, 1, 1, 1, 1]"
4,5,0.0,0.0,0.1111111111111111,0.49923016348232824,"[1, 0, 0, 2, 0, 0, 0, 0, 0]","[2, 2, 2, 2, 1, 2, 2, 2, 2]","[1, 1, 1, 1, 1, 1, 1, 1, 0, 0, 0, 0, 0, 1, 1, 0, 2, 0, 0, 0, 1, 1, 0, 2, 0, 0, 0, 1, 1, 0, 2, 0, 0, 0, 1, 1, 0, 2, 0, 0, 5, 1, 1, 1, 1, 1, 1, 1, 1]"
4,6,0.0,0.0,0.5555555555555556,0.24585020076483488,"[1, 1, 1, 1, 1, 2, 2, 2, 2]","[2, 2, 2, 2, 1, 2, 2, 2, 2]","[1, 1, 1, 1, 1, 1, 1, 1, 0, 0, 0, 0, 0, 1, 1, 0, 0, 0, 2, 0, 1, 1, 0, 0, 0, 2, 0, 1, 1, 0, 0, 0, 2, 0, 1, 1, 0, 0, 0, 2, 5, 1, 1, 1, 1, 1, 1, 1, 1]"
4,7,0.0,0.0,0.45454545454545453,0.28620091369565653,"[1, 1, 2, 2, 1, 1, 1, 2, 1, 1, 1]","[1, 2, 2, 2, 0, 2, 2, 2, 2, 1, 2]","[1, 1, 1, 1, 1, 1, 1, 1, 0, 0, 2, 0, 0, 1, 1, 0, 0, 2, 0, 0, 1, 1, 0, 0, 2, 0, 0, 1, 1, 0, 0, 0, 0, 0, 1, 1, 0, 0, 2, 0, 5, 1, 1, 1, 1, 1, 1, 1, 1]"
4,8,0.0,0.0,0.4,0.6743918042629957,"[1, 1, 1, 1, 2, 1, 1, 1, 2, 2]","[1, 2, 2, 2, 2, 0, 2, 2, 2, 2]","[1, 1, 1, 1, 1, 1, 1, 1, 0, 2, 0, 0, 0, 1, 1, 0, 2, 0, 0, 0, 1, 1, 0, 2, 0, 0, 0, 1, 1, 0, 2, 0, 0, 0, 1, 1, 0, 0, 0, 0, 5, 1, 1, 1, 1, 1, 1, 1, 1]"
4,9,0.0,0.0,0.36363636363636365,0.07000013233886825,"[2, 2, 1, 1, 1, 2, 1, 1, 2, 1, 2]","[2, 1, 2, 2, 2, 0, 2, 2, 2, 1, 2]","[1, 1, 1, 1, 1, 1, 1, 1, 0, 0, 0, 2, 0, 1, 1, 0, 0, 0, 2, 0, 1, 1, 0, 0, 0, 2, 0, 1, 1, 0, 0, 0, 0, 0, 1, 1, 0, 0, 0, 2, 5, 1, 1, 1, 1, 1, 1, 1, 1]"
4,10,0.0,0.0,0.2727272727272727,0.3899977263443324,"[0, 2, 0, 0, 2, 0, 0, 0, 0, 0, 0]","[1, 2, 2, 0, 2, 2, 2, 2, 1, 2, 2]","[1, 1, 1, 1, 1, 1, 1, 1, 0, 2, 0, 0, 0, 1, 1, 0, 2, 0, 0, 0, 1, 1, 0, 0, 0, 0, 0, 1, 1, 0, 2, 0, 0, 0, 1, 1, 0, 2, 0, 0, 5, 1, 1, 1, 1, 1, 1, 1, 1]"
4,11,0.0,0.0,0.5454545454545454,1.059876000508666,"[1, 1, 1, 1, 2, 2, 2, 2, 1, 2, 2]","[1, 2, 0, 2, 2, 2, 2, 1, 2, 2, 2]","[1, 1, 1, 1, 1, 1, 1, 1, 0, 2, 0, 0, 0, 1, 1, 0, 0, 0, 0, 0, 1, 1, 0, 2, 0, 0, 0, 1, 1, 0, 2, 0, 0, 0, 1, 1, 0, 2, 0, 0, 5, 1, 1, 1, 1, 1, 1, 1, 1]"
4,12,0.0,0.0,0.5454545454545454,0.6798663911770801,"[1, 1, 1, 2, 2, 1, 2, 2, 2, 2, 2]","[1, 2, 2, 2, 0, 2, 2, 2, 2, 1, 2]","[1, 1, 1, 1, 1, 1, 1, 1, 0, 2, 0, 0, 0, 1, 1, 0, 2, 0, 0, 0, 1, 1, 0, 2, 0, 0, 0, 1, 1, 0, 0, 0, 0, 0, 1, 1, 0, 2, 0, 0, 5, 1, 1, 1, 1, 1, 1, 1, 1]"
4,13,0.0,0.0,1.0,0.46565089494284545,"[2, 2, 2, 2, 1, 2, 2, 2, 2]","[2, 2, 2, 2, 1, 2, 2, 2, 2]","[1, 1, 1, 1, 1, 1, 1, 1, 0, 0, 0, 0, 0, 1, 1, 0, 0, 2, 0, 0, 1, 1, 0, 0, 2, 0, 0, 1, 1, 0, 0, 2, 0, 0, 1, 1, 0, 0, 2, 0, 5, 1, 1, 1, 1, 1, 1, 1, 1]"
4,14,0.0,0.9265305995941162,0.45454545454545453,1.0640098186190792,"[2, 2, 1, 1, 1, 2, 1, 2, 2, 2, 2]","[2, 1, 2, 2, 0, 2, 2, 2, 1, 2, 2]","[1, 1, 1, 1, 1, 1, 1, 1, 0, 0, 0, 2, 0, 1, 1, 0, 0, 0, 2, 0, 1, 1, 0, 0, 0, 0, 0, 1, 1, 0, 0, 0, 2, 0, 1, 1, 0, 0, 0, 2, 5, 1, 1, 1, 1, 1, 1, 1, 1]"
4,15,0.0,0.0,0.2,0.6962476391962976,"[2, 2, 1, 1, 1, 2, 1, 1, 1, 1]","[2, 1, 2, 2, 2, 2, 0, 2, 2, 2]","[1, 1, 1, 1, 1, 1, 1, 1, 0, 0, 0, 2, 0, 1, 1, 0, 0, 0, 2, 0, 1, 1, 0, 0, 0, 2, 0, 1, 1, 0, 0, 0, 2, 0, 1, 1, 0, 0, 0, 0, 5, 1, 1, 1, 1, 1, 1, 1, 1]"
4,16,0.0,0.0,0.45454545454545453,0.5596063114626675,"[0, 2, 2, 2, 2, 0, 2, 0, 2, 0, 0]","[1, 2, 2, 2, 0, 2, 2, 2, 2, 1, 2]","[1, 1, 1, 1, 1, 1, 1, 1, 0, 0, 2, 0, 0, 1, 1, 0, 0, 2, 0, 0, 1, 1, 0, 0, 2, 0, 0, 1, 1, 0, 0, 0, 0, 0, 1, 1, 0, 0, 2, 0, 5, 1, 1, 1, 1, 1, 1, 1, 1]"
4,17,0.0,0.0,0.36363636363636365,0.34659972398852307,"[0, 0, 0, 0, 0, 0, 0, 0, 2, 2, 2]","[2, 1, 2, 0, 2, 2, 2, 1, 2, 2, 2]","[1, 1, 1, 1, 1, 1, 1, 1, 0, 0, 0, 2, 0, 1, 1, 0, 0, 0, 0, 0, 1, 1, 0, 0, 0, 2, 0, 1, 1, 0, 0, 0, 2, 0, 1, 1, 0, 0, 0, 2, 5, 1, 1, 1, 1, 1, 1, 1, 1]"
4,18,0.0,0.0,0.8888888888888888,1.070352119469673,"[2, 2, 2, 2, 2, 2, 2, 2, 2]","[2, 2, 2, 2, 1, 2, 2, 2, 2]","[1, 1, 1, 1, 1, 1, 1, 1, 0, 0, 0, 0, 0, 1, 1, 0, 0, 0, 2, 0, 1, 1, 0, 0, 0, 2, 0, 1, 1, 0, 0, 0, 2, 0, 1, 1, 0, 0, 0, 2, 5, 1, 1, 1, 1, 1, 1, 1, 1]"
4,19,0.0,0.9586734771728516,0.36363636363636365,0.645738939444224,"[2, 2, 1, 1, 1, 2, 1, 1, 2, 1, 2]","[2, 1, 2, 2, 2, 0, 2, 2, 2, 1, 2]","[1, 1, 1, 1, 1, 1, 1, 1, 0, 0, 0, 2, 0, 1, 1, 0, 0, 0, 2, 0, 1, 1, 0, 0, 0, 2, 0, 1, 1, 0, 0, 0, 0, 0, 1, 1, 0, 0, 0, 2, 5, 1, 1, 1, 1, 1, 1, 1, 1]"
5,0,0.0,0.0,0.45454545454545453,0.9669032427886197,"[1, 1, 1, 1, 1, 1, 1, 2, 2, 1, 2]","[1, 2, 2, 2, 0, 2, 2, 2, 2, 1, 2]","[1, 1, 1, 1, 1, 1, 1, 1, 0, 2, 0, 0, 0, 1, 1, 0, 2, 0, 0, 0, 1, 1, 0, 2, 0, 0, 0, 1, 1, 0, 0, 0, 0, 0, 1, 1, 0, 2, 0, 0, 5, 1, 1, 1, 1, 1, 1, 1, 1]"
5,1,0.0,0.9081632494926453,0.8888888888888888,0.30108744213927763,"[2, 2, 2, 2, 0, 2, 2, 2, 2]","[2, 2, 2, 2, 1, 2, 2, 2, 2]","[1, 1, 1, 1, 1, 1, 1, 1, 0, 0, 0, 0, 0, 1, 1, 0, 2, 0, 0, 0, 1, 1, 0, 2, 0, 0, 0, 1, 1, 0, 2, 0, 0, 0, 1, 1, 0, 2, 0, 0, 5, 1, 1, 1, 1, 1, 1, 1, 1]"
5,2,0.0,0.0,0.2727272727272727,0.542197975501114,"[1, 1, 1, 1, 1, 0, 1, 1, 1, 2, 0]","[2, 1, 2, 0, 2, 2, 2, 1, 2, 2, 2]","[1, 1, 1, 1, 1, 1, 1, 1, 0, 0, 0, 2, 0, 1, 1, 0, 0, 0, 0, 0, 1, 1, 0, 0, 0, 2, 0, 1, 1, 0, 0, 0, 2, 0, 1, 1, 0, 0, 0, 2, 5, 1, 1, 1, 1, 1, 1, 1, 1]"
5,3,0.0,0.0,0.4,0.47003462545725766,"[2, 2, 2, 1, 0, 0, 1, 2, 0, 0]","[1, 2, 2, 2, 2, 0, 2, 2, 2, 2]","[1, 1, 1, 1, 1, 1, 1, 1, 0, 2, 0, 0, 0, 1, 1, 0, 2, 0, 0, 0, 1, 1, 0, 2, 0, 0, 0, 1, 1, 0, 2, 0, 0, 0, 1, 1, 0, 0, 0, 0, 5, 1, 1, 1, 1, 1, 1, 1, 1]"
5,4,0.0,0.0,0.1,0.821954310787319,"[1, 1, 1, 1, 1, 1, 1, 1, 1, 1]","[1, 2, 2, 2, 2, 0, 2, 2, 2, 2]","[1, 1, 1, 1, 1, 1, 1, 1, 0, 2, 0, 0, 0, 1, 1, 0, 2, 0, 0, 0, 1, 1, 0, 2, 0, 0, 0, 1, 1, 0, 2, 0, 0, 0, 1, 1, 0, 0, 0, 0, 5, 1, 1, 1, 1, 1, 1, 1, 1]"
5,5,0.0,0.0,0.36363636363636365,0.622092177217104,"[1, 2, 2, 2, 1, 1, 1, 1, 1, 1, 1]","[1, 2, 2, 0, 2, 2, 2, 2, 1, 2, 2]","[1, 1, 1, 1, 1, 1, 1, 1, 0, 2, 0, 0, 0, 1, 1, 0, 2, 0, 0, 0, 1, 1, 0, 0, 0, 0, 0, 1, 1, 0, 2, 0, 0, 0, 1, 1, 0, 2, 0, 0, 5, 1, 1, 1, 1, 1, 1, 1, 1]"
5,6,0.0,0.0,0.6363636363636364,0.5491574903836056,"[1, 2, 2, 2, 0, 1, 1, 2, 0, 1, 1]","[1, 2, 2, 2, 0, 2, 2, 2, 2, 1, 2]","[1, 1, 1, 1, 1, 1, 1, 1, 0, 0, 2, 0, 0, 1, 1, 0, 0, 2, 0, 0, 1, 1, 0, 0, 2, 0, 0, 1, 1, 0, 0, 0, 0, 0, 1, 1, 0, 0, 2, 0, 5, 1, 1, 1, 1, 1, 1, 1, 1]"
5,7,0.0,0.0,0.9,0.29958862151798543,"[0, 2, 2, 2, 2, 0, 2, 2, 2, 2]","[1, 2, 2, 2, 2, 0, 2, 2, 2, 2]","[1, 1, 1, 1, 1, 1, 1, 1, 0, 2, 0, 0, 0, 1, 1, 0, 2, 0, 0, 0, 1, 1, 0, 2, 0, 0, 0, 1, 1, 0, 2, 0, 0, 0, 1, 1, 0, 0, 0, 0, 5, 1, 1, 1, 1, 1, 1, 1, 1]"
5,8,0.0,0.0,1.0,0.5388611750677228,"[2, 2, 2, 2, 1, 2, 2, 2, 2]","[2, 2, 2, 2, 1, 2, 2, 2, 2]","[1, 1, 1, 1, 1, 1, 1, 1, 0, 0, 0, 0, 0, 1, 1, 0, 2, 0, 0, 0, 1, 1, 0, 2, 0, 0, 0, 1, 1, 0, 2, 0, 0, 0, 1, 1, 0, 2, 0, 0, 5, 1, 1, 1, 1, 1, 1, 1, 1]"
5,9,0.0,0.0,0.2727272727272727,0.5903845959704141,"[1, 1, 1, 1, 1, 1, 1, 2, 0, 1, 1]","[2, 1, 2, 2, 2, 0, 2, 2, 2, 1, 2]","[1, 1, 1, 1, 1, 1, 1, 1, 0, 0, 0, 2, 0, 1, 1, 0, 0, 0, 2, 0, 1, 1, 0, 0, 0, 2, 0, 1, 1, 0, 0, 0, 0, 0, 1, 1, 0, 0, 0, 2, 5, 1, 1, 1, 1, 1, 1, 1, 1]"
5,10,0.0,0.0,0.0,0.1740261803248099,"[0, 0, 0, 0, 0, 0, 0, 0, 0]","[2, 2, 2, 2, 1, 2, 2, 2, 2]","[1, 1, 1, 1, 1, 1, 1, 1, 0, 0, 0, 0, 0, 1, 1, 0, 0, 2, 0, 0, 1, 1, 0, 0, 2, 0, 0, 1, 1, 0, 0, 2, 0, 0, 1, 1, 0, 0, 2, 0, 5, 1, 1, 1, 1, 1, 1, 1, 1]"
5,11,0.0,0.0,1.0,1.0275053880652603,"[2, 2, 2, 2, 1, 2, 2, 2, 2]","[2, 2, 2, 2, 1, 2, 2, 2, 2]","[1, 1, 1, 1, 1, 1, 1, 1, 0, 0, 0, 0, 0, 1, 1, 0, 0, 2, 0, 0, 1, 1, 0, 0, 2, 0, 0, 1, 1, 0, 0, 2, 0, 0, 1, 1, 0, 0, 2, 0, 5, 1, 1, 1, 1, 1, 1, 1, 1]"
5,12,0.0,0.0,0.7,0.529625420135503,"[1, 2, 2, 2, 0, 1, 2, 2, 2, 0]","[1, 2, 2, 2, 2, 0, 2, 2, 2, 2]","[1, 1, 1, 1, 1, 1, 1, 1, 0, 0, 2, 0, 0, 1, 1, 0, 0, 2, 0, 0, 1, 1, 0, 0, 2, 0, 0, 1, 1, 0, 0, 2, 0, 0, 1, 1, 0, 0, 0, 0, 5, 1, 1, 1, 1, 1, 1, 1, 1]"
5,13,0.0,0.0,0.3,0.2930609765979979,"[2, 2, 1, 1, 2, 2, 1, 1, 1, 1]","[2, 1, 2, 2, 2, 2, 0, 2, 2, 2]","[1, 1, 1, 1, 1, 1, 1, 1, 0, 0, 0, 2, 0, 1, 1, 0, 0, 0, 2, 0, 1, 1, 0, 0, 0, 2, 0, 1, 1, 0, 0, 0, 2, 0, 1, 1, 0, 0, 0, 0, 5, 1, 1, 1, 1, 1, 1, 1, 1]"
5,14,0.0,0.0,0.6363636363636364,0.22759876966628492,"[2, 2, 2, 2, 2, 2, 0, 2, 0, 2, 2]","[2, 1, 2, 2, 0, 2, 2, 2, 1, 2, 2]","[1, 1, 1, 1, 1, 1, 1, 1, 0, 0, 0, 2, 0, 1, 1, 0, 0, 0, 2, 0, 1, 1, 0, 0, 0, 0, 0, 1, 1, 0, 0, 0, 2, 0, 1, 1, 0, 0, 0, 2, 5, 1, 1, 1, 1, 1, 1, 1, 1]"
5,15,0.0,0.0,0.6363636363636364,0.552093004161606,"[1, 2, 2, 2, 0, 1, 1, 2, 0, 1, 1]","[1, 2, 2, 2, 0, 2, 2, 2, 2, 1, 2]","[1, 1, 1, 1, 1, 1, 1, 1, 0, 2, 0, 0, 0, 1, 1, 0, 2, 0, 0, 0, 1, 1, 0, 2, 0, 0, 0, 1, 1, 0, 0, 0, 0, 0, 1, 1, 0, 2, 0, 0, 5, 1, 1, 1, 1, 1, 1, 1, 1]"
5,16,0.0,0.0,0.18181818181818182,0.1443474948482246,"[0, 0, 2, 2, 2, 0, 1, 0, 0, 0, 0]","[2, 1, 2, 2, 0, 2, 2, 2, 1, 2, 2]","[1, 1, 1, 1, 1, 1, 1, 1, 0, 0, 0, 2, 0, 1, 1, 0, 0, 0, 2, 0, 1, 1, 0, 0, 0, 0, 0, 1, 1, 0, 0, 0, 2, 0, 1, 1, 0, 0, 0, 2, 5, 1, 1, 1, 1, 1, 1, 1, 1]"
5,17,0.0,0.0,0.0,0.10619201294469591,"[0, 0, 0, 0, 0, 0, 0, 0, 0]","[2, 2, 2, 2, 1, 2, 2, 2, 2]","[1, 1, 1, 1, 1, 1, 1, 1, 0, 0, 0, 0, 0, 1, 1, 0, 2, 0, 0, 0, 1, 1, 0, 2, 0, 0, 0, 1, 1, 0, 2, 0, 0, 0, 1, 1, 0, 2, 0, 0, 5, 1, 1, 1, 1, 1, 1, 1, 1]"
5,18,0.0,0.0,0.1111111111111111,0.5515951498658681,"[1, 1, 1, 1, 1, 1, 1, 1, 1]","[2, 2, 2, 2, 1, 2, 2, 2, 2]","[1, 1, 1, 1, 1, 1, 1, 1, 0, 0, 0, 0, 0, 1, 1, 0, 0, 2, 0, 0, 1, 1, 0, 0, 2, 0, 0, 1, 1, 0, 0, 2, 0, 0, 1, 1, 0, 0, 2, 0, 5, 1, 1, 1, 1, 1, 1, 1, 1]"
5,19,0.0,0.0,0.2727272727272727,0.534313973115415,"[1, 1, 1, 1, 1, 1, 0, 1, 1, 2, 0]","[2, 1, 2, 2, 0, 2, 2, 2, 1, 2, 2]","[1, 1, 1, 1, 1, 1, 1, 1, 0, 0, 0, 2, 0, 1, 1, 0, 0, 0, 2, 0, 1, 1, 0, 0, 0, 0, 0, 1, 1, 0, 0, 0, 2, 0, 1, 1, 0, 0, 0, 2, 5, 1, 1, 1, 1, 1, 1, 1, 1]"
6,0,0.0,0.9448979496955872,0.8181818181818182,0.16361964246904365,"[2, 2, 2, 2, 0, 2, 2, 2, 0, 2, 2]","[2, 1, 2, 2, 0, 2, 2, 2, 1, 2, 2]","[1, 1, 1, 1, 1, 1, 1, 1, 0, 0, 0, 2, 0, 1, 1, 0, 0, 0, 2, 0, 1, 1, 0, 0, 0, 0, 0, 1, 1, 0, 0, 0, 2, 0, 1, 1, 0, 0, 0, 2, 5, 1, 1, 1, 1, 1, 1, 1, 1]"
6,1,0.0,0.0,0.18181818181818182,0.0017437193455407396,"[1, 1, 1, 1, 1, 1, 1, 1, 1, 1, 1]","[1, 2, 2, 0, 2, 2, 2, 2, 1, 2, 2]","[1, 1, 1, 1, 1, 1, 1, 1, 0, 0, 2, 0, 0, 1, 1, 0, 0, 2, 0, 0, 1, 1, 0, 0, 0, 0, 0, 1, 1, 0, 0, 2, 0, 0, 1, 1, 0, 0, 2, 0, 5, 1, 1, 1, 1, 1, 1, 1, 1]"
6,2,0.0,0.0,0.09090909090909091,0.023702688980847597,"[0, 0, 0, 0, 0, 0, 0, 0, 0, 0, 0]","[1, 2, 2, 0, 2, 2, 2, 2, 1, 2, 2]","[1, 1, 1, 1, 1, 1, 1, 1, 0, 2, 0, 0, 0, 1, 1, 0, 2, 0, 0, 0, 1, 1, 0, 0, 0, 0, 0, 1, 1, 0, 2, 0, 0, 0, 1, 1, 0, 2, 0, 0, 5, 1, 1, 1, 1, 1, 1, 1, 1]"
6,3,0.0,0.0,0.2,0.559253559675904,"[1, 1, 1, 1, 0, 0, 1, 1, 0, 1]","[1, 2, 2, 2, 2, 0, 2, 2, 2, 2]","[1, 1, 1, 1, 1, 1, 1, 1, 0, 2, 0, 0, 0, 1, 1, 0, 2, 0, 0, 0, 1, 1, 0, 2, 0, 0, 0, 1, 1, 0, 2, 0, 0, 0, 1, 1, 0, 0, 0, 0, 5, 1, 1, 1, 1, 1, 1, 1, 1]"
6,4,0.0,0.0,0.18181818181818182,0.0018208386609330773,"[1, 1, 1, 1, 1, 1, 1, 1, 1, 1, 1]","[1, 2, 2, 0, 2, 2, 2, 2, 1, 2, 2]","[1, 1, 1, 1, 1, 1, 1, 1, 0, 0, 2, 0, 0, 1, 1, 0, 0, 2, 0, 0, 1, 1, 0, 0, 0, 0, 0, 1, 1, 0, 0, 2, 0, 0, 1, 1, 0, 0, 2, 0, 5, 1, 1, 1, 1, 1, 1, 1, 1]"
6,5,0.0,0.0,0.18181818181818182,0.3441581044688213,"[0, 0, 2, 2, 1, 0, 1, 0, 0, 0, 1]","[2, 1, 2, 2, 0, 2, 2, 2, 1, 2, 2]","[1, 1, 1, 1, 1, 1, 1, 1, 0, 0, 0, 2, 0, 1, 1, 0, 0, 0, 2, 0, 1, 1, 0, 0, 0, 0, 0, 1, 1, 0, 0, 0, 2, 0, 1, 1, 0, 0, 0, 2, 5, 1, 1, 1, 1, 1, 1, 1, 1]"
6,6,0.0,0.0,0.09090909090909091,0.47529887788149777,"[0, 0, 1, 2, 2, 0, 1, 0, 0, 0, 1]","[2, 1, 2, 2, 0, 2, 2, 2, 1, 2, 2]","[1, 1, 1, 1, 1, 1, 1, 1, 0, 0, 0, 2, 0, 1, 1, 0, 0, 0, 2, 0, 1, 1, 0, 0, 0, 0, 0, 1, 1, 0, 0, 0, 2, 0, 1, 1, 0, 0, 0, 2, 5, 1, 1, 1, 1, 1, 1, 1, 1]"
6,7,0.0,0.0,0.1111111111111111,1.0147762938725704,"[1, 0, 2, 0, 2, 1, 0, 0, 1]","[2, 2, 2, 2, 1, 2, 2, 2, 2]","[1, 1, 1, 1, 1, 1, 1, 1, 0, 0, 0, 0, 0, 1, 1, 0, 2, 0, 0, 0, 1, 1, 0, 2, 0, 0, 0, 1, 1, 0, 2, 0, 0, 0, 1, 1, 0, 2, 0, 0, 5, 1, 1, 1, 1, 1, 1, 1, 1]"
6,8,0.0,0.0,0.09090909090909091,0.024011283181607723,"[0, 0, 0, 0, 0, 0, 0, 0, 0, 0, 0]","[2, 1, 2, 2, 2, 0, 2, 2, 2, 1, 2]","[1, 1, 1, 1, 1, 1, 1, 1, 0, 0, 0, 2, 0, 1, 1, 0, 0, 0, 2, 0, 1, 1, 0, 0, 0, 2, 0, 1, 1, 0, 0, 0, 0, 0, 1, 1, 0, 0, 0, 2, 5, 1, 1, 1, 1, 1, 1, 1, 1]"
6,9,0.0,0.9357143044471741,0.8181818181818182,0.10950364265590906,"[2, 2, 2, 0, 2, 2, 2, 2, 0, 2, 2]","[1, 2, 2, 0, 2, 2, 2, 2, 1, 2, 2]","[1, 1, 1, 1, 1, 1, 1, 1, 0, 0, 2, 0, 0, 1, 1, 0, 0, 2, 0, 0, 1, 1, 0, 0, 0, 0, 0, 1, 1, 0, 0, 2, 0, 0, 1, 1, 0, 0, 2, 0, 5, 1, 1, 1, 1, 1, 1, 1, 1]"
6,10,0.9494897723197937,0.0,0.8181818181818182,0.2196675380691886,"[2, 2, 0, 2, 2, 2, 2, 0, 2, 2, 2]","[1, 2, 0, 2, 2, 2, 2, 1, 2, 2, 2]","[1, 1, 1, 1, 1, 1, 1, 1, 0, 0, 2, 0, 0, 1, 1, 0, 0, 0, 0, 0, 1, 1, 0, 0, 2, 0, 0, 1, 1, 0, 0, 2, 0, 0, 1, 1, 0, 0, 2, 0, 5, 1, 1, 1, 1, 1, 1, 1, 1]"
6,11,0.0,0.0,0.09090909090909091,0.02330466452986002,"[0, 0, 0, 0, 0, 0, 0, 0, 0, 0, 0]","[2, 1, 2, 2, 0, 2, 2, 2, 1, 2, 2]","[1, 1, 1, 1, 1, 1, 1, 1, 0, 0, 0, 2, 0, 1, 1, 0, 0, 0, 2, 0, 1, 1, 0, 0, 0, 0, 0, 1, 1, 0, 0, 0, 2, 0, 1, 1, 0, 0, 0, 2, 5, 1, 1, 1, 1, 1, 1, 1, 1]"
6,12,0.0,0.0,0.18181818181818182,0.49509659281466156,"[1, 1, 1, 1, 1, 1, 0, 0, 2, 0, 1]","[1, 2, 0, 2, 2, 2, 2, 1, 2, 2, 2]","[1, 1, 1, 1, 1, 1, 1, 1, 0, 2, 0, 0, 0, 1, 1, 0, 0, 0, 0, 0, 1, 1, 0, 2, 0, 0, 0, 1, 1, 0, 2, 0, 0, 0, 1, 1, 0, 2, 0, 0, 5, 1, 1, 1, 1, 1, 1, 1, 1]"
6,13,0.0,0.0,0.09090909090909091,0.430860437642859,"[0, 0, 2, 1, 0, 1, 0, 0, 0, 0, 1]","[2, 1, 2, 0, 2, 2, 2, 1, 2, 2, 2]","[1, 1, 1, 1, 1, 1, 1, 1, 0, 0, 0, 2, 0, 1, 1, 0, 0, 0, 0, 0, 1, 1, 0, 0, 0, 2, 0, 1, 1, 0, 0, 0, 2, 0, 1, 1, 0, 0, 0, 2, 5, 1, 1, 1, 1, 1, 1, 1, 1]"
6,14,0.0,0.0,0.09090909090909091,0.021065286360681057,"[0, 0, 0, 0, 0, 0, 0, 0, 0, 0, 0]","[1, 2, 2, 2, 0, 2, 2, 2, 2, 1, 2]","[1, 1, 1, 1, 1, 1, 1, 1, 0, 2, 0, 0, 0, 1, 1, 0, 2, 0, 0, 0, 1, 1, 0, 2, 0, 0, 0, 1, 1, 0, 0, 0, 0, 0, 1, 1, 0, 2, 0, 0, 5, 1, 1, 1, 1, 1, 1, 1, 1]"
6,15,0.0,0.0,0.45454545454545453,0.07995346561074257,"[2, 0, 2, 0, 2, 0, 2, 2, 2, 0, 2]","[1, 2, 2, 2, 0, 2, 2, 2, 2, 1, 2]","[1, 1, 1, 1, 1, 1, 1, 1, 0, 0, 2, 0, 0, 1, 1, 0, 0, 2, 0, 0, 1, 1, 0, 0, 2, 0, 0, 1, 1, 0, 0, 0, 0, 0, 1, 1, 0, 0, 2, 0, 5, 1, 1, 1, 1, 1, 1, 1, 1]"
6,16,0.9494897723197937,0.9081632494926453,0.6363636363636364,0.15530672395187947,"[0, 0, 2, 0, 0, 2, 2, 2, 0, 2, 2]","[1, 2, 2, 0, 2, 2, 2, 2, 1, 2, 2]","[1, 1, 1, 1, 1, 1, 1, 1, 0, 2, 0, 0, 0, 1, 1, 0, 2, 0, 0, 0, 1, 1, 0, 0, 0, 0, 0, 1, 1, 0, 2, 0, 0, 0, 1, 1, 0, 2, 0, 0, 5, 1, 1, 1, 1, 1, 1, 1, 1]"
6,17,0.0,0.0,0.09090909090909091,0.023671149741858244,"[0, 0, 0, 0, 0, 0, 0, 0, 0, 0, 0]","[1, 2, 0, 2, 2, 2, 2, 1, 2, 2, 2]","[1, 1, 1, 1, 1, 1, 1, 1, 0, 0, 2, 0, 0, 1, 1, 0, 0, 0, 0, 0, 1, 1, 0, 0, 2, 0, 0, 1, 1, 0, 0, 2, 0, 0, 1, 1, 0, 0, 2, 0, 5, 1, 1, 1, 1, 1, 1, 1, 1]"
6,18,0.0,0.0,0.0,0.025738977827131748,"[0, 0, 0, 0, 0, 0, 0, 0, 0]","[2, 2, 2, 2, 1, 2, 2, 2, 2]","[1, 1, 1, 1, 1, 1, 1, 1, 0, 0, 0, 0, 0, 1, 1, 0, 0, 0, 2, 0, 1, 1, 0, 0, 0, 2, 0, 1, 1, 0, 0, 0, 2, 0, 1, 1, 0, 0, 0, 2, 5, 1, 1, 1, 1, 1, 1, 1, 1]"
6,19,0.0,0.0,0.1,0.00772708683507517,"[1, 1, 1, 1, 1, 1, 1, 1, 1, 1]","[1, 2, 2, 2, 2, 0, 2, 2, 2, 2]","[1, 1, 1, 1, 1, 1, 1, 1, 0, 0, 2, 0, 0, 1, 1, 0, 0, 2, 0, 0, 1, 1, 0, 0, 2, 0, 0, 1, 1, 0, 0, 2, 0, 0, 1, 1, 0, 0, 0, 0, 5, 1, 1, 1, 1, 1, 1, 1, 1]"
7,0,0.0,0.0,0.7272727272727273,0.060432882912395215,"[2, 2, 2, 2, 2, 2, 2, 2, 2, 0, 2]","[2, 1, 2, 2, 2, 0, 2, 2, 2, 1, 2]","[1, 1, 1, 1, 1, 1, 1, 1, 0, 0, 0, 2, 0, 1, 1, 0, 0, 0, 2, 0, 1, 1, 0, 0, 0, 2, 0, 1, 1, 0, 0, 0, 0, 0, 1, 1, 0, 0, 0, 2, 5, 1, 1, 1, 1, 1, 1, 1, 1]"
7,1,0.0,0.8989796042442322,0.8181818181818182,0.11201669064549995,"[2, 2, 0, 2, 2, 2, 2, 0, 2, 2, 2]","[1, 2, 0, 2, 2, 2, 2, 1, 2, 2, 2]","[1, 1, 1, 1, 1, 1, 1, 1, 0, 0, 2, 0, 0, 1, 1, 0, 0, 0, 0, 0, 1, 1, 0, 0, 2, 0, 0, 1, 1, 0, 0, 2, 0, 0, 1, 1, 0, 0, 2, 0, 5, 1, 1, 1, 1, 1, 1, 1, 1]"
7,2,0.0,0.0,0.45454545454545453,0.031983168330043554,"[1, 2, 1, 2, 1, 2, 1, 1, 1, 1, 1]","[1, 2, 2, 2, 0, 2, 2, 2, 2, 1, 2]","[1, 1, 1, 1, 1, 1, 1, 1, 0, 0, 2, 0, 0, 1, 1, 0, 0, 2, 0, 0, 1, 1, 0, 0, 2, 0, 0, 1, 1, 0, 0, 0, 0, 0, 1, 1, 0, 0, 2, 0, 5, 1, 1, 1, 1, 1, 1, 1, 1]"
7,3,0.0,0.0,0.09090909090909091,0.2317957915365696,"[0, 0, 0, 0, 0, 0, 0, 0, 0, 0, 0]","[2, 1, 2, 2, 0, 2, 2, 2, 1, 2, 2]","[1, 1, 1, 1, 1, 1, 1, 1, 0, 0, 0, 2, 0, 1, 1, 0, 0, 0, 2, 0, 1, 1, 0, 0, 0, 0, 0, 1, 1, 0, 0, 0, 2, 0, 1, 1, 0, 0, 0, 2, 5, 1, 1, 1, 1, 1, 1, 1, 1]"
7,4,0.0,0.8989796042442322,0.7272727272727273,0.03387273718752632,"[2, 2, 2, 2, 2, 2, 2, 0, 2, 2, 2]","[2, 1, 2, 0, 2, 2, 2, 1, 2, 2, 2]","[1, 1, 1, 1, 1, 1, 1, 1, 0, 0, 0, 2, 0, 1, 1, 0, 0, 0, 0, 0, 1, 1, 0, 0, 0, 2, 0, 1, 1, 0, 0, 0, 2, 0, 1, 1, 0, 0, 0, 2, 5, 1, 1, 1, 1, 1, 1, 1, 1]"
7,5,0.0,0.0,0.0,0.2448285073041916,"[0, 0, 0, 0, 0, 0, 0, 0, 0]","[2, 2, 2, 2, 1, 2, 2, 2, 2]","[1, 1, 1, 1, 1, 1, 1, 1, 0, 0, 0, 0, 0, 1, 1, 0, 0, 0, 2, 0, 1, 1, 0, 0, 0, 2, 0, 1, 1, 0, 0, 0, 2, 0, 1, 1, 0, 0, 0, 2, 5, 1, 1, 1, 1, 1, 1, 1, 1]"
7,6,0.0,0.0,0.8888888888888888,0.12014892978283266,"[2, 2, 2, 2, 0, 2, 2, 2, 2]","[2, 2, 2, 2, 1, 2, 2, 2, 2]","[1, 1, 1, 1, 1, 1, 1, 1, 0, 0, 0, 0, 0, 1, 1, 0, 0, 0, 2, 0, 1, 1, 0, 0, 0, 2, 0, 1, 1, 0, 0, 0, 2, 0, 1, 1, 0, 0, 0, 2, 5, 1, 1, 1, 1, 1, 1, 1, 1]"
7,7,0.0,0.0,0.8888888888888888,0.046954736152353384,"[2, 2, 2, 2, 0, 2, 2, 2, 2]","[2, 2, 2, 2, 1, 2, 2, 2, 2]","[1, 1, 1, 1, 1, 1, 1, 1, 0, 0, 0, 0, 0, 1, 1, 0, 0, 2, 0, 0, 1, 1, 0, 0, 2, 0, 0, 1, 1, 0, 0, 2, 0, 0, 1, 1, 0, 0, 2, 0, 5, 1, 1, 1, 1, 1, 1, 1, 1]"
7,8,0.9494897723197937,0.0,0.7272727272727273,0.0690380988473242,"[0, 2, 2, 2, 2, 2, 2, 0, 2, 2, 2]","[1, 2, 0, 2, 2, 2, 2, 1, 2, 2, 2]","[1, 1, 1, 1, 1, 1, 1, 1, 0, 2, 0, 0, 0, 1, 1, 0, 0, 0, 0, 0, 1, 1, 0, 2, 0, 0, 0, 1, 1, 0, 2, 0, 0, 0, 1, 1, 0, 2, 0, 0, 5, 1, 1, 1, 1, 1, 1, 1, 1]"
7,9,0.9448979496955872,0.0,0.9,0.03144669587103029,"[2, 2, 2, 2, 2, 2, 0, 2, 2, 2]","[2, 1, 2, 2, 2, 2, 0, 2, 2, 2]","[1, 1, 1, 1, 1, 1, 1, 1, 0, 0, 0, 2, 0, 1, 1, 0, 0, 0, 2, 0, 1, 1, 0, 0, 0, 2, 0, 1, 1, 0, 0, 0, 2, 0, 1, 1, 0, 0, 0, 0, 5, 1, 1, 1, 1, 1, 1, 1, 1]"
7,10,0.0,0.0,0.45454545454545453,0.060830570524558425,"[1, 2, 2, 2, 1, 1, 2, 1, 1, 1, 1]","[1, 2, 2, 0, 2, 2, 2, 2, 1, 2, 2]","[1, 1, 1, 1, 1, 1, 1, 1, 0, 0, 2, 0, 0, 1, 1, 0, 0, 2, 0, 0, 1, 1, 0, 0, 0, 0, 0, 1, 1, 0, 0, 2, 0, 0, 1, 1, 0, 0, 2, 0, 5, 1, 1, 1, 1, 1, 1, 1, 1]"
7,11,0.0,0.8989796042442322,0.7272727272727273,0.04348752130599864,"[2, 2, 2, 2, 2, 2, 2, 0, 2, 2, 2]","[1, 2, 0, 2, 2, 2, 2, 1, 2, 2, 2]","[1, 1, 1, 1, 1, 1, 1, 1, 0, 0, 2, 0, 0, 1, 1, 0, 0, 0, 0, 0, 1, 1, 0, 0, 2, 0, 0, 1, 1, 0, 0, 2, 0, 0, 1, 1, 0, 0, 2, 0, 5, 1, 1, 1, 1, 1, 1, 1, 1]"
7,12,0.0,0.9448979496955872,0.7272727272727273,0.11138761579059064,"[0, 2, 2, 2, 2, 2, 2, 2, 0, 2, 2]","[1, 2, 2, 0, 2, 2, 2, 2, 1, 2, 2]","[1, 1, 1, 1, 1, 1, 1, 1, 0, 2, 0, 0, 0, 1, 1, 0, 2, 0, 0, 0, 1, 1, 0, 0, 0, 0, 0, 1, 1, 0, 2, 0, 0, 0, 1, 1, 0, 2, 0, 0, 5, 1, 1, 1, 1, 1, 1, 1, 1]"
7,13,0.9081632494926453,0.0,0.5454545454545454,0.059223209895814456,"[0, 0, 2, 2, 2, 0, 2, 2, 2, 0, 2]","[1, 2, 2, 2, 0, 2, 2, 2, 2, 1, 2]","[1, 1, 1, 1, 1, 1, 1, 1, 0, 2, 0, 0, 0, 1, 1, 0, 2, 0, 0, 0, 1, 1, 0, 2, 0, 0, 0, 1, 1, 0, 0, 0, 0, 0, 1, 1, 0, 2, 0, 0, 5, 1, 1, 1, 1, 1, 1, 1, 1]"
7,14,0.0,0.0,0.7272727272727273,0.07028630375862122,"[2, 2, 2, 2, 2, 2, 2, 0, 2, 2, 2]","[1, 2, 0, 2, 2, 2, 2, 1, 2, 2, 2]","[1, 1, 1, 1, 1, 1, 1, 1, 0, 2, 0, 0, 0, 1, 1, 0, 0, 0, 0, 0, 1, 1, 0, 2, 0, 0, 0, 1, 1, 0, 2, 0, 0, 0, 1, 1, 0, 2, 0, 0, 5, 1, 1, 1, 1, 1, 1, 1, 1]"
7,15,0.0,0.0,0.3,0.14096160666370877,"[1, 2, 2, 1, 1, 1, 1, 1, 1, 1]","[1, 2, 2, 2, 2, 0, 2, 2, 2, 2]","[1, 1, 1, 1, 1, 1, 1, 1, 0, 0, 2, 0, 0, 1, 1, 0, 0, 2, 0, 0, 1, 1, 0, 0, 2, 0, 0, 1, 1, 0, 0, 2, 0, 0, 1, 1, 0, 0, 0, 0, 5, 1, 1, 1, 1, 1, 1, 1, 1]"
7,16,0.0,0.9448979496955872,0.7,0.022075113374739885,"[2, 2, 0, 0, 2, 2, 0, 2, 2, 2]","[2, 1, 2, 2, 2, 2, 0, 2, 2, 2]","[1, 1, 1, 1, 1, 1, 1, 1, 0, 0, 0, 2, 0, 1, 1, 0, 0, 0, 2, 0, 1, 1, 0, 0, 0, 2, 0, 1, 1, 0, 0, 0, 2, 0, 1, 1, 0, 0, 0, 0, 5, 1, 1, 1, 1, 1, 1, 1, 1]"
7,17,0.0,0.0,0.6666666666666666,0.06181964377174154,"[2, 2, 1, 2, 1, 2, 2, 1, 1]","[2, 2, 2, 2, 1, 2, 2, 2, 2]","[1, 1, 1, 1, 1, 1, 1, 1, 0, 0, 0, 0, 0, 1, 1, 0, 0, 0, 2, 0, 1, 1, 0, 0, 0, 2, 0, 1, 1, 0, 0, 0, 2, 0, 1, 1, 0, 0, 0, 2, 5, 1, 1, 1, 1, 1, 1, 1, 1]"
7,18,0.0,0.0,0.09090909090909091,0.22883597388863564,"[0, 0, 0, 0, 0, 0, 0, 0, 0, 0, 0]","[1, 2, 2, 0, 2, 2, 2, 2, 1, 2, 2]","[1, 1, 1, 1, 1, 1, 1, 1, 0, 0, 2, 0, 0, 1, 1, 0, 0, 2, 0, 0, 1, 1, 0, 0, 0, 0, 0, 1, 1, 0, 0, 2, 0, 0, 1, 1, 0, 0, 2, 0, 5, 1, 1, 1, 1, 1, 1, 1, 1]"
7,19,0.0,0.0,0.18181818181818182,0.03311943484004587,"[1, 1, 1, 1, 1, 1, 1, 1, 1, 1, 1]","[1, 2, 2, 2, 0, 2, 2, 2, 2, 1, 2]","[1, 1, 1, 1, 1, 1, 1, 1, 0, 2, 0, 0, 0, 1, 1, 0, 2, 0, 0, 0, 1, 1, 0, 2, 0, 0, 0, 1, 1, 0, 0, 0, 0, 0, 1, 1, 0, 2, 0, 0, 5, 1, 1, 1, 1, 1, 1, 1, 1]"
8,0,0.9357143044471741,0.0,0.7272727272727273,0.029479829817820265,"[2, 2, 2, 2, 2, 2, 2, 2, 2, 0, 2]","[1, 2, 2, 2, 0, 2, 2, 2, 2, 1, 2]","[1, 1, 1, 1, 1, 1, 1, 1, 0, 0, 2, 0, 0, 1, 1, 0, 0, 2, 0, 0, 1, 1, 0, 0, 2, 0, 0, 1, 1, 0, 0, 0, 0, 0, 1, 1, 0, 0, 2, 0, 5, 1, 1, 1, 1, 1, 1, 1, 1]"
8,1,0.9357143044471741,0.9448979496955872,0.8181818181818182,0.11424851521630497,"[2, 2, 2, 2, 0, 2, 2, 2, 0, 2, 2]","[2, 1, 2, 2, 0, 2, 2, 2, 1, 2, 2]","[1, 1, 1, 1, 1, 1, 1, 1, 0, 0, 0, 2, 0, 1, 1, 0, 0, 0, 2, 0, 1, 1, 0, 0, 0, 0, 0, 1, 1, 0, 0, 0, 2, 0, 1, 1, 0, 0, 0, 2, 5, 1, 1, 1, 1, 1, 1, 1, 1]"
8,2,0.0,0.9081632494926453,0.8181818181818182,0.0327467199690132,"[2, 2, 2, 0, 2, 2, 2, 2, 0, 2, 2]","[1, 2, 2, 0, 2, 2, 2, 2, 1, 2, 2]","[1, 1, 1, 1, 1, 1, 1, 1, 0, 0, 2, 0, 0, 1, 1, 0, 0, 2, 0, 0, 1, 1, 0, 0, 0, 0, 0, 1, 1, 0, 0, 2, 0, 0, 1, 1, 0, 0, 2, 0, 5, 1, 1, 1, 1, 1, 1, 1, 1]"
8,3,0.9127551317214966,0.0,0.5,0.18654416968371262,"[2, 0, 0, 0, 2, 0, 2, 0, 2, 2]","[1, 2, 2, 2, 2, 0, 2, 2, 2, 2]","[1, 1, 1, 1, 1, 1, 1, 1, 0, 0, 2, 0, 0, 1, 1, 0, 0, 2, 0, 0, 1, 1, 0, 0, 2, 0, 0, 1, 1, 0, 0, 2, 0, 0, 1, 1, 0, 0, 0, 0, 5, 1, 1, 1, 1, 1, 1, 1, 1]"
8,4,0.0,0.9448979496955872,0.9,0.10477641007552545,"[2, 2, 2, 2, 2, 2, 0, 2, 2, 2]","[2, 1, 2, 2, 2, 2, 0, 2, 2, 2]","[1, 1, 1, 1, 1, 1, 1, 1, 0, 0, 0, 2, 0, 1, 1, 0, 0, 0, 2, 0, 1, 1, 0, 0, 0, 2, 0, 1, 1, 0, 0, 0, 2, 0, 1, 1, 0, 0, 0, 0, 5, 1, 1, 1, 1, 1, 1, 1, 1]"
8,5,0.9357143044471741,0.8989796042442322,0.7272727272727273,0.008287313476214376,"[0, 2, 2, 2, 2, 2, 2, 2, 2, 0, 2]","[1, 2, 2, 2, 0, 2, 2, 2, 2, 1, 2]","[1, 1, 1, 1, 1, 1, 1, 1, 0, 2, 0, 0, 0, 1, 1, 0, 2, 0, 0, 0, 1, 1, 0, 2, 0, 0, 0, 1, 1, 0, 0, 0, 0, 0, 1, 1, 0, 2, 0, 0, 5, 1, 1, 1, 1, 1, 1, 1, 1]"
8,6,0.9219387769699097,0.0,0.6,0.30143690442580884,"[0, 2, 0, 0, 2, 0, 0, 2, 2, 2]","[1, 2, 2, 2, 2, 0, 2, 2, 2, 2]","[1, 1, 1, 1, 1, 1, 1, 1, 0, 2, 0, 0, 0, 1, 1, 0, 2, 0, 0, 0, 1, 1, 0, 2, 0, 0, 0, 1, 1, 0, 2, 0, 0, 0, 1, 1, 0, 0, 0, 0, 5, 1, 1, 1, 1, 1, 1, 1, 1]"
8,7,0.9081632494926453,0.9448979496955872,0.7272727272727273,0.20084565084389583,"[2, 2, 2, 2, 2, 2, 2, 2, 2, 0, 2]","[2, 1, 2, 2, 2, 0, 2, 2, 2, 1, 2]","[1, 1, 1, 1, 1, 1, 1, 1, 0, 0, 0, 2, 0, 1, 1, 0, 0, 0, 2, 0, 1, 1, 0, 0, 0, 2, 0, 1, 1, 0, 0, 0, 0, 0, 1, 1, 0, 0, 0, 2, 5, 1, 1, 1, 1, 1, 1, 1, 1]"
8,8,0.0,0.9357143044471741,0.8888888888888888,0.011446625418362342,"[2, 2, 2, 2, 0, 2, 2, 2, 2]","[2, 2, 2, 2, 1, 2, 2, 2, 2]","[1, 1, 1, 1, 1, 1, 1, 1, 0, 0, 0, 0, 0, 1, 1, 0, 2, 0, 0, 0, 1, 1, 0, 2, 0, 0, 0, 1, 1, 0, 2, 0, 0, 0, 1, 1, 0, 2, 0, 0, 5, 1, 1, 1, 1, 1, 1, 1, 1]"
8,9,0.0,0.0,0.7272727272727273,0.07719994584640145,"[0, 2, 2, 2, 2, 2, 2, 0, 2, 2, 2]","[1, 2, 0, 2, 2, 2, 2, 1, 2, 2, 2]","[1, 1, 1, 1, 1, 1, 1, 1, 0, 2, 0, 0, 0, 1, 1, 0, 0, 0, 0, 0, 1, 1, 0, 2, 0, 0, 0, 1, 1, 0, 2, 0, 0, 0, 1, 1, 0, 2, 0, 0, 5, 1, 1, 1, 1, 1, 1, 1, 1]"
8,10,0.0,0.0,0.9,0.05162841700758709,"[2, 2, 2, 2, 2, 2, 0, 2, 2, 2]","[2, 1, 2, 2, 2, 2, 0, 2, 2, 2]","[1, 1, 1, 1, 1, 1, 1, 1, 0, 0, 0, 2, 0, 1, 1, 0, 0, 0, 2, 0, 1, 1, 0, 0, 0, 2, 0, 1, 1, 0, 0, 0, 2, 0, 1, 1, 0, 0, 0, 0, 5, 1, 1, 1, 1, 1, 1, 1, 1]"
8,11,0.0,0.9265305995941162,0.8888888888888888,0.09663569470020858,"[2, 2, 2, 2, 0, 2, 2, 2, 2]","[2, 2, 2, 2, 1, 2, 2, 2, 2]","[1, 1, 1, 1, 1, 1, 1, 1, 0, 0, 0, 0, 0, 1, 1, 0, 0, 0, 2, 0, 1, 1, 0, 0, 0, 2, 0, 1, 1, 0, 0, 0, 2, 0, 1, 1, 0, 0, 0, 2, 5, 1, 1, 1, 1, 1, 1, 1, 1]"
8,12,0.9448979496955872,0.0,0.9,0.08185578362705807,"[2, 2, 2, 2, 2, 2, 0, 2, 2, 2]","[2, 1, 2, 2, 2, 2, 0, 2, 2, 2]","[1, 1, 1, 1, 1, 1, 1, 1, 0, 0, 0, 2, 0, 1, 1, 0, 0, 0, 2, 0, 1, 1, 0, 0, 0, 2, 0, 1, 1, 0, 0, 0, 2, 0, 1, 1, 0, 0, 0, 0, 5, 1, 1, 1, 1, 1, 1, 1, 1]"
8,13,0.0,0.9081632494926453,0.7272727272727273,0.011514767362945239,"[2, 2, 2, 2, 2, 2, 2, 0, 2, 2, 2]","[2, 1, 2, 0, 2, 2, 2, 1, 2, 2, 2]","[1, 1, 1, 1, 1, 1, 1, 1, 0, 0, 0, 2, 0, 1, 1, 0, 0, 0, 0, 0, 1, 1, 0, 0, 0, 2, 0, 1, 1, 0, 0, 0, 2, 0, 1, 1, 0, 0, 0, 2, 5, 1, 1, 1, 1, 1, 1, 1, 1]"
8,14,0.0,0.0,0.8181818181818182,0.16556330826323556,"[2, 2, 2, 0, 2, 2, 2, 2, 0, 2, 2]","[1, 2, 2, 0, 2, 2, 2, 2, 1, 2, 2]","[1, 1, 1, 1, 1, 1, 1, 1, 0, 0, 2, 0, 0, 1, 1, 0, 0, 2, 0, 0, 1, 1, 0, 0, 0, 0, 0, 1, 1, 0, 0, 2, 0, 0, 1, 1, 0, 0, 2, 0, 5, 1, 1, 1, 1, 1, 1, 1, 1]"
8,15,0.9448979496955872,0.0,0.8181818181818182,0.18245646704168877,"[2, 2, 2, 2, 0, 2, 2, 2, 0, 2, 2]","[2, 1, 2, 2, 0, 2, 2, 2, 1, 2, 2]","[1, 1, 1, 1, 1, 1, 1, 1, 0, 0, 0, 2, 0, 1, 1, 0, 0, 0, 2, 0, 1, 1, 0, 0, 0, 0, 0, 1, 1, 0, 0, 0, 2, 0, 1, 1, 0, 0, 0, 2, 5, 1, 1, 1, 1, 1, 1, 1, 1]"
8,16,0.0,0.9448979496955872,0.6,0.06848183375550435,"[2, 2, 0, 0, 0, 2, 0, 2, 2, 2]","[2, 1, 2, 2, 2, 2, 0, 2, 2, 2]","[1, 1, 1, 1, 1, 1, 1, 1, 0, 0, 0, 2, 0, 1, 1, 0, 0, 0, 2, 0, 1, 1, 0, 0, 0, 2, 0, 1, 1, 0, 0, 0, 2, 0, 1, 1, 0, 0, 0, 0, 5, 1, 1, 1, 1, 1, 1, 1, 1]"
8,17,0.9311224222183228,0.0,0.8181818181818182,0.016631718502718617,"[2, 2, 0, 2, 2, 2, 2, 0, 2, 2, 2]","[1, 2, 0, 2, 2, 2, 2, 1, 2, 2, 2]","[1, 1, 1, 1, 1, 1, 1, 1, 0, 0, 2, 0, 0, 1, 1, 0, 0, 0, 0, 0, 1, 1, 0, 0, 2, 0, 0, 1, 1, 0, 0, 2, 0, 0, 1, 1, 0, 0, 2, 0, 5, 1, 1, 1, 1, 1, 1, 1, 1]"
8,18,0.0,0.0,0.45454545454545453,0.13016339546848774,"[2, 2, 0, 0, 0, 2, 2, 2, 2, 0, 2]","[2, 1, 2, 2, 2, 0, 2, 2, 2, 1, 2]","[1, 1, 1, 1, 1, 1, 1, 1, 0, 0, 0, 2, 0, 1, 1, 0, 0, 0, 2, 0, 1, 1, 0, 0, 0, 2, 0, 1, 1, 0, 0, 0, 0, 0, 1, 1, 0, 0, 0, 2, 5, 1, 1, 1, 1, 1, 1, 1, 1]"
8,19,0.0,0.9494897723197937,0.8888888888888888,0.21976002272484557,"[2, 2, 2, 2, 0, 2, 2, 2, 2]","[2, 2, 2, 2, 1, 2, 2, 2, 2]","[1, 1, 1, 1, 1, 1, 1, 1, 0, 0, 0, 0, 0, 1, 1, 0, 0, 2, 0, 0, 1, 1, 0, 0, 2, 0, 0, 1, 1, 0, 0, 2, 0, 0, 1, 1, 0, 0, 2, 0, 5, 1, 1, 1, 1, 1, 1, 1, 1]"
9,0,0.8989796042442322,0.954081654548645,0.8181818181818182,0.2976174916548189,"[0, 2, 0, 2, 2, 2, 2, 0, 2, 2, 2]","[1, 2, 0, 2, 2, 2, 2, 1, 2, 2, 2]","[1, 1, 1, 1, 1, 1, 1, 1, 0, 2, 0, 0, 0, 1, 1, 0, 0, 0, 0, 0, 1, 1, 0, 2, 0, 0, 0, 1, 1, 0, 2, 0, 0, 0, 1, 1, 0, 2, 0, 0, 5, 1, 1, 1, 1, 1, 1, 1, 1]"
9,1,0.9357143044471741,0.8989796042442322,0.7272727272727273,0.013650536585676795,"[2, 2, 2, 2, 2, 2, 2, 2, 2, 0, 2]","[1, 2, 2, 2, 0, 2, 2, 2, 2, 1, 2]","[1, 1, 1, 1, 1, 1, 1, 1, 0, 0, 2, 0, 0, 1, 1, 0, 0, 2, 0, 0, 1, 1, 0, 0, 2, 0, 0, 1, 1, 0, 0, 0, 0, 0, 1, 1, 0, 0, 2, 0, 5, 1, 1, 1, 1, 1, 1, 1, 1]"
9,2,0.9219387769699097,0.9081632494926453,0.5,0.07989935589333376,"[2, 2, 0, 0, 0, 2, 0, 2, 0, 2]","[2, 1, 2, 2, 2, 2, 0, 2, 2, 2]","[1, 1, 1, 1, 1, 1, 1, 1, 0, 0, 0, 2, 0, 1, 1, 0, 0, 0, 2, 0, 1, 1, 0, 0, 0, 2, 0, 1, 1, 0, 0, 0, 2, 0, 1, 1, 0, 0, 0, 0, 5, 1, 1, 1, 1, 1, 1, 1, 1]"
9,3,0.9357143044471741,0.9448979496955872,0.8888888888888888,0.012201431766152382,"[2, 2, 2, 2, 0, 2, 2, 2, 2]","[2, 2, 2, 2, 1, 2, 2, 2, 2]","[1, 1, 1, 1, 1, 1, 1, 1, 0, 0, 0, 0, 0, 1, 1, 0, 0, 0, 2, 0, 1, 1, 0, 0, 0, 2, 0, 1, 1, 0, 0, 0, 2, 0, 1, 1, 0, 0, 0, 2, 5, 1, 1, 1, 1, 1, 1, 1, 1]"
9,4,0.0,0.0,0.8888888888888888,0.7026490875191949,"[2, 2, 2, 2, 2, 2, 2, 2, 2]","[2, 2, 2, 2, 1, 2, 2, 2, 2]","[1, 1, 1, 1, 1, 1, 1, 1, 0, 0, 0, 0, 0, 1, 1, 0, 0, 0, 2, 0, 1, 1, 0, 0, 0, 2, 0, 1, 1, 0, 0, 0, 2, 0, 1, 1, 0, 0, 0, 2, 5, 1, 1, 1, 1, 1, 1, 1, 1]"
9,5,0.0,0.9357143044471741,0.8888888888888888,0.05957153512572404,"[2, 2, 2, 2, 0, 2, 2, 2, 2]","[2, 2, 2, 2, 1, 2, 2, 2, 2]","[1, 1, 1, 1, 1, 1, 1, 1, 0, 0, 0, 0, 0, 1, 1, 0, 0, 0, 2, 0, 1, 1, 0, 0, 0, 2, 0, 1, 1, 0, 0, 0, 2, 0, 1, 1, 0, 0, 0, 2, 5, 1, 1, 1, 1, 1, 1, 1, 1]"
9,6,0.8989796042442322,0.9357143044471741,0.9,0.20361341750070167,"[2, 2, 2, 2, 2, 0, 2, 2, 2, 2]","[1, 2, 2, 2, 2, 0, 2, 2, 2, 2]","[1, 1, 1, 1, 1, 1, 1, 1, 0, 0, 2, 0, 0, 1, 1, 0, 0, 2, 0, 0, 1, 1, 0, 0, 2, 0, 0, 1, 1, 0, 0, 2, 0, 0, 1, 1, 0, 0, 0, 0, 5, 1, 1, 1, 1, 1, 1, 1, 1]"
9,7,0.9448979496955872,0.9448979496955872,0.8181818181818182,0.046230284904595464,"[2, 2, 0, 2, 2, 2, 2, 0, 2, 2, 2]","[1, 2, 0, 2, 2, 2, 2, 1, 2, 2, 2]","[1, 1, 1, 1, 1, 1, 1, 1, 0, 0, 2, 0, 0, 1, 1, 0, 0, 0, 0, 0, 1, 1, 0, 0, 2, 0, 0, 1, 1, 0, 0, 2, 0, 0, 1, 1, 0, 0, 2, 0, 5, 1, 1, 1, 1, 1, 1, 1, 1]"
9,8,0.9081632494926453,0.9448979496955872,0.8181818181818182,0.14127175941636474,"[0, 2, 2, 0, 2, 2, 2, 2, 0, 2, 2]","[1, 2, 2, 0, 2, 2, 2, 2, 1, 2, 2]","[1, 1, 1, 1, 1, 1, 1, 1, 0, 2, 0, 0, 0, 1, 1, 0, 2, 0, 0, 0, 1, 1, 0, 0, 0, 0, 0, 1, 1, 0, 2, 0, 0, 0, 1, 1, 0, 2, 0, 0, 5, 1, 1, 1, 1, 1, 1, 1, 1]"
9,9,0.0,0.9219387769699097,0.6363636363636364,0.051042398263234645,"[0, 2, 2, 0, 2, 2, 2, 2, 2, 0, 2]","[1, 2, 2, 2, 0, 2, 2, 2, 2, 1, 2]","[1, 1, 1, 1, 1, 1, 1, 1, 0, 2, 0, 0, 0, 1, 1, 0, 2, 0, 0, 0, 1, 1, 0, 2, 0, 0, 0, 1, 1, 0, 0, 0, 0, 0, 1, 1, 0, 2, 0, 0, 5, 1, 1, 1, 1, 1, 1, 1, 1]"
9,10,0.8989796042442322,0.9173469543457031,0.9,0.20119513820723764,"[0, 2, 2, 2, 2, 0, 2, 2, 2, 2]","[1, 2, 2, 2, 2, 0, 2, 2, 2, 2]","[1, 1, 1, 1, 1, 1, 1, 1, 0, 2, 0, 0, 0, 1, 1, 0, 2, 0, 0, 0, 1, 1, 0, 2, 0, 0, 0, 1, 1, 0, 2, 0, 0, 0, 1, 1, 0, 0, 0, 0, 5, 1, 1, 1, 1, 1, 1, 1, 1]"
9,11,0.8989796042442322,0.9357143044471741,0.7272727272727273,0.07349931039611039,"[0, 2, 2, 2, 2, 2, 2, 2, 2, 0, 2]","[1, 2, 2, 2, 0, 2, 2, 2, 2, 1, 2]","[1, 1, 1, 1, 1, 1, 1, 1, 0, 2, 0, 0, 0, 1, 1, 0, 2, 0, 0, 0, 1, 1, 0, 2, 0, 0, 0, 1, 1, 0, 0, 0, 0, 0, 1, 1, 0, 2, 0, 0, 5, 1, 1, 1, 1, 1, 1, 1, 1]"
9,12,0.0,0.9311224222183228,0.7272727272727273,0.08754550753166063,"[0, 2, 0, 2, 2, 0, 2, 0, 2, 2, 2]","[1, 2, 0, 2, 2, 2, 2, 1, 2, 2, 2]","[1, 1, 1, 1, 1, 1, 1, 1, 0, 2, 0, 0, 0, 1, 1, 0, 0, 0, 0, 0, 1, 1, 0, 2, 0, 0, 0, 1, 1, 0, 2, 0, 0, 0, 1, 1, 0, 2, 0, 0, 5, 1, 1, 1, 1, 1, 1, 1, 1]"
9,13,0.9448979496955872,0.0,0.7272727272727273,0.09294685108276705,"[2, 2, 2, 2, 2, 2, 2, 2, 2, 0, 2]","[2, 1, 2, 2, 2, 0, 2, 2, 2, 1, 2]","[1, 1, 1, 1, 1, 1, 1, 1, 0, 0, 0, 2, 0, 1, 1, 0, 0, 0, 2, 0, 1, 1, 0, 0, 0, 2, 0, 1, 1, 0, 0, 0, 0, 0, 1, 1, 0, 0, 0, 2, 5, 1, 1, 1, 1, 1, 1, 1, 1]"
9,14,0.0,0.0,0.8888888888888888,0.01688653027771839,"[2, 2, 2, 2, 0, 2, 2, 2, 2]","[2, 2, 2, 2, 1, 2, 2, 2, 2]","[1, 1, 1, 1, 1, 1, 1, 1, 0, 0, 0, 0, 0, 1, 1, 0, 0, 2, 0, 0, 1, 1, 0, 0, 2, 0, 0, 1, 1, 0, 0, 2, 0, 0, 1, 1, 0, 0, 2, 0, 5, 1, 1, 1, 1, 1, 1, 1, 1]"
9,15,0.9173469543457031,0.0,0.8181818181818182,0.05253184882328949,"[2, 2, 0, 2, 2, 2, 2, 0, 2, 2, 2]","[1, 2, 0, 2, 2, 2, 2, 1, 2, 2, 2]","[1, 1, 1, 1, 1, 1, 1, 1, 0, 0, 2, 0, 0, 1, 1, 0, 0, 0, 0, 0, 1, 1, 0, 0, 2, 0, 0, 1, 1, 0, 0, 2, 0, 0, 1, 1, 0, 0, 2, 0, 5, 1, 1, 1, 1, 1, 1, 1, 1]"
9,16,0.0,0.9081632494926453,0.8181818181818182,0.0883315048603417,"[2, 2, 2, 0, 2, 2, 2, 2, 0, 2, 2]","[1, 2, 2, 0, 2, 2, 2, 2, 1, 2, 2]","[1, 1, 1, 1, 1, 1, 1, 1, 0, 0, 2, 0, 0, 1, 1, 0, 0, 2, 0, 0, 1, 1, 0, 0, 0, 0, 0, 1, 1, 0, 0, 2, 0, 0, 1, 1, 0, 0, 2, 0, 5, 1, 1, 1, 1, 1, 1, 1, 1]"
9,17,0.9173469543457031,0.8989796042442322,0.6363636363636364,0.03696522070094943,"[0, 2, 2, 2, 2, 0, 2, 2, 2, 0, 2]","[1, 2, 2, 2, 0, 2, 2, 2, 2, 1, 2]","[1, 1, 1, 1, 1, 1, 1, 1, 0, 2, 0, 0, 0, 1, 1, 0, 2, 0, 0, 0, 1, 1, 0, 2, 0, 0, 0, 1, 1, 0, 0, 0, 0, 0, 1, 1, 0, 2, 0, 0, 5, 1, 1, 1, 1, 1, 1, 1, 1]"
9,18,0.0,0.9035714268684387,0.9,0.027694077677644636,"[0, 2, 2, 2, 2, 0, 2, 2, 2, 2]","[1, 2, 2, 2, 2, 0, 2, 2, 2, 2]","[1, 1, 1, 1, 1, 1, 1, 1, 0, 2, 0, 0, 0, 1, 1, 0, 2, 0, 0, 0, 1, 1, 0, 2, 0, 0, 0, 1, 1, 0, 2, 0, 0, 0, 1, 1, 0, 0, 0, 0, 5, 1, 1, 1, 1, 1, 1, 1, 1]"
9,19,0.0,0.9494897723197937,0.8888888888888888,0.01977090135915205,"[2, 2, 2, 2, 0, 2, 2, 2, 2]","[2, 2, 2, 2, 1, 2, 2, 2, 2]","[1, 1, 1, 1, 1, 1, 1, 1, 0, 0, 0, 0, 0, 1, 1, 0, 0, 0, 2, 0, 1, 1, 0, 0, 0, 2, 0, 1, 1, 0, 0, 0, 2, 0, 1, 1, 0, 0, 0, 2, 5, 1, 1, 1, 1, 1, 1, 1, 1]"
10,0,0.0,0.9081632494926453,0.9,0.07908967901021242,"[0, 2, 2, 2, 2, 0, 2, 2, 2, 2]","[1, 2, 2, 2, 2, 0, 2, 2, 2, 2]","[1, 1, 1, 1, 1, 1, 1, 1, 0, 2, 0, 0, 0, 1, 1, 0, 2, 0, 0, 0, 1, 1, 0, 2, 0, 0, 0, 1, 1, 0, 2, 0, 0, 0, 1, 1, 0, 0, 0, 0, 5, 1, 1, 1, 1, 1, 1, 1, 1]"
10,1,0.9494897723197937,0.9448979496955872,0.6363636363636364,0.10786433215424254,"[2, 2, 2, 0, 2, 2, 2, 2, 2, 0, 2]","[1, 2, 2, 2, 0, 2, 2, 2, 2, 1, 2]","[1, 1, 1, 1, 1, 1, 1, 1, 0, 0, 2, 0, 0, 1, 1, 0, 0, 2, 0, 0, 1, 1, 0, 0, 2, 0, 0, 1, 1, 0, 0, 0, 0, 0, 1, 1, 0, 0, 2, 0, 5, 1, 1, 1, 1, 1, 1, 1, 1]"
10,2,0.9311224222183228,0.9357143044471741,0.6363636363636364,0.003954439996353661,"[0, 2, 2, 2, 2, 0, 2, 0, 2, 2, 2]","[1, 2, 0, 2, 2, 2, 2, 1, 2, 2, 2]","[1, 1, 1, 1, 1, 1, 1, 1, 0, 2, 0, 0, 0, 1, 1, 0, 0, 0, 0, 0, 1, 1, 0, 2, 0, 0, 0, 1, 1, 0, 2, 0, 0, 0, 1, 1, 0, 2, 0, 0, 5, 1, 1, 1, 1, 1, 1, 1, 1]"
10,3,0.9494897723197937,0.9586734771728516,0.8181818181818182,0.1301505831824298,"[2, 2, 2, 0, 2, 2, 2, 0, 2, 2, 2]","[2, 1, 2, 0, 2, 2, 2, 1, 2, 2, 2]","[1, 1, 1, 1, 1, 1, 1, 1, 0, 0, 0, 2, 0, 1, 1, 0, 0, 0, 0, 0, 1, 1, 0, 0, 0, 2, 0, 1, 1, 0, 0, 0, 2, 0, 1, 1, 0, 0, 0, 2, 5, 1, 1, 1, 1, 1, 1, 1, 1]"
10,4,0.9311224222183228,0.0,0.7272727272727273,0.2954193691209871,"[2, 2, 2, 2, 2, 2, 2, 2, 2, 0, 2]","[2, 1, 2, 2, 2, 0, 2, 2, 2, 1, 2]","[1, 1, 1, 1, 1, 1, 1, 1, 0, 0, 0, 2, 0, 1, 1, 0, 0, 0, 2, 0, 1, 1, 0, 0, 0, 2, 0, 1, 1, 0, 0, 0, 0, 0, 1, 1, 0, 0, 0, 2, 5, 1, 1, 1, 1, 1, 1, 1, 1]"
10,5,0.0,0.9586734771728516,0.8888888888888888,0.1898803729757977,"[2, 2, 2, 2, 0, 2, 2, 2, 2]","[2, 2, 2, 2, 1, 2, 2, 2, 2]","[1, 1, 1, 1, 1, 1, 1, 1, 0, 0, 0, 0, 0, 1, 1, 0, 2, 0, 0, 0, 1, 1, 0, 2, 0, 0, 0, 1, 1, 0, 2, 0, 0, 0, 1, 1, 0, 2, 0, 0, 5, 1, 1, 1, 1, 1, 1, 1, 1]"
10,6,0.0,0.0,0.7272727272727273,0.06892785494814493,"[2, 2, 2, 2, 2, 2, 2, 0, 2, 2, 2]","[1, 2, 0, 2, 2, 2, 2, 1, 2, 2, 2]","[1, 1, 1, 1, 1, 1, 1, 1, 0, 0, 2, 0, 0, 1, 1, 0, 0, 0, 0, 0, 1, 1, 0, 0, 2, 0, 0, 1, 1, 0, 0, 2, 0, 0, 1, 1, 0, 0, 2, 0, 5, 1, 1, 1, 1, 1, 1, 1, 1]"
10,7,0.0,0.9219387769699097,0.8888888888888888,0.1009126380732697,"[2, 2, 2, 2, 0, 2, 2, 2, 2]","[2, 2, 2, 2, 1, 2, 2, 2, 2]","[1, 1, 1, 1, 1, 1, 1, 1, 0, 0, 0, 0, 0, 1, 1, 0, 2, 0, 0, 0, 1, 1, 0, 2, 0, 0, 0, 1, 1, 0, 2, 0, 0, 0, 1, 1, 0, 2, 0, 0, 5, 1, 1, 1, 1, 1, 1, 1, 1]"
10,8,0.0,0.9448979496955872,0.9,0.09128471065196209,"[2, 2, 2, 2, 2, 2, 0, 2, 2, 2]","[2, 1, 2, 2, 2, 2, 0, 2, 2, 2]","[1, 1, 1, 1, 1, 1, 1, 1, 0, 0, 0, 2, 0, 1, 1, 0, 0, 0, 2, 0, 1, 1, 0, 0, 0, 2, 0, 1, 1, 0, 0, 0, 2, 0, 1, 1, 0, 0, 0, 0, 5, 1, 1, 1, 1, 1, 1, 1, 1]"
10,9,0.9494897723197937,0.0,0.8181818181818182,0.2181341565652367,"[0, 2, 2, 0, 2, 2, 2, 2, 0, 2, 2]","[1, 2, 2, 0, 2, 2, 2, 2, 1, 2, 2]","[1, 1, 1, 1, 1, 1, 1, 1, 0, 2, 0, 0, 0, 1, 1, 0, 2, 0, 0, 0, 1, 1, 0, 0, 0, 0, 0, 1, 1, 0, 2, 0, 0, 0, 1, 1, 0, 2, 0, 0, 5, 1, 1, 1, 1, 1, 1, 1, 1]"
10,10,0.0,0.0,0.6363636363636364,0.8500333400970332,"[0, 2, 2, 0, 2, 2, 2, 2, 2, 0, 2]","[1, 2, 2, 2, 0, 2, 2, 2, 2, 1, 2]","[1, 1, 1, 1, 1, 1, 1, 1, 0, 2, 0, 0, 0, 1, 1, 0, 2, 0, 0, 0, 1, 1, 0, 2, 0, 0, 0, 1, 1, 0, 0, 0, 0, 0, 1, 1, 0, 2, 0, 0, 5, 1, 1, 1, 1, 1, 1, 1, 1]"
10,11,0.0,0.9081632494926453,0.8888888888888888,0.091947590342236,"[2, 2, 2, 2, 0, 2, 2, 2, 2]","[2, 2, 2, 2, 1, 2, 2, 2, 2]","[1, 1, 1, 1, 1, 1, 1, 1, 0, 0, 0, 0, 0, 1, 1, 0, 0, 0, 2, 0, 1, 1, 0, 0, 0, 2, 0, 1, 1, 0, 0, 0, 2, 0, 1, 1, 0, 0, 0, 2, 5, 1, 1, 1, 1, 1, 1, 1, 1]"
10,12,0.9357143044471741,0.9448979496955872,0.9,0.012290851229668729,"[2, 2, 2, 2, 2, 2, 0, 2, 2, 2]","[2, 1, 2, 2, 2, 2, 0, 2, 2, 2]","[1, 1, 1, 1, 1, 1, 1, 1, 0, 0, 0, 2, 0, 1, 1, 0, 0, 0, 2, 0, 1, 1, 0, 0, 0, 2, 0, 1, 1, 0, 0, 0, 2, 0, 1, 1, 0, 0, 0, 0, 5, 1, 1, 1, 1, 1, 1, 1, 1]"
10,13,0.9219387769699097,0.9081632494926453,0.6363636363636364,0.10624858003404156,"[2, 2, 2, 0, 2, 2, 2, 2, 2, 0, 2]","[1, 2, 2, 2, 0, 2, 2, 2, 2, 1, 2]","[1, 1, 1, 1, 1, 1, 1, 1, 0, 0, 2, 0, 0, 1, 1, 0, 0, 2, 0, 0, 1, 1, 0, 0, 2, 0, 0, 1, 1, 0, 0, 0, 0, 0, 1, 1, 0, 0, 2, 0, 5, 1, 1, 1, 1, 1, 1, 1, 1]"
10,14,0.9448979496955872,0.9081632494926453,0.8181818181818182,0.10707736904115168,"[2, 2, 2, 2, 0, 2, 2, 2, 0, 2, 2]","[2, 1, 2, 2, 0, 2, 2, 2, 1, 2, 2]","[1, 1, 1, 1, 1, 1, 1, 1, 0, 0, 0, 2, 0, 1, 1, 0, 0, 0, 2, 0, 1, 1, 0, 0, 0, 0, 0, 1, 1, 0, 0, 0, 2, 0, 1, 1, 0, 0, 0, 2, 5, 1, 1, 1, 1, 1, 1, 1, 1]"
10,15,0.9448979496955872,0.9035714268684387,0.8181818181818182,0.06335773979398338,"[2, 2, 2, 0, 2, 2, 2, 0, 2, 2, 2]","[2, 1, 2, 0, 2, 2, 2, 1, 2, 2, 2]","[1, 1, 1, 1, 1, 1, 1, 1, 0, 0, 0, 2, 0, 1, 1, 0, 0, 0, 0, 0, 1, 1, 0, 0, 0, 2, 0, 1, 1, 0, 0, 0, 2, 0, 1, 1, 0, 0, 0, 2, 5, 1, 1, 1, 1, 1, 1, 1, 1]"
10,16,0.0,0.8989796042442322,0.8181818181818182,0.19116562338207255,"[2, 2, 2, 0, 2, 2, 2, 2, 0, 2, 2]","[1, 2, 2, 0, 2, 2, 2, 2, 1, 2, 2]","[1, 1, 1, 1, 1, 1, 1, 1, 0, 0, 2, 0, 0, 1, 1, 0, 0, 2, 0, 0, 1, 1, 0, 0, 0, 0, 0, 1, 1, 0, 0, 2, 0, 0, 1, 1, 0, 0, 2, 0, 5, 1, 1, 1, 1, 1, 1, 1, 1]"
10,17,0.0,0.0,0.6363636363636364,0.05670740640911093,"[0, 2, 2, 2, 2, 0, 2, 0, 2, 2, 2]","[1, 2, 0, 2, 2, 2, 2, 1, 2, 2, 2]","[1, 1, 1, 1, 1, 1, 1, 1, 0, 2, 0, 0, 0, 1, 1, 0, 0, 0, 0, 0, 1, 1, 0, 2, 0, 0, 0, 1, 1, 0, 2, 0, 0, 0, 1, 1, 0, 2, 0, 0, 5, 1, 1, 1, 1, 1, 1, 1, 1]"
10,18,0.9448979496955872,0.9127551317214966,0.9,0.011894937088518232,"[2, 2, 2, 2, 2, 2, 0, 2, 2, 2]","[2, 1, 2, 2, 2, 2, 0, 2, 2, 2]","[1, 1, 1, 1, 1, 1, 1, 1, 0, 0, 0, 2, 0, 1, 1, 0, 0, 0, 2, 0, 1, 1, 0, 0, 0, 2, 0, 1, 1, 0, 0, 0, 2, 0, 1, 1, 0, 0, 0, 0, 5, 1, 1, 1, 1, 1, 1, 1, 1]"
10,19,0.0,0.0,0.7272727272727273,0.09642321206819342,"[2, 2, 2, 2, 2, 2, 2, 2, 2, 0, 2]","[1, 2, 2, 2, 0, 2, 2, 2, 2, 1, 2]","[1, 1, 1, 1, 1, 1, 1, 1, 0, 0, 2, 0, 0, 1, 1, 0, 0, 2, 0, 0, 1, 1, 0, 0, 2, 0, 0, 1, 1, 0, 0, 0, 0, 0, 1, 1, 0, 0, 2, 0, 5, 1, 1, 1, 1, 1, 1, 1, 1]"
11,0,0.9586734771728516,0.0,0.9090909090909091,0.49624839782885904,"[2, 2, 0, 2, 2, 2, 2, 1, 2, 2, 2]","[1, 2, 0, 2, 2, 2, 2, 1, 2, 2, 2]","[1, 1, 1, 1, 1, 1, 1, 1, 0, 0, 2, 0, 0, 1, 1, 0, 0, 0, 0, 0, 1, 1, 0, 0, 2, 0, 0, 1, 1, 0, 0, 2, 0, 0, 1, 1, 0, 0, 2, 0, 5, 1, 1, 1, 1, 1, 1, 1, 1]"
11,1,0.9494897723197937,0.0,0.8181818181818182,0.048683148711764566,"[2, 2, 2, 2, 0, 2, 2, 2, 0, 2, 2]","[2, 1, 2, 2, 0, 2, 2, 2, 1, 2, 2]","[1, 1, 1, 1, 1, 1, 1, 1, 0, 0, 0, 2, 0, 1, 1, 0, 0, 0, 2, 0, 1, 1, 0, 0, 0, 0, 0, 1, 1, 0, 0, 0, 2, 0, 1, 1, 0, 0, 0, 2, 5, 1, 1, 1, 1, 1, 1, 1, 1]"
11,2,0.0,0.0,0.9,0.03639968210093988,"[0, 2, 2, 2, 2, 0, 2, 2, 2, 2]","[1, 2, 2, 2, 2, 0, 2, 2, 2, 2]","[1, 1, 1, 1, 1, 1, 1, 1, 0, 2, 0, 0, 0, 1, 1, 0, 2, 0, 0, 0, 1, 1, 0, 2, 0, 0, 0, 1, 1, 0, 2, 0, 0, 0, 1, 1, 0, 0, 0, 0, 5, 1, 1, 1, 1, 1, 1, 1, 1]"
11,3,0.9035714268684387,0.9494897723197937,0.8181818181818182,0.09722502614992361,"[2, 2, 2, 2, 0, 2, 2, 2, 0, 2, 2]","[2, 1, 2, 2, 0, 2, 2, 2, 1, 2, 2]","[1, 1, 1, 1, 1, 1, 1, 1, 0, 0, 0, 2, 0, 1, 1, 0, 0, 0, 2, 0, 1, 1, 0, 0, 0, 0, 0, 1, 1, 0, 0, 0, 2, 0, 1, 1, 0, 0, 0, 2, 5, 1, 1, 1, 1, 1, 1, 1, 1]"
11,4,0.9035714268684387,0.9127551317214966,0.9,0.14877024465786978,"[2, 2, 2, 2, 2, 0, 2, 2, 2, 2]","[1, 2, 2, 2, 2, 0, 2, 2, 2, 2]","[1, 1, 1, 1, 1, 1, 1, 1, 0, 0, 2, 0, 0, 1, 1, 0, 0, 2, 0, 0, 1, 1, 0, 0, 2, 0, 0, 1, 1, 0, 0, 2, 0, 0, 1, 1, 0, 0, 0, 0, 5, 1, 1, 1, 1, 1, 1, 1, 1]"
11,5,0.0,0.9357143044471741,0.8181818181818182,0.050003166871399364,"[2, 2, 2, 2, 0, 2, 2, 2, 0, 2, 2]","[2, 1, 2, 2, 0, 2, 2, 2, 1, 2, 2]","[1, 1, 1, 1, 1, 1, 1, 1, 0, 0, 0, 2, 0, 1, 1, 0, 0, 0, 2, 0, 1, 1, 0, 0, 0, 0, 0, 1, 1, 0, 0, 0, 2, 0, 1, 1, 0, 0, 0, 2, 5, 1, 1, 1, 1, 1, 1, 1, 1]"
11,6,0.9265305995941162,0.0,0.8181818181818182,0.037211609461034335,"[2, 2, 2, 0, 2, 2, 2, 0, 2, 2, 2]","[2, 1, 2, 0, 2, 2, 2, 1, 2, 2, 2]","[1, 1, 1, 1, 1, 1, 1, 1, 0, 0, 0, 2, 0, 1, 1, 0, 0, 0, 0, 0, 1, 1, 0, 0, 0, 2, 0, 1, 1, 0, 0, 0, 2, 0, 1, 1, 0, 0, 0, 2, 5, 1, 1, 1, 1, 1, 1, 1, 1]"
11,7,0.0,0.9403061270713806,0.7272727272727273,0.5170500705405304,"[2, 2, 2, 2, 2, 2, 2, 2, 0, 2, 2]","[2, 1, 2, 2, 0, 2, 2, 2, 1, 2, 2]","[1, 1, 1, 1, 1, 1, 1, 1, 0, 0, 0, 2, 0, 1, 1, 0, 0, 0, 2, 0, 1, 1, 0, 0, 0, 0, 0, 1, 1, 0, 0, 0, 2, 0, 1, 1, 0, 0, 0, 2, 5, 1, 1, 1, 1, 1, 1, 1, 1]"
11,8,0.0,0.9311224222183228,0.8888888888888888,0.055300280766625125,"[2, 2, 2, 2, 0, 2, 2, 2, 2]","[2, 2, 2, 2, 1, 2, 2, 2, 2]","[1, 1, 1, 1, 1, 1, 1, 1, 0, 0, 0, 0, 0, 1, 1, 0, 2, 0, 0, 0, 1, 1, 0, 2, 0, 0, 0, 1, 1, 0, 2, 0, 0, 0, 1, 1, 0, 2, 0, 0, 5, 1, 1, 1, 1, 1, 1, 1, 1]"
11,9,0.0,0.9586734771728516,0.8,0.8237362436104414,"[2, 2, 2, 2, 2, 2, 2, 2, 2, 2]","[1, 2, 2, 2, 2, 0, 2, 2, 2, 2]","[1, 1, 1, 1, 1, 1, 1, 1, 0, 0, 2, 0, 0, 1, 1, 0, 0, 2, 0, 0, 1, 1, 0, 0, 2, 0, 0, 1, 1, 0, 0, 2, 0, 0, 1, 1, 0, 0, 0, 0, 5, 1, 1, 1, 1, 1, 1, 1, 1]"
11,10,0.8989796042442322,0.9081632494926453,0.8181818181818182,0.08965503004968495,"[0, 2, 0, 2, 2, 2, 2, 0, 2, 2, 2]","[1, 2, 0, 2, 2, 2, 2, 1, 2, 2, 2]","[1, 1, 1, 1, 1, 1, 1, 1, 0, 2, 0, 0, 0, 1, 1, 0, 0, 0, 0, 0, 1, 1, 0, 2, 0, 0, 0, 1, 1, 0, 2, 0, 0, 0, 1, 1, 0, 2, 0, 0, 5, 1, 1, 1, 1, 1, 1, 1, 1]"
11,11,0.9586734771728516,0.954081654548645,1.0,0.12345463763922453,"[1, 2, 0, 2, 2, 2, 2, 1, 2, 2, 2]","[1, 2, 0, 2, 2, 2, 2, 1, 2, 2, 2]","[1, 1, 1, 1, 1, 1, 1, 1, 0, 2, 0, 0, 0, 1, 1, 0, 0, 0, 0, 0, 1, 1, 0, 2, 0, 0, 0, 1, 1, 0, 2, 0, 0, 0, 1, 1, 0, 2, 0, 0, 5, 1, 1, 1, 1, 1, 1, 1, 1]"
11,12,0.9357143044471741,0.9357143044471741,0.9,0.012584663525922224,"[0, 2, 2, 2, 2, 0, 2, 2, 2, 2]","[1, 2, 2, 2, 2, 0, 2, 2, 2, 2]","[1, 1, 1, 1, 1, 1, 1, 1, 0, 2, 0, 0, 0, 1, 1, 0, 2, 0, 0, 0, 1, 1, 0, 2, 0, 0, 0, 1, 1, 0, 2, 0, 0, 0, 1, 1, 0, 0, 0, 0, 5, 1, 1, 1, 1, 1, 1, 1, 1]"
11,13,0.0,0.8989796042442322,0.8181818181818182,0.08585175583721139,"[2, 2, 2, 2, 0, 2, 2, 2, 0, 2, 2]","[2, 1, 2, 2, 0, 2, 2, 2, 1, 2, 2]","[1, 1, 1, 1, 1, 1, 1, 1, 0, 0, 0, 2, 0, 1, 1, 0, 0, 0, 2, 0, 1, 1, 0, 0, 0, 0, 0, 1, 1, 0, 0, 0, 2, 0, 1, 1, 0, 0, 0, 2, 5, 1, 1, 1, 1, 1, 1, 1, 1]"
11,14,0.9357143044471741,0.0,0.9090909090909091,0.10363947307424885,"[2, 2, 2, 2, 0, 2, 2, 2, 1, 2, 2]","[2, 1, 2, 2, 0, 2, 2, 2, 1, 2, 2]","[1, 1, 1, 1, 1, 1, 1, 1, 0, 0, 0, 2, 0, 1, 1, 0, 0, 0, 2, 0, 1, 1, 0, 0, 0, 0, 0, 1, 1, 0, 0, 0, 2, 0, 1, 1, 0, 0, 0, 2, 5, 1, 1, 1, 1, 1, 1, 1, 1]"
11,15,0.0,0.9494897723197937,0.8181818181818182,0.05502603995975935,"[0, 2, 2, 0, 2, 2, 2, 2, 0, 2, 2]","[1, 2, 2, 0, 2, 2, 2, 2, 1, 2, 2]","[1, 1, 1, 1, 1, 1, 1, 1, 0, 2, 0, 0, 0, 1, 1, 0, 2, 0, 0, 0, 1, 1, 0, 0, 0, 0, 0, 1, 1, 0, 2, 0, 0, 0, 1, 1, 0, 2, 0, 0, 5, 1, 1, 1, 1, 1, 1, 1, 1]"
11,16,0.0,0.9448979496955872,0.9,0.17889269658397616,"[2, 2, 2, 2, 2, 2, 0, 2, 2, 2]","[2, 1, 2, 2, 2, 2, 0, 2, 2, 2]","[1, 1, 1, 1, 1, 1, 1, 1, 0, 0, 0, 2, 0, 1, 1, 0, 0, 0, 2, 0, 1, 1, 0, 0, 0, 2, 0, 1, 1, 0, 0, 0, 2, 0, 1, 1, 0, 0, 0, 0, 5, 1, 1, 1, 1, 1, 1, 1, 1]"
11,17,0.9494897723197937,0.0,0.7272727272727273,0.0889982642173501,"[2, 2, 2, 2, 2, 2, 2, 2, 2, 0, 2]","[1, 2, 2, 2, 0, 2, 2, 2, 2, 1, 2]","[1, 1, 1, 1, 1, 1, 1, 1, 0, 0, 2, 0, 0, 1, 1, 0, 0, 2, 0, 0, 1, 1, 0, 0, 2, 0, 0, 1, 1, 0, 0, 0, 0, 0, 1, 1, 0, 0, 2, 0, 5, 1, 1, 1, 1, 1, 1, 1, 1]"
11,18,0.9448979496955872,0.8989796042442322,0.8181818181818182,0.009070157856595788,"[2, 2, 2, 2, 0, 2, 2, 2, 0, 2, 2]","[2, 1, 2, 2, 0, 2, 2, 2, 1, 2, 2]","[1, 1, 1, 1, 1, 1, 1, 1, 0, 0, 0, 2, 0, 1, 1, 0, 0, 0, 2, 0, 1, 1, 0, 0, 0, 0, 0, 1, 1, 0, 0, 0, 2, 0, 1, 1, 0, 0, 0, 2, 5, 1, 1, 1, 1, 1, 1, 1, 1]"
11,19,0.0,0.0,0.9,0.038446688926672905,"[0, 2, 2, 2, 2, 0, 2, 2, 2, 2]","[1, 2, 2, 2, 2, 0, 2, 2, 2, 2]","[1, 1, 1, 1, 1, 1, 1, 1, 0, 2, 0, 0, 0, 1, 1, 0, 2, 0, 0, 0, 1, 1, 0, 2, 0, 0, 0, 1, 1, 0, 2, 0, 0, 0, 1, 1, 0, 0, 0, 0, 5, 1, 1, 1, 1, 1, 1, 1, 1]"
12,0,0.9586734771728516,0.9586734771728516,0.8181818181818182,0.11190482157028535,"[2, 2, 2, 2, 2, 2, 2, 1, 2, 2, 2]","[1, 2, 0, 2, 2, 2, 2, 1, 2, 2, 2]","[1, 1, 1, 1, 1, 1, 1, 1, 0, 0, 2, 0, 0, 1, 1, 0, 0, 0, 0, 0, 1, 1, 0, 0, 2, 0, 0, 1, 1, 0, 0, 2, 0, 0, 1, 1, 0, 0, 2, 0, 5, 1, 1, 1, 1, 1, 1, 1, 1]"
12,1,0.0,0.0,0.8181818181818182,0.14451310913106996,"[2, 2, 2, 0, 2, 2, 2, 2, 0, 2, 2]","[1, 2, 2, 0, 2, 2, 2, 2, 1, 2, 2]","[1, 1, 1, 1, 1, 1, 1, 1, 0, 0, 2, 0, 0, 1, 1, 0, 0, 2, 0, 0, 1, 1, 0, 0, 0, 0, 0, 1, 1, 0, 0, 2, 0, 0, 1, 1, 0, 0, 2, 0, 5, 1, 1, 1, 1, 1, 1, 1, 1]"
12,2,0.9081632494926453,0.0,0.8181818181818182,0.09077848397594478,"[2, 2, 0, 2, 2, 2, 2, 0, 2, 2, 2]","[1, 2, 0, 2, 2, 2, 2, 1, 2, 2, 2]","[1, 1, 1, 1, 1, 1, 1, 1, 0, 0, 2, 0, 0, 1, 1, 0, 0, 0, 0, 0, 1, 1, 0, 0, 2, 0, 0, 1, 1, 0, 0, 2, 0, 0, 1, 1, 0, 0, 2, 0, 5, 1, 1, 1, 1, 1, 1, 1, 1]"
12,3,0.9586734771728516,0.9448979496955872,0.9090909090909091,0.3342225436381341,"[0, 2, 0, 2, 2, 2, 2, 1, 2, 2, 2]","[1, 2, 0, 2, 2, 2, 2, 1, 2, 2, 2]","[1, 1, 1, 1, 1, 1, 1, 1, 0, 2, 0, 0, 0, 1, 1, 0, 0, 0, 0, 0, 1, 1, 0, 2, 0, 0, 0, 1, 1, 0, 2, 0, 0, 0, 1, 1, 0, 2, 0, 0, 5, 1, 1, 1, 1, 1, 1, 1, 1]"
12,4,0.0,0.9494897723197937,0.8,0.7092475026598847,"[2, 2, 2, 2, 2, 2, 2, 2, 2, 2]","[2, 1, 2, 2, 2, 2, 0, 2, 2, 2]","[1, 1, 1, 1, 1, 1, 1, 1, 0, 0, 0, 2, 0, 1, 1, 0, 0, 0, 2, 0, 1, 1, 0, 0, 0, 2, 0, 1, 1, 0, 0, 0, 2, 0, 1, 1, 0, 0, 0, 0, 5, 1, 1, 1, 1, 1, 1, 1, 1]"
12,5,0.9357143044471741,0.9494897723197937,0.8181818181818182,0.038699193770298734,"[2, 2, 0, 2, 2, 2, 2, 0, 2, 2, 2]","[1, 2, 0, 2, 2, 2, 2, 1, 2, 2, 2]","[1, 1, 1, 1, 1, 1, 1, 1, 0, 0, 2, 0, 0, 1, 1, 0, 0, 0, 0, 0, 1, 1, 0, 0, 2, 0, 0, 1, 1, 0, 0, 2, 0, 0, 1, 1, 0, 0, 2, 0, 5, 1, 1, 1, 1, 1, 1, 1, 1]"
12,6,0.0,0.9494897723197937,0.7272727272727273,0.027867692870495377,"[0, 2, 0, 2, 2, 0, 2, 0, 2, 2, 2]","[1, 2, 0, 2, 2, 2, 2, 1, 2, 2, 2]","[1, 1, 1, 1, 1, 1, 1, 1, 0, 2, 0, 0, 0, 1, 1, 0, 0, 0, 0, 0, 1, 1, 0, 2, 0, 0, 0, 1, 1, 0, 2, 0, 0, 0, 1, 1, 0, 2, 0, 0, 5, 1, 1, 1, 1, 1, 1, 1, 1]"
12,7,0.0,0.9494897723197937,1.0,0.8709904754615142,"[1, 2, 2, 2, 2, 0, 2, 2, 2, 2]","[1, 2, 2, 2, 2, 0, 2, 2, 2, 2]","[1, 1, 1, 1, 1, 1, 1, 1, 0, 2, 0, 0, 0, 1, 1, 0, 2, 0, 0, 0, 1, 1, 0, 2, 0, 0, 0, 1, 1, 0, 2, 0, 0, 0, 1, 1, 0, 0, 0, 0, 5, 1, 1, 1, 1, 1, 1, 1, 1]"
12,8,0.9586734771728516,0.0,1.0,0.532053879134319,"[1, 2, 0, 2, 2, 2, 2, 1, 2, 2, 2]","[1, 2, 0, 2, 2, 2, 2, 1, 2, 2, 2]","[1, 1, 1, 1, 1, 1, 1, 1, 0, 2, 0, 0, 0, 1, 1, 0, 0, 0, 0, 0, 1, 1, 0, 2, 0, 0, 0, 1, 1, 0, 2, 0, 0, 0, 1, 1, 0, 2, 0, 0, 5, 1, 1, 1, 1, 1, 1, 1, 1]"
12,9,0.0,0.0,1.0,0.1497832102150741,"[2, 2, 2, 2, 1, 2, 2, 2, 2]","[2, 2, 2, 2, 1, 2, 2, 2, 2]","[1, 1, 1, 1, 1, 1, 1, 1, 0, 0, 0, 0, 0, 1, 1, 0, 0, 2, 0, 0, 1, 1, 0, 0, 2, 0, 0, 1, 1, 0, 0, 2, 0, 0, 1, 1, 0, 0, 2, 0, 5, 1, 1, 1, 1, 1, 1, 1, 1]"
12,10,0.0,0.0,0.7272727272727273,0.31861154711805284,"[2, 2, 2, 2, 2, 2, 2, 2, 2, 2, 2]","[1, 2, 2, 2, 0, 2, 2, 2, 2, 1, 2]","[1, 1, 1, 1, 1, 1, 1, 1, 0, 0, 2, 0, 0, 1, 1, 0, 0, 2, 0, 0, 1, 1, 0, 0, 2, 0, 0, 1, 1, 0, 0, 0, 0, 0, 1, 1, 0, 0, 2, 0, 5, 1, 1, 1, 1, 1, 1, 1, 1]"
12,11,0.0,0.0,0.8888888888888888,0.0029628543416038156,"[2, 2, 2, 2, 2, 2, 2, 2, 2]","[2, 2, 2, 2, 1, 2, 2, 2, 2]","[1, 1, 1, 1, 1, 1, 1, 1, 0, 0, 0, 0, 0, 1, 1, 0, 0, 0, 2, 0, 1, 1, 0, 0, 0, 2, 0, 1, 1, 0, 0, 0, 2, 0, 1, 1, 0, 0, 0, 2, 5, 1, 1, 1, 1, 1, 1, 1, 1]"
12,12,0.9586734771728516,0.0,0.8181818181818182,0.028372766289976425,"[0, 2, 2, 0, 0, 2, 2, 2, 1, 2, 2]","[1, 2, 2, 0, 2, 2, 2, 2, 1, 2, 2]","[1, 1, 1, 1, 1, 1, 1, 1, 0, 2, 0, 0, 0, 1, 1, 0, 2, 0, 0, 0, 1, 1, 0, 0, 0, 0, 0, 1, 1, 0, 2, 0, 0, 0, 1, 1, 0, 2, 0, 0, 5, 1, 1, 1, 1, 1, 1, 1, 1]"
12,13,0.0,0.9586734771728516,1.0,0.06661035456798142,"[1, 2, 0, 2, 2, 2, 2, 1, 2, 2, 2]","[1, 2, 0, 2, 2, 2, 2, 1, 2, 2, 2]","[1, 1, 1, 1, 1, 1, 1, 1, 0, 2, 0, 0, 0, 1, 1, 0, 0, 0, 0, 0, 1, 1, 0, 2, 0, 0, 0, 1, 1, 0, 2, 0, 0, 0, 1, 1, 0, 2, 0, 0, 5, 1, 1, 1, 1, 1, 1, 1, 1]"
12,14,0.9586734771728516,0.9219387769699097,1.0,0.16902871221044244,"[2, 2, 2, 2, 1, 2, 2, 2, 2]","[2, 2, 2, 2, 1, 2, 2, 2, 2]","[1, 1, 1, 1, 1, 1, 1, 1, 0, 0, 0, 0, 0, 1, 1, 0, 0, 0, 2, 0, 1, 1, 0, 0, 0, 2, 0, 1, 1, 0, 0, 0, 2, 0, 1, 1, 0, 0, 0, 2, 5, 1, 1, 1, 1, 1, 1, 1, 1]"
12,15,0.0,0.9448979496955872,0.7272727272727273,0.5449779336043747,"[0, 2, 2, 2, 2, 2, 2, 0, 2, 2, 2]","[1, 2, 0, 2, 2, 2, 2, 1, 2, 2, 2]","[1, 1, 1, 1, 1, 1, 1, 1, 0, 2, 0, 0, 0, 1, 1, 0, 0, 0, 0, 0, 1, 1, 0, 2, 0, 0, 0, 1, 1, 0, 2, 0, 0, 0, 1, 1, 0, 2, 0, 0, 5, 1, 1, 1, 1, 1, 1, 1, 1]"
12,16,0.0,0.0,0.9,0.1846082144572089,"[2, 2, 2, 2, 2, 2, 0, 2, 2, 2]","[2, 1, 2, 2, 2, 2, 0, 2, 2, 2]","[1, 1, 1, 1, 1, 1, 1, 1, 0, 0, 0, 2, 0, 1, 1, 0, 0, 0, 2, 0, 1, 1, 0, 0, 0, 2, 0, 1, 1, 0, 0, 0, 2, 0, 1, 1, 0, 0, 0, 0, 5, 1, 1, 1, 1, 1, 1, 1, 1]"
12,17,0.0,0.9219387769699097,0.5454545454545454,0.44127891958116233,"[2, 2, 1, 1, 2, 2, 2, 2, 2, 0, 2]","[1, 2, 2, 2, 0, 2, 2, 2, 2, 1, 2]","[1, 1, 1, 1, 1, 1, 1, 1, 0, 0, 2, 0, 0, 1, 1, 0, 0, 2, 0, 0, 1, 1, 0, 0, 2, 0, 0, 1, 1, 0, 0, 0, 0, 0, 1, 1, 0, 0, 2, 0, 5, 1, 1, 1, 1, 1, 1, 1, 1]"
12,18,0.0,0.9357143044471741,0.8181818181818182,0.10335815914108284,"[2, 2, 0, 2, 2, 2, 2, 0, 2, 2, 2]","[1, 2, 0, 2, 2, 2, 2, 1, 2, 2, 2]","[1, 1, 1, 1, 1, 1, 1, 1, 0, 0, 2, 0, 0, 1, 1, 0, 0, 0, 0, 0, 1, 1, 0, 0, 2, 0, 0, 1, 1, 0, 0, 2, 0, 0, 1, 1, 0, 0, 2, 0, 5, 1, 1, 1, 1, 1, 1, 1, 1]"
12,19,0.9494897723197937,0.0,0.7272727272727273,0.1119319383881758,"[0, 2, 0, 2, 2, 0, 2, 0, 2, 2, 2]","[1, 2, 0, 2, 2, 2, 2, 1, 2, 2, 2]","[1, 1, 1, 1, 1, 1, 1, 1, 0, 2, 0, 0, 0, 1, 1, 0, 0, 0, 0, 0, 1, 1, 0, 2, 0, 0, 0, 1, 1, 0, 2, 0, 0, 0, 1, 1, 0, 2, 0, 0, 5, 1, 1, 1, 1, 1, 1, 1, 1]"
13,0,0.9586734771728516,0.9357143044471741,0.7272727272727273,0.21262200220371597,"[2, 2, 2, 2, 2, 2, 2, 2, 2, 0, 2]","[1, 2, 2, 2, 0, 2, 2, 2, 2, 1, 2]","[1, 1, 1, 1, 1, 1, 1, 1, 0, 0, 2, 0, 0, 1, 1, 0, 0, 2, 0, 0, 1, 1, 0, 0, 2, 0, 0, 1, 1, 0, 0, 0, 0, 0, 1, 1, 0, 0, 2, 0, 5, 1, 1, 1, 1, 1, 1, 1, 1]"
13,1,0.954081654548645,0.954081654548645,1.0,0.14619832373894182,"[1, 2, 2, 0, 2, 2, 2, 2, 1, 2, 2]","[1, 2, 2, 0, 2, 2, 2, 2, 1, 2, 2]","[1, 1, 1, 1, 1, 1, 1, 1, 0, 2, 0, 0, 0, 1, 1, 0, 2, 0, 0, 0, 1, 1, 0, 0, 0, 0, 0, 1, 1, 0, 2, 0, 0, 0, 1, 1, 0, 2, 0, 0, 5, 1, 1, 1, 1, 1, 1, 1, 1]"
13,2,0.9081632494926453,0.0,0.7272727272727273,0.26703125662740546,"[2, 2, 2, 2, 2, 2, 2, 0, 2, 2, 2]","[1, 2, 0, 2, 2, 2, 2, 1, 2, 2, 2]","[1, 1, 1, 1, 1, 1, 1, 1, 0, 0, 2, 0, 0, 1, 1, 0, 0, 0, 0, 0, 1, 1, 0, 0, 2, 0, 0, 1, 1, 0, 0, 2, 0, 0, 1, 1, 0, 0, 2, 0, 5, 1, 1, 1, 1, 1, 1, 1, 1]"
13,3,0.9494897723197937,0.9586734771728516,0.8888888888888888,0.038216764074085016,"[2, 2, 2, 2, 0, 2, 2, 2, 2]","[2, 2, 2, 2, 1, 2, 2, 2, 2]","[1, 1, 1, 1, 1, 1, 1, 1, 0, 0, 0, 0, 0, 1, 1, 0, 2, 0, 0, 0, 1, 1, 0, 2, 0, 0, 0, 1, 1, 0, 2, 0, 0, 0, 1, 1, 0, 2, 0, 0, 5, 1, 1, 1, 1, 1, 1, 1, 1]"
13,4,0.9494897723197937,0.9586734771728516,0.8181818181818182,0.1488238200545311,"[2, 2, 2, 2, 2, 2, 2, 1, 2, 2, 2]","[2, 1, 2, 0, 2, 2, 2, 1, 2, 2, 2]","[1, 1, 1, 1, 1, 1, 1, 1, 0, 0, 0, 2, 0, 1, 1, 0, 0, 0, 0, 0, 1, 1, 0, 0, 0, 2, 0, 1, 1, 0, 0, 0, 2, 0, 1, 1, 0, 0, 0, 2, 5, 1, 1, 1, 1, 1, 1, 1, 1]"
13,5,0.954081654548645,0.9586734771728516,0.9,0.5936753302046374,"[2, 2, 2, 2, 2, 2, 0, 2, 2, 2]","[2, 1, 2, 2, 2, 2, 0, 2, 2, 2]","[1, 1, 1, 1, 1, 1, 1, 1, 0, 0, 0, 2, 0, 1, 1, 0, 0, 0, 2, 0, 1, 1, 0, 0, 0, 2, 0, 1, 1, 0, 0, 0, 2, 0, 1, 1, 0, 0, 0, 0, 5, 1, 1, 1, 1, 1, 1, 1, 1]"
13,6,0.9311224222183228,0.954081654548645,0.8888888888888888,0.13146739205430177,"[2, 2, 2, 2, 0, 2, 2, 2, 2]","[2, 2, 2, 2, 1, 2, 2, 2, 2]","[1, 1, 1, 1, 1, 1, 1, 1, 0, 0, 0, 0, 0, 1, 1, 0, 0, 0, 2, 0, 1, 1, 0, 0, 0, 2, 0, 1, 1, 0, 0, 0, 2, 0, 1, 1, 0, 0, 0, 2, 5, 1, 1, 1, 1, 1, 1, 1, 1]"
13,7,0.9494897723197937,0.9494897723197937,0.9090909090909091,0.12009323528036475,"[2, 2, 2, 0, 2, 2, 2, 1, 2, 2, 2]","[2, 1, 2, 0, 2, 2, 2, 1, 2, 2, 2]","[1, 1, 1, 1, 1, 1, 1, 1, 0, 0, 0, 2, 0, 1, 1, 0, 0, 0, 0, 0, 1, 1, 0, 0, 0, 2, 0, 1, 1, 0, 0, 0, 2, 0, 1, 1, 0, 0, 0, 2, 5, 1, 1, 1, 1, 1, 1, 1, 1]"
13,8,0.9081632494926453,0.9448979496955872,0.8181818181818182,0.07481505807178716,"[0, 2, 2, 0, 2, 2, 2, 2, 0, 2, 2]","[1, 2, 2, 0, 2, 2, 2, 2, 1, 2, 2]","[1, 1, 1, 1, 1, 1, 1, 1, 0, 2, 0, 0, 0, 1, 1, 0, 2, 0, 0, 0, 1, 1, 0, 0, 0, 0, 0, 1, 1, 0, 2, 0, 0, 0, 1, 1, 0, 2, 0, 0, 5, 1, 1, 1, 1, 1, 1, 1, 1]"
13,9,0.0,0.9494897723197937,0.9,0.0927515453658998,"[2, 2, 2, 2, 2, 0, 2, 2, 2, 2]","[1, 2, 2, 2, 2, 0, 2, 2, 2, 2]","[1, 1, 1, 1, 1, 1, 1, 1, 0, 0, 2, 0, 0, 1, 1, 0, 0, 2, 0, 0, 1, 1, 0, 0, 2, 0, 0, 1, 1, 0, 0, 2, 0, 0, 1, 1, 0, 0, 0, 0, 5, 1, 1, 1, 1, 1, 1, 1, 1]"
13,10,0.9586734771728516,0.0,0.7272727272727273,0.48214579026490373,"[2, 2, 2, 2, 2, 2, 2, 2, 2, 0, 2]","[1, 2, 2, 2, 0, 2, 2, 2, 2, 1, 2]","[1, 1, 1, 1, 1, 1, 1, 1, 0, 0, 2, 0, 0, 1, 1, 0, 0, 2, 0, 0, 1, 1, 0, 0, 2, 0, 0, 1, 1, 0, 0, 0, 0, 0, 1, 1, 0, 0, 2, 0, 5, 1, 1, 1, 1, 1, 1, 1, 1]"
13,11,0.954081654548645,0.9494897723197937,0.8888888888888888,0.1365328701001338,"[2, 2, 2, 2, 0, 2, 2, 2, 2]","[2, 2, 2, 2, 1, 2, 2, 2, 2]","[1, 1, 1, 1, 1, 1, 1, 1, 0, 0, 0, 0, 0, 1, 1, 0, 0, 2, 0, 0, 1, 1, 0, 0, 2, 0, 0, 1, 1, 0, 0, 2, 0, 0, 1, 1, 0, 0, 2, 0, 5, 1, 1, 1, 1, 1, 1, 1, 1]"
13,12,0.0,0.0,0.8181818181818182,0.9170393493235567,"[2, 2, 2, 0, 2, 2, 2, 2, 0, 2, 2]","[1, 2, 2, 0, 2, 2, 2, 2, 1, 2, 2]","[1, 1, 1, 1, 1, 1, 1, 1, 0, 0, 2, 0, 0, 1, 1, 0, 0, 2, 0, 0, 1, 1, 0, 0, 0, 0, 0, 1, 1, 0, 0, 2, 0, 0, 1, 1, 0, 0, 2, 0, 5, 1, 1, 1, 1, 1, 1, 1, 1]"
13,13,0.9494897723197937,0.0,0.9,0.5684562500860846,"[0, 2, 2, 2, 2, 0, 2, 2, 2, 2]","[1, 2, 2, 2, 2, 0, 2, 2, 2, 2]","[1, 1, 1, 1, 1, 1, 1, 1, 0, 2, 0, 0, 0, 1, 1, 0, 2, 0, 0, 0, 1, 1, 0, 2, 0, 0, 0, 1, 1, 0, 2, 0, 0, 0, 1, 1, 0, 0, 0, 0, 5, 1, 1, 1, 1, 1, 1, 1, 1]"
13,14,0.9494897723197937,0.9494897723197937,0.7272727272727273,0.7710965424776077,"[2, 2, 2, 2, 2, 2, 2, 2, 2, 0, 2]","[2, 1, 2, 2, 2, 0, 2, 2, 2, 1, 2]","[1, 1, 1, 1, 1, 1, 1, 1, 0, 0, 0, 2, 0, 1, 1, 0, 0, 0, 2, 0, 1, 1, 0, 0, 0, 2, 0, 1, 1, 0, 0, 0, 0, 0, 1, 1, 0, 0, 0, 2, 5, 1, 1, 1, 1, 1, 1, 1, 1]"
13,15,0.9494897723197937,0.9494897723197937,0.7272727272727273,0.11994358886625957,"[1, 0, 2, 2, 2, 2, 2, 2, 2, 0, 2]","[1, 2, 2, 2, 0, 2, 2, 2, 2, 1, 2]","[1, 1, 1, 1, 1, 1, 1, 1, 0, 2, 0, 0, 0, 1, 1, 0, 2, 0, 0, 0, 1, 1, 0, 2, 0, 0, 0, 1, 1, 0, 0, 0, 0, 0, 1, 1, 0, 2, 0, 0, 5, 1, 1, 1, 1, 1, 1, 1, 1]"
13,16,0.9586734771728516,0.9494897723197937,0.7272727272727273,0.014359853358473628,"[2, 2, 2, 2, 2, 2, 2, 2, 2, 0, 2]","[2, 1, 2, 2, 2, 0, 2, 2, 2, 1, 2]","[1, 1, 1, 1, 1, 1, 1, 1, 0, 0, 0, 2, 0, 1, 1, 0, 0, 0, 2, 0, 1, 1, 0, 0, 0, 2, 0, 1, 1, 0, 0, 0, 0, 0, 1, 1, 0, 0, 0, 2, 5, 1, 1, 1, 1, 1, 1, 1, 1]"
13,17,0.0,0.9494897723197937,0.8888888888888888,0.0938422268002548,"[2, 2, 2, 2, 0, 2, 2, 2, 2]","[2, 2, 2, 2, 1, 2, 2, 2, 2]","[1, 1, 1, 1, 1, 1, 1, 1, 0, 0, 0, 0, 0, 1, 1, 0, 2, 0, 0, 0, 1, 1, 0, 2, 0, 0, 0, 1, 1, 0, 2, 0, 0, 0, 1, 1, 0, 2, 0, 0, 5, 1, 1, 1, 1, 1, 1, 1, 1]"
13,18,0.0,0.9448979496955872,0.9,0.08050294779241085,"[2, 2, 2, 2, 2, 2, 0, 2, 2, 2]","[2, 1, 2, 2, 2, 2, 0, 2, 2, 2]","[1, 1, 1, 1, 1, 1, 1, 1, 0, 0, 0, 2, 0, 1, 1, 0, 0, 0, 2, 0, 1, 1, 0, 0, 0, 2, 0, 1, 1, 0, 0, 0, 2, 0, 1, 1, 0, 0, 0, 0, 5, 1, 1, 1, 1, 1, 1, 1, 1]"
13,19,0.0,0.9494897723197937,0.8,0.11027113178914244,"[2, 2, 2, 2, 2, 2, 1, 2, 2, 2]","[2, 1, 2, 2, 2, 2, 0, 2, 2, 2]","[1, 1, 1, 1, 1, 1, 1, 1, 0, 0, 0, 2, 0, 1, 1, 0, 0, 0, 2, 0, 1, 1, 0, 0, 0, 2, 0, 1, 1, 0, 0, 0, 2, 0, 1, 1, 0, 0, 0, 0, 5, 1, 1, 1, 1, 1, 1, 1, 1]"
14,0,0.9494897723197937,0.9448979496955872,0.8888888888888888,0.5507393640831911,"[2, 2, 2, 2, 0, 2, 2, 2, 2]","[2, 2, 2, 2, 1, 2, 2, 2, 2]","[1, 1, 1, 1, 1, 1, 1, 1, 0, 0, 0, 0, 0, 1, 1, 0, 0, 2, 0, 0, 1, 1, 0, 0, 2, 0, 0, 1, 1, 0, 0, 2, 0, 0, 1, 1, 0, 0, 2, 0, 5, 1, 1, 1, 1, 1, 1, 1, 1]"
14,1,0.9586734771728516,0.0,0.9090909090909091,0.2559552082024953,"[2, 2, 0, 2, 2, 2, 2, 1, 2, 2, 2]","[1, 2, 0, 2, 2, 2, 2, 1, 2, 2, 2]","[1, 1, 1, 1, 1, 1, 1, 1, 0, 0, 2, 0, 0, 1, 1, 0, 0, 0, 0, 0, 1, 1, 0, 0, 2, 0, 0, 1, 1, 0, 0, 2, 0, 0, 1, 1, 0, 0, 2, 0, 5, 1, 1, 1, 1, 1, 1, 1, 1]"
14,2,0.9494897723197937,0.9494897723197937,0.45454545454545453,0.20375358239196392,"[0, 0, 1, 0, 2, 2, 2, 2, 2, 0, 2]","[1, 2, 2, 2, 0, 2, 2, 2, 2, 1, 2]","[1, 1, 1, 1, 1, 1, 1, 1, 0, 2, 0, 0, 0, 1, 1, 0, 2, 0, 0, 0, 1, 1, 0, 2, 0, 0, 0, 1, 1, 0, 0, 0, 0, 0, 1, 1, 0, 2, 0, 0, 5, 1, 1, 1, 1, 1, 1, 1, 1]"
14,3,0.9357143044471741,0.0,0.5454545454545454,0.03753485961351544,"[2, 0, 2, 0, 2, 2, 2, 2, 2, 0, 2]","[1, 2, 2, 2, 0, 2, 2, 2, 2, 1, 2]","[1, 1, 1, 1, 1, 1, 1, 1, 0, 0, 2, 0, 0, 1, 1, 0, 0, 2, 0, 0, 1, 1, 0, 0, 2, 0, 0, 1, 1, 0, 0, 0, 0, 0, 1, 1, 0, 0, 2, 0, 5, 1, 1, 1, 1, 1, 1, 1, 1]"
14,4,0.9494897723197937,0.9586734771728516,0.8888888888888888,0.07264713596669026,"[2, 2, 2, 2, 0, 2, 2, 2, 2]","[2, 2, 2, 2, 1, 2, 2, 2, 2]","[1, 1, 1, 1, 1, 1, 1, 1, 0, 0, 0, 0, 0, 1, 1, 0, 0, 2, 0, 0, 1, 1, 0, 0, 2, 0, 0, 1, 1, 0, 0, 2, 0, 0, 1, 1, 0, 0, 2, 0, 5, 1, 1, 1, 1, 1, 1, 1, 1]"
14,5,0.9081632494926453,0.9357143044471741,0.8181818181818182,0.08369223322310694,"[2, 2, 2, 2, 0, 2, 2, 2, 0, 2, 2]","[2, 1, 2, 2, 0, 2, 2, 2, 1, 2, 2]","[1, 1, 1, 1, 1, 1, 1, 1, 0, 0, 0, 2, 0, 1, 1, 0, 0, 0, 2, 0, 1, 1, 0, 0, 0, 0, 0, 1, 1, 0, 0, 0, 2, 0, 1, 1, 0, 0, 0, 2, 5, 1, 1, 1, 1, 1, 1, 1, 1]"
14,6,0.9081632494926453,0.0,0.7272727272727273,0.02597000453222011,"[2, 2, 2, 2, 2, 2, 2, 2, 2, 0, 2]","[1, 2, 2, 2, 0, 2, 2, 2, 2, 1, 2]","[1, 1, 1, 1, 1, 1, 1, 1, 0, 0, 2, 0, 0, 1, 1, 0, 0, 2, 0, 0, 1, 1, 0, 0, 2, 0, 0, 1, 1, 0, 0, 0, 0, 0, 1, 1, 0, 0, 2, 0, 5, 1, 1, 1, 1, 1, 1, 1, 1]"
14,7,0.9494897723197937,0.954081654548645,0.7272727272727273,0.06506479769531223,"[2, 2, 2, 2, 2, 2, 2, 2, 2, 0, 2]","[1, 2, 2, 2, 0, 2, 2, 2, 2, 1, 2]","[1, 1, 1, 1, 1, 1, 1, 1, 0, 0, 2, 0, 0, 1, 1, 0, 0, 2, 0, 0, 1, 1, 0, 0, 2, 0, 0, 1, 1, 0, 0, 0, 0, 0, 1, 1, 0, 0, 2, 0, 5, 1, 1, 1, 1, 1, 1, 1, 1]"
14,8,0.0,0.0,1.0,0.18912583041506317,"[2, 2, 2, 2, 1, 2, 2, 2, 2]","[2, 2, 2, 2, 1, 2, 2, 2, 2]","[1, 1, 1, 1, 1, 1, 1, 1, 0, 0, 0, 0, 0, 1, 1, 0, 0, 2, 0, 0, 1, 1, 0, 0, 2, 0, 0, 1, 1, 0, 0, 2, 0, 0, 1, 1, 0, 0, 2, 0, 5, 1, 1, 1, 1, 1, 1, 1, 1]"
14,9,0.9357143044471741,0.9357143044471741,0.8888888888888888,0.07213379264893857,"[2, 2, 2, 2, 0, 2, 2, 2, 2]","[2, 2, 2, 2, 1, 2, 2, 2, 2]","[1, 1, 1, 1, 1, 1, 1, 1, 0, 0, 0, 0, 0, 1, 1, 0, 0, 0, 2, 0, 1, 1, 0, 0, 0, 2, 0, 1, 1, 0, 0, 0, 2, 0, 1, 1, 0, 0, 0, 2, 5, 1, 1, 1, 1, 1, 1, 1, 1]"
14,10,0.0,0.0,1.0,0.14469561125669214,"[1, 2, 2, 0, 2, 2, 2, 2, 1, 2, 2]","[1, 2, 2, 0, 2, 2, 2, 2, 1, 2, 2]","[1, 1, 1, 1, 1, 1, 1, 1, 0, 2, 0, 0, 0, 1, 1, 0, 2, 0, 0, 0, 1, 1, 0, 0, 0, 0, 0, 1, 1, 0, 2, 0, 0, 0, 1, 1, 0, 2, 0, 0, 5, 1, 1, 1, 1, 1, 1, 1, 1]"
14,11,0.9586734771728516,0.9494897723197937,0.7272727272727273,0.0929541875692931,"[2, 2, 2, 2, 2, 2, 2, 2, 2, 0, 2]","[2, 1, 2, 2, 2, 0, 2, 2, 2, 1, 2]","[1, 1, 1, 1, 1, 1, 1, 1, 0, 0, 0, 2, 0, 1, 1, 0, 0, 0, 2, 0, 1, 1, 0, 0, 0, 2, 0, 1, 1, 0, 0, 0, 0, 0, 1, 1, 0, 0, 0, 2, 5, 1, 1, 1, 1, 1, 1, 1, 1]"
14,12,0.9357143044471741,0.0,0.8181818181818182,0.18419973969896686,"[2, 2, 2, 0, 2, 2, 2, 0, 2, 2, 2]","[2, 1, 2, 0, 2, 2, 2, 1, 2, 2, 2]","[1, 1, 1, 1, 1, 1, 1, 1, 0, 0, 0, 2, 0, 1, 1, 0, 0, 0, 0, 0, 1, 1, 0, 0, 0, 2, 0, 1, 1, 0, 0, 0, 2, 0, 1, 1, 0, 0, 0, 2, 5, 1, 1, 1, 1, 1, 1, 1, 1]"
14,13,0.0,0.0,0.9,0.00961287851096131,"[0, 2, 2, 2, 2, 0, 2, 2, 2, 2]","[1, 2, 2, 2, 2, 0, 2, 2, 2, 2]","[1, 1, 1, 1, 1, 1, 1, 1, 0, 2, 0, 0, 0, 1, 1, 0, 2, 0, 0, 0, 1, 1, 0, 2, 0, 0, 0, 1, 1, 0, 2, 0, 0, 0, 1, 1, 0, 0, 0, 0, 5, 1, 1, 1, 1, 1, 1, 1, 1]"
14,14,0.9081632494926453,0.9173469543457031,0.8181818181818182,0.018141317390836777,"[2, 2, 2, 0, 2, 2, 2, 2, 0, 2, 2]","[1, 2, 2, 0, 2, 2, 2, 2, 1, 2, 2]","[1, 1, 1, 1, 1, 1, 1, 1, 0, 0, 2, 0, 0, 1, 1, 0, 0, 2, 0, 0, 1, 1, 0, 0, 0, 0, 0, 1, 1, 0, 0, 2, 0, 0, 1, 1, 0, 0, 2, 0, 5, 1, 1, 1, 1, 1, 1, 1, 1]"
14,15,0.9448979496955872,0.9403061270713806,0.7272727272727273,0.046808175393380225,"[0, 2, 2, 2, 2, 2, 2, 2, 2, 0, 2]","[1, 2, 2, 2, 0, 2, 2, 2, 2, 1, 2]","[1, 1, 1, 1, 1, 1, 1, 1, 0, 2, 0, 0, 0, 1, 1, 0, 2, 0, 0, 0, 1, 1, 0, 2, 0, 0, 0, 1, 1, 0, 0, 0, 0, 0, 1, 1, 0, 2, 0, 0, 5, 1, 1, 1, 1, 1, 1, 1, 1]"
14,16,0.9586734771728516,0.9494897723197937,1.0,0.127356779244211,"[2, 2, 2, 2, 1, 2, 2, 2, 2]","[2, 2, 2, 2, 1, 2, 2, 2, 2]","[1, 1, 1, 1, 1, 1, 1, 1, 0, 0, 0, 0, 0, 1, 1, 0, 0, 0, 2, 0, 1, 1, 0, 0, 0, 2, 0, 1, 1, 0, 0, 0, 2, 0, 1, 1, 0, 0, 0, 2, 5, 1, 1, 1, 1, 1, 1, 1, 1]"
14,17,0.9494897723197937,0.9494897723197937,0.9090909090909091,0.4638003501280838,"[2, 2, 2, 0, 2, 2, 2, 2, 1, 2, 2]","[1, 2, 2, 0, 2, 2, 2, 2, 1, 2, 2]","[1, 1, 1, 1, 1, 1, 1, 1, 0, 0, 2, 0, 0, 1, 1, 0, 0, 2, 0, 0, 1, 1, 0, 0, 0, 0, 0, 1, 1, 0, 0, 2, 0, 0, 1, 1, 0, 0, 2, 0, 5, 1, 1, 1, 1, 1, 1, 1, 1]"
14,18,0.0,0.9494897723197937,0.9090909090909091,0.05810308651998639,"[2, 2, 2, 0, 2, 2, 2, 2, 1, 2, 2]","[1, 2, 2, 0, 2, 2, 2, 2, 1, 2, 2]","[1, 1, 1, 1, 1, 1, 1, 1, 0, 0, 2, 0, 0, 1, 1, 0, 0, 2, 0, 0, 1, 1, 0, 0, 0, 0, 0, 1, 1, 0, 0, 2, 0, 0, 1, 1, 0, 0, 2, 0, 5, 1, 1, 1, 1, 1, 1, 1, 1]"
14,19,0.0,0.8989796042442322,0.8181818181818182,0.02508304581670946,"[0, 2, 0, 2, 2, 2, 2, 0, 2, 2, 2]","[1, 2, 0, 2, 2, 2, 2, 1, 2, 2, 2]","[1, 1, 1, 1, 1, 1, 1, 1, 0, 2, 0, 0, 0, 1, 1, 0, 0, 0, 0, 0, 1, 1, 0, 2, 0, 0, 0, 1, 1, 0, 2, 0, 0, 0, 1, 1, 0, 2, 0, 0, 5, 1, 1, 1, 1, 1, 1, 1, 1]"
15,0,0.0,0.9586734771728516,0.9090909090909091,0.30022264181930874,"[2, 2, 2, 0, 2, 2, 2, 1, 2, 2, 2]","[2, 1, 2, 0, 2, 2, 2, 1, 2, 2, 2]","[1, 1, 1, 1, 1, 1, 1, 1, 0, 0, 0, 2, 0, 1, 1, 0, 0, 0, 0, 0, 1, 1, 0, 0, 0, 2, 0, 1, 1, 0, 0, 0, 2, 0, 1, 1, 0, 0, 0, 2, 5, 1, 1, 1, 1, 1, 1, 1, 1]"
15,1,0.9081632494926453,0.9219387769699097,0.8181818181818182,0.026778540925905956,"[2, 2, 2, 2, 0, 2, 2, 2, 0, 2, 2]","[2, 1, 2, 2, 0, 2, 2, 2, 1, 2, 2]","[1, 1, 1, 1, 1, 1, 1, 1, 0, 0, 0, 2, 0, 1, 1, 0, 0, 0, 2, 0, 1, 1, 0, 0, 0, 0, 0, 1, 1, 0, 0, 0, 2, 0, 1, 1, 0, 0, 0, 2, 5, 1, 1, 1, 1, 1, 1, 1, 1]"
15,2,0.9357143044471741,0.9494897723197937,0.8181818181818182,0.059809878148371354,"[0, 2, 0, 2, 2, 2, 2, 0, 2, 2, 2]","[1, 2, 0, 2, 2, 2, 2, 1, 2, 2, 2]","[1, 1, 1, 1, 1, 1, 1, 1, 0, 2, 0, 0, 0, 1, 1, 0, 0, 0, 0, 0, 1, 1, 0, 2, 0, 0, 0, 1, 1, 0, 2, 0, 0, 0, 1, 1, 0, 2, 0, 0, 5, 1, 1, 1, 1, 1, 1, 1, 1]"
15,3,0.0,0.0,1.0,0.1204672755711541,"[2, 2, 2, 2, 1, 2, 2, 2, 2]","[2, 2, 2, 2, 1, 2, 2, 2, 2]","[1, 1, 1, 1, 1, 1, 1, 1, 0, 0, 0, 0, 0, 1, 1, 0, 0, 0, 2, 0, 1, 1, 0, 0, 0, 2, 0, 1, 1, 0, 0, 0, 2, 0, 1, 1, 0, 0, 0, 2, 5, 1, 1, 1, 1, 1, 1, 1, 1]"
15,4,0.9035714268684387,0.9586734771728516,0.8181818181818182,0.059263885071101995,"[2, 2, 0, 2, 2, 2, 2, 0, 2, 2, 2]","[1, 2, 0, 2, 2, 2, 2, 1, 2, 2, 2]","[1, 1, 1, 1, 1, 1, 1, 1, 0, 0, 2, 0, 0, 1, 1, 0, 0, 0, 0, 0, 1, 1, 0, 0, 2, 0, 0, 1, 1, 0, 0, 2, 0, 0, 1, 1, 0, 0, 2, 0, 5, 1, 1, 1, 1, 1, 1, 1, 1]"
15,5,0.9127551317214966,0.9448979496955872,0.8888888888888888,0.05508252234692324,"[2, 2, 2, 2, 0, 2, 2, 2, 2]","[2, 2, 2, 2, 1, 2, 2, 2, 2]","[1, 1, 1, 1, 1, 1, 1, 1, 0, 0, 0, 0, 0, 1, 1, 0, 0, 2, 0, 0, 1, 1, 0, 0, 2, 0, 0, 1, 1, 0, 0, 2, 0, 0, 1, 1, 0, 0, 2, 0, 5, 1, 1, 1, 1, 1, 1, 1, 1]"
15,6,0.9357143044471741,0.9494897723197937,0.8888888888888888,0.02575171223309423,"[2, 2, 2, 2, 0, 2, 2, 2, 2]","[2, 2, 2, 2, 1, 2, 2, 2, 2]","[1, 1, 1, 1, 1, 1, 1, 1, 0, 0, 0, 0, 0, 1, 1, 0, 2, 0, 0, 0, 1, 1, 0, 2, 0, 0, 0, 1, 1, 0, 2, 0, 0, 0, 1, 1, 0, 2, 0, 0, 5, 1, 1, 1, 1, 1, 1, 1, 1]"
15,7,0.0,0.9494897723197937,0.8888888888888888,0.14284680187702178,"[2, 2, 2, 2, 0, 2, 2, 2, 2]","[2, 2, 2, 2, 1, 2, 2, 2, 2]","[1, 1, 1, 1, 1, 1, 1, 1, 0, 0, 0, 0, 0, 1, 1, 0, 0, 2, 0, 0, 1, 1, 0, 0, 2, 0, 0, 1, 1, 0, 0, 2, 0, 0, 1, 1, 0, 0, 2, 0, 5, 1, 1, 1, 1, 1, 1, 1, 1]"
15,8,0.9311224222183228,0.0,0.9090909090909091,0.20673595511886692,"[2, 2, 2, 0, 2, 2, 2, 2, 1, 2, 2]","[1, 2, 2, 0, 2, 2, 2, 2, 1, 2, 2]","[1, 1, 1, 1, 1, 1, 1, 1, 0, 0, 2, 0, 0, 1, 1, 0, 0, 2, 0, 0, 1, 1, 0, 0, 0, 0, 0, 1, 1, 0, 0, 2, 0, 0, 1, 1, 0, 0, 2, 0, 5, 1, 1, 1, 1, 1, 1, 1, 1]"
15,9,0.9081632494926453,0.0,0.8181818181818182,0.07500744180288166,"[0, 2, 2, 0, 2, 2, 2, 2, 0, 2, 2]","[1, 2, 2, 0, 2, 2, 2, 2, 1, 2, 2]","[1, 1, 1, 1, 1, 1, 1, 1, 0, 2, 0, 0, 0, 1, 1, 0, 2, 0, 0, 0, 1, 1, 0, 0, 0, 0, 0, 1, 1, 0, 2, 0, 0, 0, 1, 1, 0, 2, 0, 0, 5, 1, 1, 1, 1, 1, 1, 1, 1]"
15,10,0.0,0.9494897723197937,0.9,0.04463502661868309,"[2, 2, 2, 2, 2, 0, 2, 2, 2, 2]","[1, 2, 2, 2, 2, 0, 2, 2, 2, 2]","[1, 1, 1, 1, 1, 1, 1, 1, 0, 0, 2, 0, 0, 1, 1, 0, 0, 2, 0, 0, 1, 1, 0, 0, 2, 0, 0, 1, 1, 0, 0, 2, 0, 0, 1, 1, 0, 0, 0, 0, 5, 1, 1, 1, 1, 1, 1, 1, 1]"
15,11,0.0,0.9494897723197937,1.0,0.060010165060785686,"[2, 2, 2, 2, 1, 2, 2, 2, 2]","[2, 2, 2, 2, 1, 2, 2, 2, 2]","[1, 1, 1, 1, 1, 1, 1, 1, 0, 0, 0, 0, 0, 1, 1, 0, 2, 0, 0, 0, 1, 1, 0, 2, 0, 0, 0, 1, 1, 0, 2, 0, 0, 0, 1, 1, 0, 2, 0, 0, 5, 1, 1, 1, 1, 1, 1, 1, 1]"
15,12,0.9494897723197937,0.9311224222183228,0.7272727272727273,0.0847254525611384,"[2, 2, 2, 2, 2, 2, 2, 2, 2, 0, 2]","[1, 2, 2, 2, 0, 2, 2, 2, 2, 1, 2]","[1, 1, 1, 1, 1, 1, 1, 1, 0, 0, 2, 0, 0, 1, 1, 0, 0, 2, 0, 0, 1, 1, 0, 0, 2, 0, 0, 1, 1, 0, 0, 0, 0, 0, 1, 1, 0, 0, 2, 0, 5, 1, 1, 1, 1, 1, 1, 1, 1]"
15,13,0.9494897723197937,0.9494897723197937,0.9,0.6263057287742042,"[1, 0, 2, 2, 2, 0, 2, 2, 2, 2]","[1, 2, 2, 2, 2, 0, 2, 2, 2, 2]","[1, 1, 1, 1, 1, 1, 1, 1, 0, 2, 0, 0, 0, 1, 1, 0, 2, 0, 0, 0, 1, 1, 0, 2, 0, 0, 0, 1, 1, 0, 2, 0, 0, 0, 1, 1, 0, 0, 0, 0, 5, 1, 1, 1, 1, 1, 1, 1, 1]"
15,14,0.9448979496955872,0.9448979496955872,0.7272727272727273,0.722193576175154,"[2, 2, 2, 2, 2, 2, 2, 0, 2, 2, 2]","[2, 1, 2, 0, 2, 2, 2, 1, 2, 2, 2]","[1, 1, 1, 1, 1, 1, 1, 1, 0, 0, 0, 2, 0, 1, 1, 0, 0, 0, 0, 0, 1, 1, 0, 0, 0, 2, 0, 1, 1, 0, 0, 0, 2, 0, 1, 1, 0, 0, 0, 2, 5, 1, 1, 1, 1, 1, 1, 1, 1]"
15,15,0.0,0.9494897723197937,1.0,0.1308263303204016,"[2, 2, 2, 2, 1, 2, 2, 2, 2]","[2, 2, 2, 2, 1, 2, 2, 2, 2]","[1, 1, 1, 1, 1, 1, 1, 1, 0, 0, 0, 0, 0, 1, 1, 0, 2, 0, 0, 0, 1, 1, 0, 2, 0, 0, 0, 1, 1, 0, 2, 0, 0, 0, 1, 1, 0, 2, 0, 0, 5, 1, 1, 1, 1, 1, 1, 1, 1]"
15,16,0.9357143044471741,0.9586734771728516,0.9,0.11567732541018869,"[2, 2, 2, 2, 2, 0, 2, 2, 2, 2]","[1, 2, 2, 2, 2, 0, 2, 2, 2, 2]","[1, 1, 1, 1, 1, 1, 1, 1, 0, 0, 2, 0, 0, 1, 1, 0, 0, 2, 0, 0, 1, 1, 0, 0, 2, 0, 0, 1, 1, 0, 0, 2, 0, 0, 1, 1, 0, 0, 0, 0, 5, 1, 1, 1, 1, 1, 1, 1, 1]"
15,17,0.9448979496955872,0.9311224222183228,0.6363636363636364,0.010597650554369797,"[2, 0, 2, 2, 2, 2, 2, 2, 2, 0, 2]","[1, 2, 2, 2, 0, 2, 2, 2, 2, 1, 2]","[1, 1, 1, 1, 1, 1, 1, 1, 0, 0, 2, 0, 0, 1, 1, 0, 0, 2, 0, 0, 1, 1, 0, 0, 2, 0, 0, 1, 1, 0, 0, 0, 0, 0, 1, 1, 0, 0, 2, 0, 5, 1, 1, 1, 1, 1, 1, 1, 1]"
15,18,0.0,0.0,0.8181818181818182,0.06503643000508998,"[2, 2, 2, 2, 0, 2, 2, 2, 0, 2, 2]","[2, 1, 2, 2, 0, 2, 2, 2, 1, 2, 2]","[1, 1, 1, 1, 1, 1, 1, 1, 0, 0, 0, 2, 0, 1, 1, 0, 0, 0, 2, 0, 1, 1, 0, 0, 0, 0, 0, 1, 1, 0, 0, 0, 2, 0, 1, 1, 0, 0, 0, 2, 5, 1, 1, 1, 1, 1, 1, 1, 1]"
15,19,0.9586734771728516,0.0,1.0,0.2466710564057932,"[1, 2, 2, 2, 2, 0, 2, 2, 2, 2]","[1, 2, 2, 2, 2, 0, 2, 2, 2, 2]","[1, 1, 1, 1, 1, 1, 1, 1, 0, 2, 0, 0, 0, 1, 1, 0, 2, 0, 0, 0, 1, 1, 0, 2, 0, 0, 0, 1, 1, 0, 2, 0, 0, 0, 1, 1, 0, 0, 0, 0, 5, 1, 1, 1, 1, 1, 1, 1, 1]"
16,0,0.9586734771728516,0.0,0.8181818181818182,0.14802087318490853,"[2, 0, 0, 2, 2, 2, 2, 1, 2, 2, 2]","[1, 2, 0, 2, 2, 2, 2, 1, 2, 2, 2]","[1, 1, 1, 1, 1, 1, 1, 1, 0, 0, 2, 0, 0, 1, 1, 0, 0, 0, 0, 0, 1, 1, 0, 0, 2, 0, 0, 1, 1, 0, 0, 2, 0, 0, 1, 1, 0, 0, 2, 0, 5, 1, 1, 1, 1, 1, 1, 1, 1]"
16,1,0.9173469543457031,0.9586734771728516,0.6666666666666666,0.1490699747009785,"[2, 2, 2, 2, 0, 1, 1, 2, 2]","[2, 2, 2, 2, 1, 2, 2, 2, 2]","[1, 1, 1, 1, 1, 1, 1, 1, 0, 0, 0, 0, 0, 1, 1, 0, 2, 0, 0, 0, 1, 1, 0, 2, 0, 0, 0, 1, 1, 0, 2, 0, 0, 0, 1, 1, 0, 2, 0, 0, 5, 1, 1, 1, 1, 1, 1, 1, 1]"
16,2,0.9357143044471741,0.0,0.8181818181818182,0.17856309554454955,"[2, 2, 2, 0, 2, 2, 2, 0, 2, 2, 2]","[2, 1, 2, 0, 2, 2, 2, 1, 2, 2, 2]","[1, 1, 1, 1, 1, 1, 1, 1, 0, 0, 0, 2, 0, 1, 1, 0, 0, 0, 0, 0, 1, 1, 0, 0, 0, 2, 0, 1, 1, 0, 0, 0, 2, 0, 1, 1, 0, 0, 0, 2, 5, 1, 1, 1, 1, 1, 1, 1, 1]"
16,3,0.9494897723197937,0.0,1.0,0.018294498906470835,"[2, 2, 2, 2, 1, 2, 2, 2, 2]","[2, 2, 2, 2, 1, 2, 2, 2, 2]","[1, 1, 1, 1, 1, 1, 1, 1, 0, 0, 0, 0, 0, 1, 1, 0, 0, 0, 2, 0, 1, 1, 0, 0, 0, 2, 0, 1, 1, 0, 0, 0, 2, 0, 1, 1, 0, 0, 0, 2, 5, 1, 1, 1, 1, 1, 1, 1, 1]"
16,4,0.0,0.9494897723197937,0.8888888888888888,0.14529896204654433,"[2, 2, 2, 2, 0, 2, 2, 2, 2]","[2, 2, 2, 2, 1, 2, 2, 2, 2]","[1, 1, 1, 1, 1, 1, 1, 1, 0, 0, 0, 0, 0, 1, 1, 0, 0, 2, 0, 0, 1, 1, 0, 0, 2, 0, 0, 1, 1, 0, 0, 2, 0, 0, 1, 1, 0, 0, 2, 0, 5, 1, 1, 1, 1, 1, 1, 1, 1]"
16,5,0.9494897723197937,0.9494897723197937,0.5454545454545454,0.1670872614874194,"[0, 0, 2, 0, 2, 2, 2, 2, 2, 0, 2]","[1, 2, 2, 2, 0, 2, 2, 2, 2, 1, 2]","[1, 1, 1, 1, 1, 1, 1, 1, 0, 2, 0, 0, 0, 1, 1, 0, 2, 0, 0, 0, 1, 1, 0, 2, 0, 0, 0, 1, 1, 0, 0, 0, 0, 0, 1, 1, 0, 2, 0, 0, 5, 1, 1, 1, 1, 1, 1, 1, 1]"
16,6,0.0,0.9494897723197937,0.8888888888888888,0.15490240434354002,"[2, 2, 2, 2, 0, 2, 2, 2, 2]","[2, 2, 2, 2, 1, 2, 2, 2, 2]","[1, 1, 1, 1, 1, 1, 1, 1, 0, 0, 0, 0, 0, 1, 1, 0, 0, 2, 0, 0, 1, 1, 0, 0, 2, 0, 0, 1, 1, 0, 0, 2, 0, 0, 1, 1, 0, 0, 2, 0, 5, 1, 1, 1, 1, 1, 1, 1, 1]"
16,7,0.9494897723197937,0.954081654548645,1.0,0.0319984499074053,"[1, 2, 2, 2, 2, 0, 2, 2, 2, 2]","[1, 2, 2, 2, 2, 0, 2, 2, 2, 2]","[1, 1, 1, 1, 1, 1, 1, 1, 0, 2, 0, 0, 0, 1, 1, 0, 2, 0, 0, 0, 1, 1, 0, 2, 0, 0, 0, 1, 1, 0, 2, 0, 0, 0, 1, 1, 0, 0, 0, 0, 5, 1, 1, 1, 1, 1, 1, 1, 1]"
16,8,0.0,0.0,0.8181818181818182,0.16189311123558914,"[0, 2, 0, 2, 2, 2, 2, 0, 2, 2, 2]","[1, 2, 0, 2, 2, 2, 2, 1, 2, 2, 2]","[1, 1, 1, 1, 1, 1, 1, 1, 0, 2, 0, 0, 0, 1, 1, 0, 0, 0, 0, 0, 1, 1, 0, 2, 0, 0, 0, 1, 1, 0, 2, 0, 0, 0, 1, 1, 0, 2, 0, 0, 5, 1, 1, 1, 1, 1, 1, 1, 1]"
16,9,0.0,0.9586734771728516,0.7,0.3573371902228765,"[2, 2, 0, 2, 0, 2, 0, 2, 2, 2]","[2, 1, 2, 2, 2, 2, 0, 2, 2, 2]","[1, 1, 1, 1, 1, 1, 1, 1, 0, 0, 0, 2, 0, 1, 1, 0, 0, 0, 2, 0, 1, 1, 0, 0, 0, 2, 0, 1, 1, 0, 0, 0, 2, 0, 1, 1, 0, 0, 0, 0, 5, 1, 1, 1, 1, 1, 1, 1, 1]"
16,10,0.9494897723197937,0.9448979496955872,0.7272727272727273,0.11832806649035774,"[2, 2, 2, 2, 2, 2, 2, 2, 2, 0, 2]","[1, 2, 2, 2, 0, 2, 2, 2, 2, 1, 2]","[1, 1, 1, 1, 1, 1, 1, 1, 0, 0, 2, 0, 0, 1, 1, 0, 0, 2, 0, 0, 1, 1, 0, 0, 2, 0, 0, 1, 1, 0, 0, 0, 0, 0, 1, 1, 0, 0, 2, 0, 5, 1, 1, 1, 1, 1, 1, 1, 1]"
16,11,0.0,0.9494897723197937,0.8888888888888888,0.09965424028794384,"[2, 2, 2, 2, 0, 2, 2, 2, 2]","[2, 2, 2, 2, 1, 2, 2, 2, 2]","[1, 1, 1, 1, 1, 1, 1, 1, 0, 0, 0, 0, 0, 1, 1, 0, 0, 2, 0, 0, 1, 1, 0, 0, 2, 0, 0, 1, 1, 0, 0, 2, 0, 0, 1, 1, 0, 0, 2, 0, 5, 1, 1, 1, 1, 1, 1, 1, 1]"
16,12,0.9311224222183228,0.9494897723197937,0.9090909090909091,0.06383468299172819,"[2, 2, 0, 2, 2, 2, 2, 1, 2, 2, 2]","[1, 2, 0, 2, 2, 2, 2, 1, 2, 2, 2]","[1, 1, 1, 1, 1, 1, 1, 1, 0, 0, 2, 0, 0, 1, 1, 0, 0, 0, 0, 0, 1, 1, 0, 0, 2, 0, 0, 1, 1, 0, 0, 2, 0, 0, 1, 1, 0, 0, 2, 0, 5, 1, 1, 1, 1, 1, 1, 1, 1]"
16,13,0.9494897723197937,0.0,1.0,0.25953013433276545,"[2, 2, 2, 2, 1, 2, 2, 2, 2]","[2, 2, 2, 2, 1, 2, 2, 2, 2]","[1, 1, 1, 1, 1, 1, 1, 1, 0, 0, 0, 0, 0, 1, 1, 0, 2, 0, 0, 0, 1, 1, 0, 2, 0, 0, 0, 1, 1, 0, 2, 0, 0, 0, 1, 1, 0, 2, 0, 0, 5, 1, 1, 1, 1, 1, 1, 1, 1]"
16,14,0.954081654548645,0.9494897723197937,0.7,0.0982007287781347,"[2, 2, 0, 2, 0, 2, 0, 2, 2, 2]","[2, 1, 2, 2, 2, 2, 0, 2, 2, 2]","[1, 1, 1, 1, 1, 1, 1, 1, 0, 0, 0, 2, 0, 1, 1, 0, 0, 0, 2, 0, 1, 1, 0, 0, 0, 2, 0, 1, 1, 0, 0, 0, 2, 0, 1, 1, 0, 0, 0, 0, 5, 1, 1, 1, 1, 1, 1, 1, 1]"
16,15,0.9173469543457031,0.9265305995941162,0.9090909090909091,0.6046254096056183,"[2, 2, 2, 0, 2, 2, 2, 2, 1, 2, 2]","[1, 2, 2, 0, 2, 2, 2, 2, 1, 2, 2]","[1, 1, 1, 1, 1, 1, 1, 1, 0, 0, 2, 0, 0, 1, 1, 0, 0, 2, 0, 0, 1, 1, 0, 0, 0, 0, 0, 1, 1, 0, 0, 2, 0, 0, 1, 1, 0, 0, 2, 0, 5, 1, 1, 1, 1, 1, 1, 1, 1]"
16,16,0.0,0.0,0.7272727272727273,0.1212287057035913,"[2, 2, 2, 2, 2, 2, 2, 2, 2, 0, 2]","[2, 1, 2, 2, 2, 0, 2, 2, 2, 1, 2]","[1, 1, 1, 1, 1, 1, 1, 1, 0, 0, 0, 2, 0, 1, 1, 0, 0, 0, 2, 0, 1, 1, 0, 0, 0, 2, 0, 1, 1, 0, 0, 0, 0, 0, 1, 1, 0, 0, 0, 2, 5, 1, 1, 1, 1, 1, 1, 1, 1]"
16,17,0.0,0.9586734771728516,0.5454545454545454,0.01627893300346014,"[2, 2, 0, 0, 2, 2, 2, 2, 2, 0, 2]","[1, 2, 2, 2, 0, 2, 2, 2, 2, 1, 2]","[1, 1, 1, 1, 1, 1, 1, 1, 0, 0, 2, 0, 0, 1, 1, 0, 0, 2, 0, 0, 1, 1, 0, 0, 2, 0, 0, 1, 1, 0, 0, 0, 0, 0, 1, 1, 0, 0, 2, 0, 5, 1, 1, 1, 1, 1, 1, 1, 1]"
16,18,0.0,0.9494897723197937,0.6363636363636364,0.21043548585991945,"[2, 0, 0, 0, 2, 2, 2, 2, 0, 2, 2]","[1, 2, 2, 0, 2, 2, 2, 2, 1, 2, 2]","[1, 1, 1, 1, 1, 1, 1, 1, 0, 0, 2, 0, 0, 1, 1, 0, 0, 2, 0, 0, 1, 1, 0, 0, 0, 0, 0, 1, 1, 0, 0, 2, 0, 0, 1, 1, 0, 0, 2, 0, 5, 1, 1, 1, 1, 1, 1, 1, 1]"
16,19,0.8989796042442322,0.9265305995941162,0.9,0.11877454964754482,"[0, 2, 2, 2, 2, 0, 2, 2, 2, 2]","[1, 2, 2, 2, 2, 0, 2, 2, 2, 2]","[1, 1, 1, 1, 1, 1, 1, 1, 0, 2, 0, 0, 0, 1, 1, 0, 2, 0, 0, 0, 1, 1, 0, 2, 0, 0, 0, 1, 1, 0, 2, 0, 0, 0, 1, 1, 0, 0, 0, 0, 5, 1, 1, 1, 1, 1, 1, 1, 1]"
17,0,0.954081654548645,0.9586734771728516,0.8181818181818182,0.07690454000839964,"[2, 2, 0, 0, 2, 2, 2, 2, 1, 2, 2]","[1, 2, 2, 0, 2, 2, 2, 2, 1, 2, 2]","[1, 1, 1, 1, 1, 1, 1, 1, 0, 0, 2, 0, 0, 1, 1, 0, 0, 2, 0, 0, 1, 1, 0, 0, 0, 0, 0, 1, 1, 0, 0, 2, 0, 0, 1, 1, 0, 0, 2, 0, 5, 1, 1, 1, 1, 1, 1, 1, 1]"
17,1,0.9494897723197937,0.9586734771728516,0.5,0.046440538548631595,"[2, 2, 0, 0, 0, 2, 0, 2, 0, 2]","[2, 1, 2, 2, 2, 2, 0, 2, 2, 2]","[1, 1, 1, 1, 1, 1, 1, 1, 0, 0, 0, 2, 0, 1, 1, 0, 0, 0, 2, 0, 1, 1, 0, 0, 0, 2, 0, 1, 1, 0, 0, 0, 2, 0, 1, 1, 0, 0, 0, 0, 5, 1, 1, 1, 1, 1, 1, 1, 1]"
17,2,0.8989796042442322,0.0,0.9,0.14715051995495296,"[2, 2, 2, 2, 2, 0, 2, 2, 2, 2]","[1, 2, 2, 2, 2, 0, 2, 2, 2, 2]","[1, 1, 1, 1, 1, 1, 1, 1, 0, 0, 2, 0, 0, 1, 1, 0, 0, 2, 0, 0, 1, 1, 0, 0, 2, 0, 0, 1, 1, 0, 0, 2, 0, 0, 1, 1, 0, 0, 0, 0, 5, 1, 1, 1, 1, 1, 1, 1, 1]"
17,3,0.0,0.9494897723197937,0.9090909090909091,0.9519786571282585,"[2, 2, 2, 0, 2, 2, 2, 1, 2, 2, 2]","[2, 1, 2, 0, 2, 2, 2, 1, 2, 2, 2]","[1, 1, 1, 1, 1, 1, 1, 1, 0, 0, 0, 2, 0, 1, 1, 0, 0, 0, 0, 0, 1, 1, 0, 0, 0, 2, 0, 1, 1, 0, 0, 0, 2, 0, 1, 1, 0, 0, 0, 2, 5, 1, 1, 1, 1, 1, 1, 1, 1]"
17,4,0.0,0.954081654548645,0.9090909090909091,0.3551452393805114,"[2, 2, 2, 0, 2, 2, 2, 1, 2, 2, 2]","[2, 1, 2, 0, 2, 2, 2, 1, 2, 2, 2]","[1, 1, 1, 1, 1, 1, 1, 1, 0, 0, 0, 2, 0, 1, 1, 0, 0, 0, 0, 0, 1, 1, 0, 0, 0, 2, 0, 1, 1, 0, 0, 0, 2, 0, 1, 1, 0, 0, 0, 2, 5, 1, 1, 1, 1, 1, 1, 1, 1]"
17,5,0.9586734771728516,0.954081654548645,0.5454545454545454,0.10629759867151733,"[2, 2, 0, 0, 2, 2, 2, 2, 2, 0, 2]","[1, 2, 2, 2, 0, 2, 2, 2, 2, 1, 2]","[1, 1, 1, 1, 1, 1, 1, 1, 0, 0, 2, 0, 0, 1, 1, 0, 0, 2, 0, 0, 1, 1, 0, 0, 2, 0, 0, 1, 1, 0, 0, 0, 0, 0, 1, 1, 0, 0, 2, 0, 5, 1, 1, 1, 1, 1, 1, 1, 1]"
17,6,0.9494897723197937,0.0,1.0,0.05630495417757298,"[2, 2, 2, 2, 1, 2, 2, 2, 2]","[2, 2, 2, 2, 1, 2, 2, 2, 2]","[1, 1, 1, 1, 1, 1, 1, 1, 0, 0, 0, 0, 0, 1, 1, 0, 0, 2, 0, 0, 1, 1, 0, 0, 2, 0, 0, 1, 1, 0, 0, 2, 0, 0, 1, 1, 0, 0, 2, 0, 5, 1, 1, 1, 1, 1, 1, 1, 1]"
17,7,0.9494897723197937,0.0,0.9090909090909091,0.8132311110239243,"[2, 2, 0, 2, 2, 2, 2, 1, 2, 2, 2]","[1, 2, 0, 2, 2, 2, 2, 1, 2, 2, 2]","[1, 1, 1, 1, 1, 1, 1, 1, 0, 0, 2, 0, 0, 1, 1, 0, 0, 0, 0, 0, 1, 1, 0, 0, 2, 0, 0, 1, 1, 0, 0, 2, 0, 0, 1, 1, 0, 0, 2, 0, 5, 1, 1, 1, 1, 1, 1, 1, 1]"
17,8,0.954081654548645,0.954081654548645,0.9090909090909091,0.3287294458714314,"[2, 2, 2, 0, 2, 2, 2, 1, 2, 2, 2]","[2, 1, 2, 0, 2, 2, 2, 1, 2, 2, 2]","[1, 1, 1, 1, 1, 1, 1, 1, 0, 0, 0, 2, 0, 1, 1, 0, 0, 0, 0, 0, 1, 1, 0, 0, 0, 2, 0, 1, 1, 0, 0, 0, 2, 0, 1, 1, 0, 0, 0, 2, 5, 1, 1, 1, 1, 1, 1, 1, 1]"
17,9,0.9265305995941162,0.9357143044471741,0.7272727272727273,0.07053444720804691,"[2, 2, 2, 2, 2, 2, 2, 2, 2, 0, 2]","[2, 1, 2, 2, 2, 0, 2, 2, 2, 1, 2]","[1, 1, 1, 1, 1, 1, 1, 1, 0, 0, 0, 2, 0, 1, 1, 0, 0, 0, 2, 0, 1, 1, 0, 0, 0, 2, 0, 1, 1, 0, 0, 0, 0, 0, 1, 1, 0, 0, 0, 2, 5, 1, 1, 1, 1, 1, 1, 1, 1]"
17,10,0.0,0.0,0.9090909090909091,0.355360307414156,"[2, 2, 2, 0, 2, 2, 2, 1, 2, 2, 2]","[2, 1, 2, 0, 2, 2, 2, 1, 2, 2, 2]","[1, 1, 1, 1, 1, 1, 1, 1, 0, 0, 0, 2, 0, 1, 1, 0, 0, 0, 0, 0, 1, 1, 0, 0, 0, 2, 0, 1, 1, 0, 0, 0, 2, 0, 1, 1, 0, 0, 0, 2, 5, 1, 1, 1, 1, 1, 1, 1, 1]"
17,11,0.0,0.0,0.8888888888888888,0.6668442962120991,"[2, 2, 2, 2, 2, 2, 2, 2, 2]","[2, 2, 2, 2, 1, 2, 2, 2, 2]","[1, 1, 1, 1, 1, 1, 1, 1, 0, 0, 0, 0, 0, 1, 1, 0, 0, 2, 0, 0, 1, 1, 0, 0, 2, 0, 0, 1, 1, 0, 0, 2, 0, 0, 1, 1, 0, 0, 2, 0, 5, 1, 1, 1, 1, 1, 1, 1, 1]"
17,12,0.9586734771728516,0.9494897723197937,0.7,0.035181652777828275,"[2, 0, 2, 0, 2, 0, 2, 2, 2, 2]","[1, 2, 2, 2, 2, 0, 2, 2, 2, 2]","[1, 1, 1, 1, 1, 1, 1, 1, 0, 0, 2, 0, 0, 1, 1, 0, 0, 2, 0, 0, 1, 1, 0, 0, 2, 0, 0, 1, 1, 0, 0, 2, 0, 0, 1, 1, 0, 0, 0, 0, 5, 1, 1, 1, 1, 1, 1, 1, 1]"
17,13,0.0,0.9494897723197937,0.8888888888888888,0.014693642500787973,"[2, 2, 2, 2, 2, 2, 2, 2, 2]","[2, 2, 2, 2, 1, 2, 2, 2, 2]","[1, 1, 1, 1, 1, 1, 1, 1, 0, 0, 0, 0, 0, 1, 1, 0, 0, 2, 0, 0, 1, 1, 0, 0, 2, 0, 0, 1, 1, 0, 0, 2, 0, 0, 1, 1, 0, 0, 2, 0, 5, 1, 1, 1, 1, 1, 1, 1, 1]"
17,14,0.9311224222183228,0.0,0.7272727272727273,0.056477174954488875,"[2, 0, 0, 0, 2, 2, 2, 2, 1, 2, 2]","[1, 2, 2, 0, 2, 2, 2, 2, 1, 2, 2]","[1, 1, 1, 1, 1, 1, 1, 1, 0, 0, 2, 0, 0, 1, 1, 0, 0, 2, 0, 0, 1, 1, 0, 0, 0, 0, 0, 1, 1, 0, 0, 2, 0, 0, 1, 1, 0, 0, 2, 0, 5, 1, 1, 1, 1, 1, 1, 1, 1]"
17,15,0.8897958993911743,0.0,0.9,0.08667396591520127,"[2, 2, 2, 2, 2, 2, 0, 2, 2, 2]","[2, 1, 2, 2, 2, 2, 0, 2, 2, 2]","[1, 1, 1, 1, 1, 1, 1, 1, 0, 0, 0, 2, 0, 1, 1, 0, 0, 0, 2, 0, 1, 1, 0, 0, 0, 2, 0, 1, 1, 0, 0, 0, 2, 0, 1, 1, 0, 0, 0, 0, 5, 1, 1, 1, 1, 1, 1, 1, 1]"
17,16,0.9494897723197937,0.0,0.5454545454545454,0.22082990919309906,"[2, 2, 2, 0, 0, 2, 2, 2, 2, 0, 2]","[2, 1, 2, 2, 2, 0, 2, 2, 2, 1, 2]","[1, 1, 1, 1, 1, 1, 1, 1, 0, 0, 0, 2, 0, 1, 1, 0, 0, 0, 2, 0, 1, 1, 0, 0, 0, 2, 0, 1, 1, 0, 0, 0, 0, 0, 1, 1, 0, 0, 0, 2, 5, 1, 1, 1, 1, 1, 1, 1, 1]"
17,17,0.0,0.9494897723197937,0.5454545454545454,0.06579059292562306,"[2, 2, 2, 0, 0, 2, 2, 2, 2, 0, 2]","[2, 1, 2, 2, 2, 0, 2, 2, 2, 1, 2]","[1, 1, 1, 1, 1, 1, 1, 1, 0, 0, 0, 2, 0, 1, 1, 0, 0, 0, 2, 0, 1, 1, 0, 0, 0, 2, 0, 1, 1, 0, 0, 0, 0, 0, 1, 1, 0, 0, 0, 2, 5, 1, 1, 1, 1, 1, 1, 1, 1]"
17,18,0.8989796042442322,0.954081654548645,0.8888888888888888,0.06129239879858991,"[2, 2, 2, 2, 0, 2, 2, 2, 2]","[2, 2, 2, 2, 1, 2, 2, 2, 2]","[1, 1, 1, 1, 1, 1, 1, 1, 0, 0, 0, 0, 0, 1, 1, 0, 0, 2, 0, 0, 1, 1, 0, 0, 2, 0, 0, 1, 1, 0, 0, 2, 0, 0, 1, 1, 0, 0, 2, 0, 5, 1, 1, 1, 1, 1, 1, 1, 1]"
17,19,0.8989796042442322,0.9357143044471741,0.7272727272727273,0.07937470394627828,"[2, 2, 2, 2, 2, 2, 2, 2, 2, 0, 2]","[1, 2, 2, 2, 0, 2, 2, 2, 2, 1, 2]","[1, 1, 1, 1, 1, 1, 1, 1, 0, 0, 2, 0, 0, 1, 1, 0, 0, 2, 0, 0, 1, 1, 0, 0, 2, 0, 0, 1, 1, 0, 0, 0, 0, 0, 1, 1, 0, 0, 2, 0, 5, 1, 1, 1, 1, 1, 1, 1, 1]"
18,0,0.9494897723197937,0.9586734771728516,1.0,0.07838776660355506,"[1, 2, 2, 2, 2, 0, 2, 2, 2, 2]","[1, 2, 2, 2, 2, 0, 2, 2, 2, 2]","[1, 1, 1, 1, 1, 1, 1, 1, 0, 2, 0, 0, 0, 1, 1, 0, 2, 0, 0, 0, 1, 1, 0, 2, 0, 0, 0, 1, 1, 0, 2, 0, 0, 0, 1, 1, 0, 0, 0, 0, 5, 1, 1, 1, 1, 1, 1, 1, 1]"
18,1,0.9494897723197937,0.0,1.0,0.01204003738662736,"[1, 2, 0, 2, 2, 2, 2, 1, 2, 2, 2]","[1, 2, 0, 2, 2, 2, 2, 1, 2, 2, 2]","[1, 1, 1, 1, 1, 1, 1, 1, 0, 2, 0, 0, 0, 1, 1, 0, 0, 0, 0, 0, 1, 1, 0, 2, 0, 0, 0, 1, 1, 0, 2, 0, 0, 0, 1, 1, 0, 2, 0, 0, 5, 1, 1, 1, 1, 1, 1, 1, 1]"
18,2,0.9494897723197937,0.9494897723197937,0.5,0.07972274365602061,"[2, 2, 0, 0, 0, 2, 0, 0, 2, 2]","[2, 1, 2, 2, 2, 2, 0, 2, 2, 2]","[1, 1, 1, 1, 1, 1, 1, 1, 0, 0, 0, 2, 0, 1, 1, 0, 0, 0, 2, 0, 1, 1, 0, 0, 0, 2, 0, 1, 1, 0, 0, 0, 2, 0, 1, 1, 0, 0, 0, 0, 5, 1, 1, 1, 1, 1, 1, 1, 1]"
18,3,0.9494897723197937,0.9265305995941162,0.9090909090909091,0.0067419933541466226,"[1, 2, 0, 2, 2, 0, 2, 1, 2, 2, 2]","[1, 2, 0, 2, 2, 2, 2, 1, 2, 2, 2]","[1, 1, 1, 1, 1, 1, 1, 1, 0, 2, 0, 0, 0, 1, 1, 0, 0, 0, 0, 0, 1, 1, 0, 2, 0, 0, 0, 1, 1, 0, 2, 0, 0, 0, 1, 1, 0, 2, 0, 0, 5, 1, 1, 1, 1, 1, 1, 1, 1]"
18,4,0.0,0.9494897723197937,1.0,0.006930521374504844,"[2, 2, 2, 2, 1, 2, 2, 2, 2]","[2, 2, 2, 2, 1, 2, 2, 2, 2]","[1, 1, 1, 1, 1, 1, 1, 1, 0, 0, 0, 0, 0, 1, 1, 0, 0, 0, 2, 0, 1, 1, 0, 0, 0, 2, 0, 1, 1, 0, 0, 0, 2, 0, 1, 1, 0, 0, 0, 2, 5, 1, 1, 1, 1, 1, 1, 1, 1]"
18,5,0.9494897723197937,0.0,0.6363636363636364,0.026508203487739794,"[2, 2, 2, 0, 2, 2, 2, 2, 2, 0, 2]","[2, 1, 2, 2, 2, 0, 2, 2, 2, 1, 2]","[1, 1, 1, 1, 1, 1, 1, 1, 0, 0, 0, 2, 0, 1, 1, 0, 0, 0, 2, 0, 1, 1, 0, 0, 0, 2, 0, 1, 1, 0, 0, 0, 0, 0, 1, 1, 0, 0, 0, 2, 5, 1, 1, 1, 1, 1, 1, 1, 1]"
18,6,0.9494897723197937,0.9494897723197937,1.0,0.1010855662300148,"[2, 2, 2, 2, 1, 2, 2, 2, 2]","[2, 2, 2, 2, 1, 2, 2, 2, 2]","[1, 1, 1, 1, 1, 1, 1, 1, 0, 0, 0, 0, 0, 1, 1, 0, 0, 0, 2, 0, 1, 1, 0, 0, 0, 2, 0, 1, 1, 0, 0, 0, 2, 0, 1, 1, 0, 0, 0, 2, 5, 1, 1, 1, 1, 1, 1, 1, 1]"
18,7,0.9586734771728516,0.9494897723197937,1.0,0.015389472453130616,"[2, 2, 2, 2, 1, 2, 2, 2, 2]","[2, 2, 2, 2, 1, 2, 2, 2, 2]","[1, 1, 1, 1, 1, 1, 1, 1, 0, 0, 0, 0, 0, 1, 1, 0, 0, 2, 0, 0, 1, 1, 0, 0, 2, 0, 0, 1, 1, 0, 0, 2, 0, 0, 1, 1, 0, 0, 2, 0, 5, 1, 1, 1, 1, 1, 1, 1, 1]"
18,8,0.0,0.0,0.8181818181818182,0.029297286925033073,"[2, 2, 0, 0, 2, 2, 2, 2, 1, 2, 2]","[1, 2, 2, 0, 2, 2, 2, 2, 1, 2, 2]","[1, 1, 1, 1, 1, 1, 1, 1, 0, 0, 2, 0, 0, 1, 1, 0, 0, 2, 0, 0, 1, 1, 0, 0, 0, 0, 0, 1, 1, 0, 0, 2, 0, 0, 1, 1, 0, 0, 2, 0, 5, 1, 1, 1, 1, 1, 1, 1, 1]"
18,9,0.9494897723197937,0.9265305995941162,1.0,0.020838180330530223,"[1, 2, 2, 0, 2, 2, 2, 2, 1, 2, 2]","[1, 2, 2, 0, 2, 2, 2, 2, 1, 2, 2]","[1, 1, 1, 1, 1, 1, 1, 1, 0, 2, 0, 0, 0, 1, 1, 0, 2, 0, 0, 0, 1, 1, 0, 0, 0, 0, 0, 1, 1, 0, 2, 0, 0, 0, 1, 1, 0, 2, 0, 0, 5, 1, 1, 1, 1, 1, 1, 1, 1]"
18,10,0.954081654548645,0.9494897723197937,1.0,0.1561212645067523,"[2, 2, 2, 2, 1, 2, 2, 2, 2]","[2, 2, 2, 2, 1, 2, 2, 2, 2]","[1, 1, 1, 1, 1, 1, 1, 1, 0, 0, 0, 0, 0, 1, 1, 0, 0, 0, 2, 0, 1, 1, 0, 0, 0, 2, 0, 1, 1, 0, 0, 0, 2, 0, 1, 1, 0, 0, 0, 2, 5, 1, 1, 1, 1, 1, 1, 1, 1]"
18,11,0.9311224222183228,0.9586734771728516,0.7,0.03827380313305184,"[2, 0, 2, 0, 2, 0, 2, 2, 2, 2]","[1, 2, 2, 2, 2, 0, 2, 2, 2, 2]","[1, 1, 1, 1, 1, 1, 1, 1, 0, 0, 2, 0, 0, 1, 1, 0, 0, 2, 0, 0, 1, 1, 0, 0, 2, 0, 0, 1, 1, 0, 0, 2, 0, 0, 1, 1, 0, 0, 0, 0, 5, 1, 1, 1, 1, 1, 1, 1, 1]"
18,12,0.0,0.0,1.0,0.146398847195087,"[1, 2, 2, 2, 2, 0, 2, 2, 2, 2]","[1, 2, 2, 2, 2, 0, 2, 2, 2, 2]","[1, 1, 1, 1, 1, 1, 1, 1, 0, 2, 0, 0, 0, 1, 1, 0, 2, 0, 0, 0, 1, 1, 0, 2, 0, 0, 0, 1, 1, 0, 2, 0, 0, 0, 1, 1, 0, 0, 0, 0, 5, 1, 1, 1, 1, 1, 1, 1, 1]"
18,13,0.9494897723197937,0.9494897723197937,0.7272727272727273,0.7035841677927089,"[2, 2, 0, 0, 0, 2, 2, 2, 1, 2, 2]","[2, 1, 2, 2, 0, 2, 2, 2, 1, 2, 2]","[1, 1, 1, 1, 1, 1, 1, 1, 0, 0, 0, 2, 0, 1, 1, 0, 0, 0, 2, 0, 1, 1, 0, 0, 0, 0, 0, 1, 1, 0, 0, 0, 2, 0, 1, 1, 0, 0, 0, 2, 5, 1, 1, 1, 1, 1, 1, 1, 1]"
18,14,0.9494897723197937,0.0,0.8888888888888888,0.6822873024003846,"[2, 2, 2, 2, 0, 2, 2, 2, 2]","[2, 2, 2, 2, 1, 2, 2, 2, 2]","[1, 1, 1, 1, 1, 1, 1, 1, 0, 0, 0, 0, 0, 1, 1, 0, 0, 2, 0, 0, 1, 1, 0, 0, 2, 0, 0, 1, 1, 0, 0, 2, 0, 0, 1, 1, 0, 0, 2, 0, 5, 1, 1, 1, 1, 1, 1, 1, 1]"
18,15,0.9586734771728516,0.9494897723197937,0.9090909090909091,0.033828703437889504,"[2, 2, 0, 2, 2, 2, 2, 1, 2, 2, 2]","[1, 2, 0, 2, 2, 2, 2, 1, 2, 2, 2]","[1, 1, 1, 1, 1, 1, 1, 1, 0, 0, 2, 0, 0, 1, 1, 0, 0, 0, 0, 0, 1, 1, 0, 0, 2, 0, 0, 1, 1, 0, 0, 2, 0, 0, 1, 1, 0, 0, 2, 0, 5, 1, 1, 1, 1, 1, 1, 1, 1]"
18,16,0.9494897723197937,0.0,0.8888888888888888,0.14431315518699453,"[2, 2, 2, 2, 0, 2, 2, 2, 2]","[2, 2, 2, 2, 1, 2, 2, 2, 2]","[1, 1, 1, 1, 1, 1, 1, 1, 0, 0, 0, 0, 0, 1, 1, 0, 0, 2, 0, 0, 1, 1, 0, 0, 2, 0, 0, 1, 1, 0, 0, 2, 0, 0, 1, 1, 0, 0, 2, 0, 5, 1, 1, 1, 1, 1, 1, 1, 1]"
18,17,0.954081654548645,0.9494897723197937,0.5,0.5097468508952725,"[2, 2, 0, 0, 0, 2, 1, 2, 2, 2]","[2, 1, 2, 2, 2, 2, 0, 2, 2, 2]","[1, 1, 1, 1, 1, 1, 1, 1, 0, 0, 0, 2, 0, 1, 1, 0, 0, 0, 2, 0, 1, 1, 0, 0, 0, 2, 0, 1, 1, 0, 0, 0, 2, 0, 1, 1, 0, 0, 0, 0, 5, 1, 1, 1, 1, 1, 1, 1, 1]"
18,18,0.0,0.9586734771728516,1.0,0.015127080882666632,"[2, 2, 2, 2, 1, 2, 2, 2, 2]","[2, 2, 2, 2, 1, 2, 2, 2, 2]","[1, 1, 1, 1, 1, 1, 1, 1, 0, 0, 0, 0, 0, 1, 1, 0, 2, 0, 0, 0, 1, 1, 0, 2, 0, 0, 0, 1, 1, 0, 2, 0, 0, 0, 1, 1, 0, 2, 0, 0, 5, 1, 1, 1, 1, 1, 1, 1, 1]"
18,19,0.9494897723197937,0.0,1.0,0.2300515968222777,"[1, 2, 2, 0, 2, 2, 2, 2, 1, 2, 2]","[1, 2, 2, 0, 2, 2, 2, 2, 1, 2, 2]","[1, 1, 1, 1, 1, 1, 1, 1, 0, 2, 0, 0, 0, 1, 1, 0, 2, 0, 0, 0, 1, 1, 0, 0, 0, 0, 0, 1, 1, 0, 2, 0, 0, 0, 1, 1, 0, 2, 0, 0, 5, 1, 1, 1, 1, 1, 1, 1, 1]"
19,0,0.9586734771728516,0.954081654548645,0.9090909090909091,0.0476588803830964,"[2, 2, 2, 0, 2, 2, 2, 1, 2, 2, 2]","[2, 1, 2, 0, 2, 2, 2, 1, 2, 2, 2]","[1, 1, 1, 1, 1, 1, 1, 1, 0, 0, 0, 2, 0, 1, 1, 0, 0, 0, 0, 0, 1, 1, 0, 0, 0, 2, 0, 1, 1, 0, 0, 0, 2, 0, 1, 1, 0, 0, 0, 2, 5, 1, 1, 1, 1, 1, 1, 1, 1]"
19,1,0.954081654548645,0.9586734771728516,0.8181818181818182,0.08599234682042152,"[2, 2, 2, 0, 0, 2, 2, 2, 1, 2, 2]","[2, 1, 2, 2, 0, 2, 2, 2, 1, 2, 2]","[1, 1, 1, 1, 1, 1, 1, 1, 0, 0, 0, 2, 0, 1, 1, 0, 0, 0, 2, 0, 1, 1, 0, 0, 0, 0, 0, 1, 1, 0, 0, 0, 2, 0, 1, 1, 0, 0, 0, 2, 5, 1, 1, 1, 1, 1, 1, 1, 1]"
19,2,0.9494897723197937,0.9494897723197937,0.6,0.31584101510816254,"[2, 0, 0, 0, 2, 0, 2, 2, 2, 2]","[1, 2, 2, 2, 2, 0, 2, 2, 2, 2]","[1, 1, 1, 1, 1, 1, 1, 1, 0, 0, 2, 0, 0, 1, 1, 0, 0, 2, 0, 0, 1, 1, 0, 0, 2, 0, 0, 1, 1, 0, 0, 2, 0, 0, 1, 1, 0, 0, 0, 0, 5, 1, 1, 1, 1, 1, 1, 1, 1]"
19,3,0.9586734771728516,0.954081654548645,0.8181818181818182,0.03763510646531358,"[2, 2, 2, 0, 0, 2, 2, 2, 1, 2, 2]","[2, 1, 2, 2, 0, 2, 2, 2, 1, 2, 2]","[1, 1, 1, 1, 1, 1, 1, 1, 0, 0, 0, 2, 0, 1, 1, 0, 0, 0, 2, 0, 1, 1, 0, 0, 0, 0, 0, 1, 1, 0, 0, 0, 2, 0, 1, 1, 0, 0, 0, 2, 5, 1, 1, 1, 1, 1, 1, 1, 1]"
19,4,0.954081654548645,0.9494897723197937,1.0,0.07346352265449241,"[1, 2, 2, 0, 2, 2, 2, 2, 1, 2, 2]","[1, 2, 2, 0, 2, 2, 2, 2, 1, 2, 2]","[1, 1, 1, 1, 1, 1, 1, 1, 0, 2, 0, 0, 0, 1, 1, 0, 2, 0, 0, 0, 1, 1, 0, 0, 0, 0, 0, 1, 1, 0, 2, 0, 0, 0, 1, 1, 0, 2, 0, 0, 5, 1, 1, 1, 1, 1, 1, 1, 1]"
19,5,0.0,0.0,0.7,0.09569243206024854,"[2, 2, 0, 2, 0, 2, 0, 2, 2, 2]","[2, 1, 2, 2, 2, 2, 0, 2, 2, 2]","[1, 1, 1, 1, 1, 1, 1, 1, 0, 0, 0, 2, 0, 1, 1, 0, 0, 0, 2, 0, 1, 1, 0, 0, 0, 2, 0, 1, 1, 0, 0, 0, 2, 0, 1, 1, 0, 0, 0, 0, 5, 1, 1, 1, 1, 1, 1, 1, 1]"
19,6,0.954081654548645,0.9265305995941162,0.9090909090909091,0.13127994232179066,"[2, 2, 2, 0, 2, 2, 2, 1, 2, 2, 2]","[2, 1, 2, 0, 2, 2, 2, 1, 2, 2, 2]","[1, 1, 1, 1, 1, 1, 1, 1, 0, 0, 0, 2, 0, 1, 1, 0, 0, 0, 0, 0, 1, 1, 0, 0, 0, 2, 0, 1, 1, 0, 0, 0, 2, 0, 1, 1, 0, 0, 0, 2, 5, 1, 1, 1, 1, 1, 1, 1, 1]"
19,7,0.0,0.0,1.0,0.10544531738352296,"[2, 2, 2, 2, 1, 2, 2, 2, 2]","[2, 2, 2, 2, 1, 2, 2, 2, 2]","[1, 1, 1, 1, 1, 1, 1, 1, 0, 0, 0, 0, 0, 1, 1, 0, 0, 0, 2, 0, 1, 1, 0, 0, 0, 2, 0, 1, 1, 0, 0, 0, 2, 0, 1, 1, 0, 0, 0, 2, 5, 1, 1, 1, 1, 1, 1, 1, 1]"
19,8,0.9265305995941162,0.9586734771728516,0.8181818181818182,0.007528588227513764,"[1, 2, 2, 2, 2, 0, 2, 1, 2, 2, 2]","[1, 2, 0, 2, 2, 2, 2, 1, 2, 2, 2]","[1, 1, 1, 1, 1, 1, 1, 1, 0, 2, 0, 0, 0, 1, 1, 0, 0, 0, 0, 0, 1, 1, 0, 2, 0, 0, 0, 1, 1, 0, 2, 0, 0, 0, 1, 1, 0, 2, 0, 0, 5, 1, 1, 1, 1, 1, 1, 1, 1]"
19,9,0.0,0.9494897723197937,0.8181818181818182,0.5860305795539883,"[1, 2, 2, 2, 2, 0, 2, 1, 2, 2, 2]","[1, 2, 0, 2, 2, 2, 2, 1, 2, 2, 2]","[1, 1, 1, 1, 1, 1, 1, 1, 0, 2, 0, 0, 0, 1, 1, 0, 0, 0, 0, 0, 1, 1, 0, 2, 0, 0, 0, 1, 1, 0, 2, 0, 0, 0, 1, 1, 0, 2, 0, 0, 5, 1, 1, 1, 1, 1, 1, 1, 1]"
19,10,0.0,0.9494897723197937,1.0,0.03930365315781356,"[2, 2, 2, 2, 1, 2, 2, 2, 2]","[2, 2, 2, 2, 1, 2, 2, 2, 2]","[1, 1, 1, 1, 1, 1, 1, 1, 0, 0, 0, 0, 0, 1, 1, 0, 2, 0, 0, 0, 1, 1, 0, 2, 0, 0, 0, 1, 1, 0, 2, 0, 0, 0, 1, 1, 0, 2, 0, 0, 5, 1, 1, 1, 1, 1, 1, 1, 1]"
19,11,0.0,0.0,0.8888888888888888,0.018560798055577008,"[1, 2, 2, 2, 1, 2, 2, 2, 2]","[2, 2, 2, 2, 1, 2, 2, 2, 2]","[1, 1, 1, 1, 1, 1, 1, 1, 0, 0, 0, 0, 0, 1, 1, 0, 2, 0, 0, 0, 1, 1, 0, 2, 0, 0, 0, 1, 1, 0, 2, 0, 0, 0, 1, 1, 0, 2, 0, 0, 5, 1, 1, 1, 1, 1, 1, 1, 1]"
19,12,0.9586734771728516,0.954081654548645,0.9,0.09530312870629132,"[2, 2, 2, 2, 2, 2, 0, 2, 2, 2]","[2, 1, 2, 2, 2, 2, 0, 2, 2, 2]","[1, 1, 1, 1, 1, 1, 1, 1, 0, 0, 0, 2, 0, 1, 1, 0, 0, 0, 2, 0, 1, 1, 0, 0, 0, 2, 0, 1, 1, 0, 0, 0, 2, 0, 1, 1, 0, 0, 0, 0, 5, 1, 1, 1, 1, 1, 1, 1, 1]"
19,13,0.0,0.954081654548645,0.6363636363636364,0.04968454126501456,"[2, 2, 0, 2, 2, 2, 2, 2, 2, 0, 2]","[1, 2, 2, 2, 0, 2, 2, 2, 2, 1, 2]","[1, 1, 1, 1, 1, 1, 1, 1, 0, 0, 2, 0, 0, 1, 1, 0, 0, 2, 0, 0, 1, 1, 0, 0, 2, 0, 0, 1, 1, 0, 0, 0, 0, 0, 1, 1, 0, 0, 2, 0, 5, 1, 1, 1, 1, 1, 1, 1, 1]"
19,14,0.9494897723197937,0.9494897723197937,1.0,0.021274428594753973,"[2, 2, 2, 2, 1, 2, 2, 2, 2]","[2, 2, 2, 2, 1, 2, 2, 2, 2]","[1, 1, 1, 1, 1, 1, 1, 1, 0, 0, 0, 0, 0, 1, 1, 0, 0, 0, 2, 0, 1, 1, 0, 0, 0, 2, 0, 1, 1, 0, 0, 0, 2, 0, 1, 1, 0, 0, 0, 2, 5, 1, 1, 1, 1, 1, 1, 1, 1]"
19,15,0.0,0.9494897723197937,0.6363636363636364,0.10420981100261477,"[2, 2, 2, 0, 2, 2, 2, 2, 2, 0, 2]","[2, 1, 2, 2, 2, 0, 2, 2, 2, 1, 2]","[1, 1, 1, 1, 1, 1, 1, 1, 0, 0, 0, 2, 0, 1, 1, 0, 0, 0, 2, 0, 1, 1, 0, 0, 0, 2, 0, 1, 1, 0, 0, 0, 0, 0, 1, 1, 0, 0, 0, 2, 5, 1, 1, 1, 1, 1, 1, 1, 1]"
19,16,0.9265305995941162,0.9586734771728516,0.9090909090909091,0.041226522051147185,"[2, 2, 2, 0, 2, 2, 2, 2, 1, 2, 2]","[1, 2, 2, 0, 2, 2, 2, 2, 1, 2, 2]","[1, 1, 1, 1, 1, 1, 1, 1, 0, 0, 2, 0, 0, 1, 1, 0, 0, 2, 0, 0, 1, 1, 0, 0, 0, 0, 0, 1, 1, 0, 0, 2, 0, 0, 1, 1, 0, 0, 2, 0, 5, 1, 1, 1, 1, 1, 1, 1, 1]"
19,17,0.0,0.9586734771728516,1.0,0.07155618750985013,"[2, 2, 2, 2, 1, 2, 2, 2, 2]","[2, 2, 2, 2, 1, 2, 2, 2, 2]","[1, 1, 1, 1, 1, 1, 1, 1, 0, 0, 0, 0, 0, 1, 1, 0, 0, 0, 2, 0, 1, 1, 0, 0, 0, 2, 0, 1, 1, 0, 0, 0, 2, 0, 1, 1, 0, 0, 0, 2, 5, 1, 1, 1, 1, 1, 1, 1, 1]"
19,18,0.0,0.9265305995941162,0.5454545454545454,0.014102283092638985,"[2, 2, 2, 0, 0, 2, 2, 2, 2, 0, 2]","[2, 1, 2, 2, 2, 0, 2, 2, 2, 1, 2]","[1, 1, 1, 1, 1, 1, 1, 1, 0, 0, 0, 2, 0, 1, 1, 0, 0, 0, 2, 0, 1, 1, 0, 0, 0, 2, 0, 1, 1, 0, 0, 0, 0, 0, 1, 1, 0, 0, 0, 2, 5, 1, 1, 1, 1, 1, 1, 1, 1]"
19,19,0.0,0.0,0.9090909090909091,0.10947167702085737,"[2, 2, 2, 0, 2, 2, 2, 1, 2, 2, 2]","[2, 1, 2, 0, 2, 2, 2, 1, 2, 2, 2]","[1, 1, 1, 1, 1, 1, 1, 1, 0, 0, 0, 2, 0, 1, 1, 0, 0, 0, 0, 0, 1, 1, 0, 0, 0, 2, 0, 1, 1, 0, 0, 0, 2, 0, 1, 1, 0, 0, 0, 2, 5, 1, 1, 1, 1, 1, 1, 1, 1]"
20,0,0.9586734771728516,0.0,0.8,0.2877867743372917,"[2, 0, 2, 2, 2, 0, 2, 2, 2, 2]","[1, 2, 2, 2, 2, 0, 2, 2, 2, 2]","[1, 1, 1, 1, 1, 1, 1, 1, 0, 0, 2, 0, 0, 1, 1, 0, 0, 2, 0, 0, 1, 1, 0, 0, 2, 0, 0, 1, 1, 0, 0, 2, 0, 0, 1, 1, 0, 0, 0, 0, 5, 1, 1, 1, 1, 1, 1, 1, 1]"
20,1,0.9586734771728516,0.9586734771728516,0.6,0.04338788564465093,"[2, 0, 0, 0, 2, 0, 2, 2, 2, 2]","[1, 2, 2, 2, 2, 0, 2, 2, 2, 2]","[1, 1, 1, 1, 1, 1, 1, 1, 0, 0, 2, 0, 0, 1, 1, 0, 0, 2, 0, 0, 1, 1, 0, 0, 2, 0, 0, 1, 1, 0, 0, 2, 0, 0, 1, 1, 0, 0, 0, 0, 5, 1, 1, 1, 1, 1, 1, 1, 1]"
20,2,0.9494897723197937,0.9494897723197937,0.7272727272727273,0.07462987045503476,"[2, 2, 0, 0, 0, 2, 2, 2, 1, 2, 2]","[2, 1, 2, 2, 0, 2, 2, 2, 1, 2, 2]","[1, 1, 1, 1, 1, 1, 1, 1, 0, 0, 0, 2, 0, 1, 1, 0, 0, 0, 2, 0, 1, 1, 0, 0, 0, 0, 0, 1, 1, 0, 0, 0, 2, 0, 1, 1, 0, 0, 0, 2, 5, 1, 1, 1, 1, 1, 1, 1, 1]"
20,3,0.954081654548645,0.954081654548645,0.8181818181818182,0.010485073887846537,"[2, 2, 2, 0, 0, 2, 2, 2, 1, 2, 2]","[2, 1, 2, 2, 0, 2, 2, 2, 1, 2, 2]","[1, 1, 1, 1, 1, 1, 1, 1, 0, 0, 0, 2, 0, 1, 1, 0, 0, 0, 2, 0, 1, 1, 0, 0, 0, 0, 0, 1, 1, 0, 0, 0, 2, 0, 1, 1, 0, 0, 0, 2, 5, 1, 1, 1, 1, 1, 1, 1, 1]"
20,4,0.9586734771728516,0.9494897723197937,0.6363636363636364,0.2133606684546976,"[1, 2, 1, 2, 2, 0, 2, 2, 2, 0, 2]","[1, 2, 2, 2, 0, 2, 2, 2, 2, 1, 2]","[1, 1, 1, 1, 1, 1, 1, 1, 0, 2, 0, 0, 0, 1, 1, 0, 2, 0, 0, 0, 1, 1, 0, 2, 0, 0, 0, 1, 1, 0, 0, 0, 0, 0, 1, 1, 0, 2, 0, 0, 5, 1, 1, 1, 1, 1, 1, 1, 1]"
20,5,0.9586734771728516,0.9494897723197937,0.5454545454545454,0.07075507380068302,"[2, 2, 0, 0, 2, 2, 2, 2, 2, 0, 2]","[1, 2, 2, 2, 0, 2, 2, 2, 2, 1, 2]","[1, 1, 1, 1, 1, 1, 1, 1, 0, 0, 2, 0, 0, 1, 1, 0, 0, 2, 0, 0, 1, 1, 0, 0, 2, 0, 0, 1, 1, 0, 0, 0, 0, 0, 1, 1, 0, 0, 2, 0, 5, 1, 1, 1, 1, 1, 1, 1, 1]"
20,6,0.9494897723197937,0.9494897723197937,0.9090909090909091,0.027916084329428322,"[2, 2, 0, 2, 2, 2, 2, 1, 2, 2, 2]","[1, 2, 0, 2, 2, 2, 2, 1, 2, 2, 2]","[1, 1, 1, 1, 1, 1, 1, 1, 0, 0, 2, 0, 0, 1, 1, 0, 0, 0, 0, 0, 1, 1, 0, 0, 2, 0, 0, 1, 1, 0, 0, 2, 0, 0, 1, 1, 0, 0, 2, 0, 5, 1, 1, 1, 1, 1, 1, 1, 1]"
20,7,0.9586734771728516,0.9494897723197937,0.9090909090909091,0.10027946516129305,"[2, 2, 0, 2, 2, 2, 2, 1, 2, 2, 2]","[1, 2, 0, 2, 2, 2, 2, 1, 2, 2, 2]","[1, 1, 1, 1, 1, 1, 1, 1, 0, 0, 2, 0, 0, 1, 1, 0, 0, 0, 0, 0, 1, 1, 0, 0, 2, 0, 0, 1, 1, 0, 0, 2, 0, 0, 1, 1, 0, 0, 2, 0, 5, 1, 1, 1, 1, 1, 1, 1, 1]"
20,8,0.9586734771728516,0.954081654548645,0.5454545454545454,0.12065240913023222,"[2, 2, 0, 0, 2, 2, 2, 2, 2, 0, 2]","[1, 2, 2, 2, 0, 2, 2, 2, 2, 1, 2]","[1, 1, 1, 1, 1, 1, 1, 1, 0, 0, 2, 0, 0, 1, 1, 0, 0, 2, 0, 0, 1, 1, 0, 0, 2, 0, 0, 1, 1, 0, 0, 0, 0, 0, 1, 1, 0, 0, 2, 0, 5, 1, 1, 1, 1, 1, 1, 1, 1]"
20,9,0.0,0.0,0.9,0.09715464575886157,"[2, 2, 2, 2, 2, 0, 2, 2, 2, 2]","[1, 2, 2, 2, 2, 0, 2, 2, 2, 2]","[1, 1, 1, 1, 1, 1, 1, 1, 0, 0, 2, 0, 0, 1, 1, 0, 0, 2, 0, 0, 1, 1, 0, 0, 2, 0, 0, 1, 1, 0, 0, 2, 0, 0, 1, 1, 0, 0, 0, 0, 5, 1, 1, 1, 1, 1, 1, 1, 1]"
20,10,0.954081654548645,0.9494897723197937,1.0,0.05716718828559599,"[2, 2, 2, 2, 1, 2, 2, 2, 2]","[2, 2, 2, 2, 1, 2, 2, 2, 2]","[1, 1, 1, 1, 1, 1, 1, 1, 0, 0, 0, 0, 0, 1, 1, 0, 0, 2, 0, 0, 1, 1, 0, 0, 2, 0, 0, 1, 1, 0, 0, 2, 0, 0, 1, 1, 0, 0, 2, 0, 5, 1, 1, 1, 1, 1, 1, 1, 1]"
20,11,0.0,0.0,0.8181818181818182,0.09340282476841821,"[1, 2, 2, 2, 2, 2, 2, 2, 2, 0, 2]","[1, 2, 2, 2, 0, 2, 2, 2, 2, 1, 2]","[1, 1, 1, 1, 1, 1, 1, 1, 0, 2, 0, 0, 0, 1, 1, 0, 2, 0, 0, 0, 1, 1, 0, 2, 0, 0, 0, 1, 1, 0, 0, 0, 0, 0, 1, 1, 0, 2, 0, 0, 5, 1, 1, 1, 1, 1, 1, 1, 1]"
20,12,0.9494897723197937,0.9494897723197937,0.7272727272727273,0.2248155278764304,"[2, 2, 0, 0, 0, 2, 2, 2, 1, 2, 2]","[2, 1, 2, 2, 0, 2, 2, 2, 1, 2, 2]","[1, 1, 1, 1, 1, 1, 1, 1, 0, 0, 0, 2, 0, 1, 1, 0, 0, 0, 2, 0, 1, 1, 0, 0, 0, 0, 0, 1, 1, 0, 0, 0, 2, 0, 1, 1, 0, 0, 0, 2, 5, 1, 1, 1, 1, 1, 1, 1, 1]"
20,13,0.9494897723197937,0.9494897723197937,1.0,0.040511933224148707,"[2, 2, 2, 2, 1, 2, 2, 2, 2]","[2, 2, 2, 2, 1, 2, 2, 2, 2]","[1, 1, 1, 1, 1, 1, 1, 1, 0, 0, 0, 0, 0, 1, 1, 0, 2, 0, 0, 0, 1, 1, 0, 2, 0, 0, 0, 1, 1, 0, 2, 0, 0, 0, 1, 1, 0, 2, 0, 0, 5, 1, 1, 1, 1, 1, 1, 1, 1]"
20,14,0.9494897723197937,0.0,0.9090909090909091,0.05451960169540888,"[2, 2, 2, 0, 2, 2, 2, 2, 1, 2, 2]","[1, 2, 2, 0, 2, 2, 2, 2, 1, 2, 2]","[1, 1, 1, 1, 1, 1, 1, 1, 0, 0, 2, 0, 0, 1, 1, 0, 0, 2, 0, 0, 1, 1, 0, 0, 0, 0, 0, 1, 1, 0, 0, 2, 0, 0, 1, 1, 0, 0, 2, 0, 5, 1, 1, 1, 1, 1, 1, 1, 1]"
20,15,0.9586734771728516,0.9586734771728516,1.0,0.15629105401767077,"[1, 2, 2, 2, 2, 0, 2, 2, 2, 2]","[1, 2, 2, 2, 2, 0, 2, 2, 2, 2]","[1, 1, 1, 1, 1, 1, 1, 1, 0, 2, 0, 0, 0, 1, 1, 0, 2, 0, 0, 0, 1, 1, 0, 2, 0, 0, 0, 1, 1, 0, 2, 0, 0, 0, 1, 1, 0, 0, 0, 0, 5, 1, 1, 1, 1, 1, 1, 1, 1]"
20,16,0.954081654548645,0.9494897723197937,0.6,0.01953684456465352,"[2, 0, 0, 0, 2, 0, 2, 2, 2, 2]","[1, 2, 2, 2, 2, 0, 2, 2, 2, 2]","[1, 1, 1, 1, 1, 1, 1, 1, 0, 0, 2, 0, 0, 1, 1, 0, 0, 2, 0, 0, 1, 1, 0, 0, 2, 0, 0, 1, 1, 0, 0, 2, 0, 0, 1, 1, 0, 0, 0, 0, 5, 1, 1, 1, 1, 1, 1, 1, 1]"
20,17,0.0,0.954081654548645,0.9090909090909091,0.22898328132281193,"[2, 2, 2, 0, 2, 2, 2, 2, 1, 2, 2]","[1, 2, 2, 0, 2, 2, 2, 2, 1, 2, 2]","[1, 1, 1, 1, 1, 1, 1, 1, 0, 0, 2, 0, 0, 1, 1, 0, 0, 2, 0, 0, 1, 1, 0, 0, 0, 0, 0, 1, 1, 0, 0, 2, 0, 0, 1, 1, 0, 0, 2, 0, 5, 1, 1, 1, 1, 1, 1, 1, 1]"
20,18,0.0,0.9494897723197937,0.8181818181818182,0.08726416610773992,"[2, 2, 2, 0, 0, 2, 2, 2, 1, 2, 2]","[2, 1, 2, 2, 0, 2, 2, 2, 1, 2, 2]","[1, 1, 1, 1, 1, 1, 1, 1, 0, 0, 0, 2, 0, 1, 1, 0, 0, 0, 2, 0, 1, 1, 0, 0, 0, 0, 0, 1, 1, 0, 0, 0, 2, 0, 1, 1, 0, 0, 0, 2, 5, 1, 1, 1, 1, 1, 1, 1, 1]"
20,19,0.0,0.0,0.7,0.11258489949007829,"[2, 0, 2, 0, 2, 0, 2, 2, 2, 2]","[1, 2, 2, 2, 2, 0, 2, 2, 2, 2]","[1, 1, 1, 1, 1, 1, 1, 1, 0, 0, 2, 0, 0, 1, 1, 0, 0, 2, 0, 0, 1, 1, 0, 0, 2, 0, 0, 1, 1, 0, 0, 2, 0, 0, 1, 1, 0, 0, 0, 0, 5, 1, 1, 1, 1, 1, 1, 1, 1]"
21,0,0.9494897723197937,0.0,0.9090909090909091,0.08316043792809877,"[1, 2, 2, 2, 2, 2, 2, 1, 2, 2, 2]","[1, 2, 0, 2, 2, 2, 2, 1, 2, 2, 2]","[1, 1, 1, 1, 1, 1, 1, 1, 0, 2, 0, 0, 0, 1, 1, 0, 0, 0, 0, 0, 1, 1, 0, 2, 0, 0, 0, 1, 1, 0, 2, 0, 0, 0, 1, 1, 0, 2, 0, 0, 5, 1, 1, 1, 1, 1, 1, 1, 1]"
21,1,0.0,0.954081654548645,0.7,0.01109427806804888,"[2, 0, 2, 0, 2, 0, 2, 2, 2, 2]","[1, 2, 2, 2, 2, 0, 2, 2, 2, 2]","[1, 1, 1, 1, 1, 1, 1, 1, 0, 0, 2, 0, 0, 1, 1, 0, 0, 2, 0, 0, 1, 1, 0, 0, 2, 0, 0, 1, 1, 0, 0, 2, 0, 0, 1, 1, 0, 0, 0, 0, 5, 1, 1, 1, 1, 1, 1, 1, 1]"
21,2,0.9494897723197937,0.9494897723197937,1.0,0.04904874786087829,"[2, 2, 2, 2, 1, 2, 2, 2, 2]","[2, 2, 2, 2, 1, 2, 2, 2, 2]","[1, 1, 1, 1, 1, 1, 1, 1, 0, 0, 0, 0, 0, 1, 1, 0, 0, 0, 2, 0, 1, 1, 0, 0, 0, 2, 0, 1, 1, 0, 0, 0, 2, 0, 1, 1, 0, 0, 0, 2, 5, 1, 1, 1, 1, 1, 1, 1, 1]"
21,3,0.9494897723197937,0.9311224222183228,0.7272727272727273,0.16720912666318732,"[2, 2, 2, 2, 2, 2, 2, 2, 2, 0, 2]","[2, 1, 2, 2, 2, 0, 2, 2, 2, 1, 2]","[1, 1, 1, 1, 1, 1, 1, 1, 0, 0, 0, 2, 0, 1, 1, 0, 0, 0, 2, 0, 1, 1, 0, 0, 0, 2, 0, 1, 1, 0, 0, 0, 0, 0, 1, 1, 0, 0, 0, 2, 5, 1, 1, 1, 1, 1, 1, 1, 1]"
21,4,0.9586734771728516,0.9494897723197937,1.0,0.3571056886267259,"[2, 2, 2, 2, 1, 2, 2, 2, 2]","[2, 2, 2, 2, 1, 2, 2, 2, 2]","[1, 1, 1, 1, 1, 1, 1, 1, 0, 0, 0, 0, 0, 1, 1, 0, 0, 2, 0, 0, 1, 1, 0, 0, 2, 0, 0, 1, 1, 0, 0, 2, 0, 0, 1, 1, 0, 0, 2, 0, 5, 1, 1, 1, 1, 1, 1, 1, 1]"
21,5,0.0,0.954081654548645,0.8,0.13936192576180806,"[2, 0, 2, 2, 2, 0, 2, 2, 2, 2]","[1, 2, 2, 2, 2, 0, 2, 2, 2, 2]","[1, 1, 1, 1, 1, 1, 1, 1, 0, 0, 2, 0, 0, 1, 1, 0, 0, 2, 0, 0, 1, 1, 0, 0, 2, 0, 0, 1, 1, 0, 0, 2, 0, 0, 1, 1, 0, 0, 0, 0, 5, 1, 1, 1, 1, 1, 1, 1, 1]"
21,6,0.954081654548645,0.9586734771728516,0.5454545454545454,0.03892235428793356,"[2, 2, 2, 0, 0, 2, 2, 2, 2, 0, 2]","[2, 1, 2, 2, 2, 0, 2, 2, 2, 1, 2]","[1, 1, 1, 1, 1, 1, 1, 1, 0, 0, 0, 2, 0, 1, 1, 0, 0, 0, 2, 0, 1, 1, 0, 0, 0, 2, 0, 1, 1, 0, 0, 0, 0, 0, 1, 1, 0, 0, 0, 2, 5, 1, 1, 1, 1, 1, 1, 1, 1]"
21,7,0.9265305995941162,0.9586734771728516,0.7272727272727273,0.062292956152103014,"[1, 0, 2, 2, 2, 2, 2, 2, 2, 0, 2]","[1, 2, 2, 2, 0, 2, 2, 2, 2, 1, 2]","[1, 1, 1, 1, 1, 1, 1, 1, 0, 2, 0, 0, 0, 1, 1, 0, 2, 0, 0, 0, 1, 1, 0, 2, 0, 0, 0, 1, 1, 0, 0, 0, 0, 0, 1, 1, 0, 2, 0, 0, 5, 1, 1, 1, 1, 1, 1, 1, 1]"
21,8,0.9586734771728516,0.954081654548645,0.9090909090909091,0.07672081065829843,"[2, 2, 2, 0, 2, 2, 2, 1, 2, 2, 2]","[2, 1, 2, 0, 2, 2, 2, 1, 2, 2, 2]","[1, 1, 1, 1, 1, 1, 1, 1, 0, 0, 0, 2, 0, 1, 1, 0, 0, 0, 0, 0, 1, 1, 0, 0, 0, 2, 0, 1, 1, 0, 0, 0, 2, 0, 1, 1, 0, 0, 0, 2, 5, 1, 1, 1, 1, 1, 1, 1, 1]"
21,9,0.9265305995941162,0.0,0.7272727272727273,0.023497363785281777,"[1, 2, 2, 2, 2, 0, 2, 2, 2, 0, 2]","[1, 2, 2, 2, 0, 2, 2, 2, 2, 1, 2]","[1, 1, 1, 1, 1, 1, 1, 1, 0, 2, 0, 0, 0, 1, 1, 0, 2, 0, 0, 0, 1, 1, 0, 2, 0, 0, 0, 1, 1, 0, 0, 0, 0, 0, 1, 1, 0, 2, 0, 0, 5, 1, 1, 1, 1, 1, 1, 1, 1]"
21,10,0.9586734771728516,0.0,0.9,0.12266594290998242,"[2, 2, 2, 2, 2, 2, 0, 2, 2, 2]","[2, 1, 2, 2, 2, 2, 0, 2, 2, 2]","[1, 1, 1, 1, 1, 1, 1, 1, 0, 0, 0, 2, 0, 1, 1, 0, 0, 0, 2, 0, 1, 1, 0, 0, 0, 2, 0, 1, 1, 0, 0, 0, 2, 0, 1, 1, 0, 0, 0, 0, 5, 1, 1, 1, 1, 1, 1, 1, 1]"
21,11,0.0,0.9494897723197937,0.9090909090909091,0.09094479965925631,"[2, 2, 2, 0, 2, 2, 2, 2, 1, 2, 2]","[1, 2, 2, 0, 2, 2, 2, 2, 1, 2, 2]","[1, 1, 1, 1, 1, 1, 1, 1, 0, 0, 2, 0, 0, 1, 1, 0, 0, 2, 0, 0, 1, 1, 0, 0, 0, 0, 0, 1, 1, 0, 0, 2, 0, 0, 1, 1, 0, 0, 2, 0, 5, 1, 1, 1, 1, 1, 1, 1, 1]"
21,12,0.9494897723197937,0.9586734771728516,0.5454545454545454,0.15918634655619307,"[2, 2, 0, 2, 2, 2, 0, 2, 2, 0, 2]","[1, 2, 2, 2, 0, 2, 2, 2, 2, 1, 2]","[1, 1, 1, 1, 1, 1, 1, 1, 0, 0, 2, 0, 0, 1, 1, 0, 0, 2, 0, 0, 1, 1, 0, 0, 2, 0, 0, 1, 1, 0, 0, 0, 0, 0, 1, 1, 0, 0, 2, 0, 5, 1, 1, 1, 1, 1, 1, 1, 1]"
21,13,0.9265305995941162,0.9265305995941162,1.0,0.23022501783389646,"[1, 2, 0, 2, 2, 2, 2, 1, 2, 2, 2]","[1, 2, 0, 2, 2, 2, 2, 1, 2, 2, 2]","[1, 1, 1, 1, 1, 1, 1, 1, 0, 2, 0, 0, 0, 1, 1, 0, 0, 0, 0, 0, 1, 1, 0, 2, 0, 0, 0, 1, 1, 0, 2, 0, 0, 0, 1, 1, 0, 2, 0, 0, 5, 1, 1, 1, 1, 1, 1, 1, 1]"
21,14,0.0,0.9494897723197937,0.9,0.008711559360381215,"[2, 2, 2, 2, 2, 2, 0, 2, 2, 2]","[2, 1, 2, 2, 2, 2, 0, 2, 2, 2]","[1, 1, 1, 1, 1, 1, 1, 1, 0, 0, 0, 2, 0, 1, 1, 0, 0, 0, 2, 0, 1, 1, 0, 0, 0, 2, 0, 1, 1, 0, 0, 0, 2, 0, 1, 1, 0, 0, 0, 0, 5, 1, 1, 1, 1, 1, 1, 1, 1]"
21,15,0.9494897723197937,0.9586734771728516,1.0,0.08685535124451996,"[2, 2, 2, 2, 1, 2, 2, 2, 2]","[2, 2, 2, 2, 1, 2, 2, 2, 2]","[1, 1, 1, 1, 1, 1, 1, 1, 0, 0, 0, 0, 0, 1, 1, 0, 0, 0, 2, 0, 1, 1, 0, 0, 0, 2, 0, 1, 1, 0, 0, 0, 2, 0, 1, 1, 0, 0, 0, 2, 5, 1, 1, 1, 1, 1, 1, 1, 1]"
21,16,0.9494897723197937,0.9494897723197937,1.0,0.0963228649670782,"[1, 2, 2, 0, 2, 2, 2, 2, 1, 2, 2]","[1, 2, 2, 0, 2, 2, 2, 2, 1, 2, 2]","[1, 1, 1, 1, 1, 1, 1, 1, 0, 2, 0, 0, 0, 1, 1, 0, 2, 0, 0, 0, 1, 1, 0, 0, 0, 0, 0, 1, 1, 0, 2, 0, 0, 0, 1, 1, 0, 2, 0, 0, 5, 1, 1, 1, 1, 1, 1, 1, 1]"
21,17,0.8760204315185547,0.9586734771728516,1.0,0.07029617873486131,"[2, 2, 2, 2, 1, 2, 2, 2, 2]","[2, 2, 2, 2, 1, 2, 2, 2, 2]","[1, 1, 1, 1, 1, 1, 1, 1, 0, 0, 0, 0, 0, 1, 1, 0, 2, 0, 0, 0, 1, 1, 0, 2, 0, 0, 0, 1, 1, 0, 2, 0, 0, 0, 1, 1, 0, 2, 0, 0, 5, 1, 1, 1, 1, 1, 1, 1, 1]"
21,18,0.9265305995941162,0.0,0.9090909090909091,0.16599380221709403,"[2, 2, 2, 0, 2, 2, 2, 1, 2, 2, 2]","[2, 1, 2, 0, 2, 2, 2, 1, 2, 2, 2]","[1, 1, 1, 1, 1, 1, 1, 1, 0, 0, 0, 2, 0, 1, 1, 0, 0, 0, 0, 0, 1, 1, 0, 0, 0, 2, 0, 1, 1, 0, 0, 0, 2, 0, 1, 1, 0, 0, 0, 2, 5, 1, 1, 1, 1, 1, 1, 1, 1]"
21,19,0.954081654548645,0.954081654548645,0.9090909090909091,0.025948371336033397,"[2, 2, 0, 2, 2, 2, 2, 1, 2, 2, 2]","[1, 2, 0, 2, 2, 2, 2, 1, 2, 2, 2]","[1, 1, 1, 1, 1, 1, 1, 1, 0, 0, 2, 0, 0, 1, 1, 0, 0, 0, 0, 0, 1, 1, 0, 0, 2, 0, 0, 1, 1, 0, 0, 2, 0, 0, 1, 1, 0, 0, 2, 0, 5, 1, 1, 1, 1, 1, 1, 1, 1]"
22,0,0.954081654548645,0.9494897723197937,0.45454545454545453,0.034057202322098114,"[2, 0, 0, 0, 2, 2, 2, 2, 2, 0, 2]","[1, 2, 2, 2, 0, 2, 2, 2, 2, 1, 2]","[1, 1, 1, 1, 1, 1, 1, 1, 0, 0, 2, 0, 0, 1, 1, 0, 0, 2, 0, 0, 1, 1, 0, 0, 2, 0, 0, 1, 1, 0, 0, 0, 0, 0, 1, 1, 0, 0, 2, 0, 5, 1, 1, 1, 1, 1, 1, 1, 1]"
22,1,0.9494897723197937,0.9494897723197937,0.6,0.03396052733825689,"[2, 2, 0, 0, 0, 2, 0, 2, 2, 2]","[2, 1, 2, 2, 2, 2, 0, 2, 2, 2]","[1, 1, 1, 1, 1, 1, 1, 1, 0, 0, 0, 2, 0, 1, 1, 0, 0, 0, 2, 0, 1, 1, 0, 0, 0, 2, 0, 1, 1, 0, 0, 0, 2, 0, 1, 1, 0, 0, 0, 0, 5, 1, 1, 1, 1, 1, 1, 1, 1]"
22,2,0.954081654548645,0.9586734771728516,0.45454545454545453,0.15952962504234164,"[2, 2, 2, 0, 0, 2, 2, 0, 2, 0, 2]","[2, 1, 2, 2, 2, 0, 2, 2, 2, 1, 2]","[1, 1, 1, 1, 1, 1, 1, 1, 0, 0, 0, 2, 0, 1, 1, 0, 0, 0, 2, 0, 1, 1, 0, 0, 0, 2, 0, 1, 1, 0, 0, 0, 0, 0, 1, 1, 0, 0, 0, 2, 5, 1, 1, 1, 1, 1, 1, 1, 1]"
22,3,0.0,0.954081654548645,0.9090909090909091,0.05170308930488924,"[2, 2, 2, 0, 2, 2, 2, 1, 2, 2, 2]","[2, 1, 2, 0, 2, 2, 2, 1, 2, 2, 2]","[1, 1, 1, 1, 1, 1, 1, 1, 0, 0, 0, 2, 0, 1, 1, 0, 0, 0, 0, 0, 1, 1, 0, 0, 0, 2, 0, 1, 1, 0, 0, 0, 2, 0, 1, 1, 0, 0, 0, 2, 5, 1, 1, 1, 1, 1, 1, 1, 1]"
22,4,0.0,0.9494897723197937,0.7,0.3778171422368638,"[2, 2, 0, 0, 2, 2, 0, 2, 2, 2]","[2, 1, 2, 2, 2, 2, 0, 2, 2, 2]","[1, 1, 1, 1, 1, 1, 1, 1, 0, 0, 0, 2, 0, 1, 1, 0, 0, 0, 2, 0, 1, 1, 0, 0, 0, 2, 0, 1, 1, 0, 0, 0, 2, 0, 1, 1, 0, 0, 0, 0, 5, 1, 1, 1, 1, 1, 1, 1, 1]"
22,5,0.954081654548645,0.0,0.6363636363636364,0.04641148678704419,"[1, 2, 1, 2, 2, 0, 2, 2, 2, 0, 2]","[1, 2, 2, 2, 0, 2, 2, 2, 2, 1, 2]","[1, 1, 1, 1, 1, 1, 1, 1, 0, 2, 0, 0, 0, 1, 1, 0, 2, 0, 0, 0, 1, 1, 0, 2, 0, 0, 0, 1, 1, 0, 0, 0, 0, 0, 1, 1, 0, 2, 0, 0, 5, 1, 1, 1, 1, 1, 1, 1, 1]"
22,6,0.9586734771728516,0.0,0.9090909090909091,0.07618349458789453,"[2, 2, 2, 0, 2, 2, 2, 1, 2, 2, 2]","[2, 1, 2, 0, 2, 2, 2, 1, 2, 2, 2]","[1, 1, 1, 1, 1, 1, 1, 1, 0, 0, 0, 2, 0, 1, 1, 0, 0, 0, 0, 0, 1, 1, 0, 0, 0, 2, 0, 1, 1, 0, 0, 0, 2, 0, 1, 1, 0, 0, 0, 2, 5, 1, 1, 1, 1, 1, 1, 1, 1]"
22,7,0.9494897723197937,0.9494897723197937,0.9090909090909091,0.12159967237052374,"[2, 2, 2, 0, 2, 2, 2, 1, 2, 2, 2]","[2, 1, 2, 0, 2, 2, 2, 1, 2, 2, 2]","[1, 1, 1, 1, 1, 1, 1, 1, 0, 0, 0, 2, 0, 1, 1, 0, 0, 0, 0, 0, 1, 1, 0, 0, 0, 2, 0, 1, 1, 0, 0, 0, 2, 0, 1, 1, 0, 0, 0, 2, 5, 1, 1, 1, 1, 1, 1, 1, 1]"
22,8,0.9494897723197937,0.0,0.8181818181818182,0.10008309366689487,"[2, 2, 0, 0, 2, 2, 2, 2, 1, 2, 2]","[1, 2, 2, 0, 2, 2, 2, 2, 1, 2, 2]","[1, 1, 1, 1, 1, 1, 1, 1, 0, 0, 2, 0, 0, 1, 1, 0, 0, 2, 0, 0, 1, 1, 0, 0, 0, 0, 0, 1, 1, 0, 0, 2, 0, 0, 1, 1, 0, 0, 2, 0, 5, 1, 1, 1, 1, 1, 1, 1, 1]"
22,9,0.954081654548645,0.9494897723197937,0.45454545454545453,0.23372797295451164,"[2, 2, 2, 0, 0, 2, 2, 0, 2, 0, 2]","[2, 1, 2, 2, 2, 0, 2, 2, 2, 1, 2]","[1, 1, 1, 1, 1, 1, 1, 1, 0, 0, 0, 2, 0, 1, 1, 0, 0, 0, 2, 0, 1, 1, 0, 0, 0, 2, 0, 1, 1, 0, 0, 0, 0, 0, 1, 1, 0, 0, 0, 2, 5, 1, 1, 1, 1, 1, 1, 1, 1]"
22,10,0.9586734771728516,0.9586734771728516,1.0,0.3428254796819267,"[1, 2, 2, 2, 2, 0, 2, 2, 2, 2]","[1, 2, 2, 2, 2, 0, 2, 2, 2, 2]","[1, 1, 1, 1, 1, 1, 1, 1, 0, 2, 0, 0, 0, 1, 1, 0, 2, 0, 0, 0, 1, 1, 0, 2, 0, 0, 0, 1, 1, 0, 2, 0, 0, 0, 1, 1, 0, 0, 0, 0, 5, 1, 1, 1, 1, 1, 1, 1, 1]"
22,11,0.9586734771728516,0.0,0.6363636363636364,0.1495017305750647,"[1, 2, 1, 2, 2, 0, 2, 2, 2, 0, 2]","[1, 2, 2, 2, 0, 2, 2, 2, 2, 1, 2]","[1, 1, 1, 1, 1, 1, 1, 1, 0, 2, 0, 0, 0, 1, 1, 0, 2, 0, 0, 0, 1, 1, 0, 2, 0, 0, 0, 1, 1, 0, 0, 0, 0, 0, 1, 1, 0, 2, 0, 0, 5, 1, 1, 1, 1, 1, 1, 1, 1]"
22,12,0.9494897723197937,0.9494897723197937,0.8181818181818182,0.07497038824949413,"[2, 2, 2, 0, 0, 2, 2, 2, 1, 2, 2]","[2, 1, 2, 2, 0, 2, 2, 2, 1, 2, 2]","[1, 1, 1, 1, 1, 1, 1, 1, 0, 0, 0, 2, 0, 1, 1, 0, 0, 0, 2, 0, 1, 1, 0, 0, 0, 0, 0, 1, 1, 0, 0, 0, 2, 0, 1, 1, 0, 0, 0, 2, 5, 1, 1, 1, 1, 1, 1, 1, 1]"
22,13,0.9494897723197937,0.0,0.45454545454545453,0.024004644111052832,"[1, 0, 1, 0, 2, 0, 2, 2, 2, 0, 2]","[1, 2, 2, 2, 0, 2, 2, 2, 2, 1, 2]","[1, 1, 1, 1, 1, 1, 1, 1, 0, 2, 0, 0, 0, 1, 1, 0, 2, 0, 0, 0, 1, 1, 0, 2, 0, 0, 0, 1, 1, 0, 0, 0, 0, 0, 1, 1, 0, 2, 0, 0, 5, 1, 1, 1, 1, 1, 1, 1, 1]"
22,14,0.0,0.0,0.7272727272727273,0.11332799886198093,"[2, 2, 0, 0, 0, 2, 2, 2, 1, 2, 2]","[2, 1, 2, 2, 0, 2, 2, 2, 1, 2, 2]","[1, 1, 1, 1, 1, 1, 1, 1, 0, 0, 0, 2, 0, 1, 1, 0, 0, 0, 2, 0, 1, 1, 0, 0, 0, 0, 0, 1, 1, 0, 0, 0, 2, 0, 1, 1, 0, 0, 0, 2, 5, 1, 1, 1, 1, 1, 1, 1, 1]"
22,15,0.9494897723197937,0.9494897723197937,0.5454545454545454,0.3770307625788834,"[2, 2, 2, 0, 0, 2, 2, 2, 2, 0, 2]","[2, 1, 2, 2, 2, 0, 2, 2, 2, 1, 2]","[1, 1, 1, 1, 1, 1, 1, 1, 0, 0, 0, 2, 0, 1, 1, 0, 0, 0, 2, 0, 1, 1, 0, 0, 0, 2, 0, 1, 1, 0, 0, 0, 0, 0, 1, 1, 0, 0, 0, 2, 5, 1, 1, 1, 1, 1, 1, 1, 1]"
22,16,0.954081654548645,0.0,0.6,0.5264683886373543,"[2, 0, 0, 0, 2, 0, 2, 2, 2, 2]","[1, 2, 2, 2, 2, 0, 2, 2, 2, 2]","[1, 1, 1, 1, 1, 1, 1, 1, 0, 0, 2, 0, 0, 1, 1, 0, 0, 2, 0, 0, 1, 1, 0, 0, 2, 0, 0, 1, 1, 0, 0, 2, 0, 0, 1, 1, 0, 0, 0, 0, 5, 1, 1, 1, 1, 1, 1, 1, 1]"
22,17,0.9586734771728516,0.0,1.0,0.03459316859318113,"[2, 2, 2, 2, 1, 2, 2, 2, 2]","[2, 2, 2, 2, 1, 2, 2, 2, 2]","[1, 1, 1, 1, 1, 1, 1, 1, 0, 0, 0, 0, 0, 1, 1, 0, 2, 0, 0, 0, 1, 1, 0, 2, 0, 0, 0, 1, 1, 0, 2, 0, 0, 0, 1, 1, 0, 2, 0, 0, 5, 1, 1, 1, 1, 1, 1, 1, 1]"
22,18,0.0,0.9494897723197937,0.6,0.34972227483807244,"[2, 2, 0, 0, 0, 2, 0, 2, 2, 2]","[2, 1, 2, 2, 2, 2, 0, 2, 2, 2]","[1, 1, 1, 1, 1, 1, 1, 1, 0, 0, 0, 2, 0, 1, 1, 0, 0, 0, 2, 0, 1, 1, 0, 0, 0, 2, 0, 1, 1, 0, 0, 0, 2, 0, 1, 1, 0, 0, 0, 0, 5, 1, 1, 1, 1, 1, 1, 1, 1]"
22,19,0.9494897723197937,0.9494897723197937,1.0,0.548312421781795,"[1, 2, 2, 2, 2, 0, 2, 2, 2, 2]","[1, 2, 2, 2, 2, 0, 2, 2, 2, 2]","[1, 1, 1, 1, 1, 1, 1, 1, 0, 2, 0, 0, 0, 1, 1, 0, 2, 0, 0, 0, 1, 1, 0, 2, 0, 0, 0, 1, 1, 0, 2, 0, 0, 0, 1, 1, 0, 0, 0, 0, 5, 1, 1, 1, 1, 1, 1, 1, 1]"
23,0,0.9586734771728516,0.8760204315185547,0.6,0.033729595206254584,"[2, 2, 0, 0, 0, 2, 0, 2, 2, 2]","[2, 1, 2, 2, 2, 2, 0, 2, 2, 2]","[1, 1, 1, 1, 1, 1, 1, 1, 0, 0, 0, 2, 0, 1, 1, 0, 0, 0, 2, 0, 1, 1, 0, 0, 0, 2, 0, 1, 1, 0, 0, 0, 2, 0, 1, 1, 0, 0, 0, 0, 5, 1, 1, 1, 1, 1, 1, 1, 1]"
23,1,0.9265305995941162,0.9586734771728516,0.9090909090909091,0.12854151044633577,"[2, 2, 2, 0, 2, 2, 2, 2, 1, 2, 2]","[1, 2, 2, 0, 2, 2, 2, 2, 1, 2, 2]","[1, 1, 1, 1, 1, 1, 1, 1, 0, 0, 2, 0, 0, 1, 1, 0, 0, 2, 0, 0, 1, 1, 0, 0, 0, 0, 0, 1, 1, 0, 0, 2, 0, 0, 1, 1, 0, 0, 2, 0, 5, 1, 1, 1, 1, 1, 1, 1, 1]"
23,2,0.9494897723197937,0.9494897723197937,0.6,0.05773965419608761,"[2, 0, 0, 0, 2, 0, 2, 2, 2, 2]","[1, 2, 2, 2, 2, 0, 2, 2, 2, 2]","[1, 1, 1, 1, 1, 1, 1, 1, 0, 0, 2, 0, 0, 1, 1, 0, 0, 2, 0, 0, 1, 1, 0, 0, 2, 0, 0, 1, 1, 0, 0, 2, 0, 0, 1, 1, 0, 0, 0, 0, 5, 1, 1, 1, 1, 1, 1, 1, 1]"
23,3,0.9494897723197937,0.9265305995941162,0.45454545454545453,0.28366494139966864,"[2, 0, 0, 0, 2, 2, 2, 2, 2, 0, 2]","[1, 2, 2, 2, 0, 2, 2, 2, 2, 1, 2]","[1, 1, 1, 1, 1, 1, 1, 1, 0, 0, 2, 0, 0, 1, 1, 0, 0, 2, 0, 0, 1, 1, 0, 0, 2, 0, 0, 1, 1, 0, 0, 0, 0, 0, 1, 1, 0, 0, 2, 0, 5, 1, 1, 1, 1, 1, 1, 1, 1]"
23,4,0.0,0.9494897723197937,0.9090909090909091,0.08142103182358874,"[1, 2, 2, 2, 2, 2, 2, 1, 2, 2, 2]","[1, 2, 0, 2, 2, 2, 2, 1, 2, 2, 2]","[1, 1, 1, 1, 1, 1, 1, 1, 0, 2, 0, 0, 0, 1, 1, 0, 0, 0, 0, 0, 1, 1, 0, 2, 0, 0, 0, 1, 1, 0, 2, 0, 0, 0, 1, 1, 0, 2, 0, 0, 5, 1, 1, 1, 1, 1, 1, 1, 1]"
23,5,0.0,0.0,1.0,0.8999872823716236,"[1, 2, 2, 2, 2, 0, 2, 2, 2, 2]","[1, 2, 2, 2, 2, 0, 2, 2, 2, 2]","[1, 1, 1, 1, 1, 1, 1, 1, 0, 2, 0, 0, 0, 1, 1, 0, 2, 0, 0, 0, 1, 1, 0, 2, 0, 0, 0, 1, 1, 0, 2, 0, 0, 0, 1, 1, 0, 0, 0, 0, 5, 1, 1, 1, 1, 1, 1, 1, 1]"
23,6,0.0,0.0,0.9090909090909091,0.15178207359794113,"[2, 2, 0, 2, 2, 2, 2, 1, 2, 2, 2]","[1, 2, 0, 2, 2, 2, 2, 1, 2, 2, 2]","[1, 1, 1, 1, 1, 1, 1, 1, 0, 0, 2, 0, 0, 1, 1, 0, 0, 0, 0, 0, 1, 1, 0, 0, 2, 0, 0, 1, 1, 0, 0, 2, 0, 0, 1, 1, 0, 0, 2, 0, 5, 1, 1, 1, 1, 1, 1, 1, 1]"
23,7,0.9586734771728516,0.9494897723197937,0.8181818181818182,0.008701487380841916,"[2, 2, 0, 0, 2, 2, 2, 1, 2, 2, 2]","[2, 1, 2, 0, 2, 2, 2, 1, 2, 2, 2]","[1, 1, 1, 1, 1, 1, 1, 1, 0, 0, 0, 2, 0, 1, 1, 0, 0, 0, 0, 0, 1, 1, 0, 0, 0, 2, 0, 1, 1, 0, 0, 0, 2, 0, 1, 1, 0, 0, 0, 2, 5, 1, 1, 1, 1, 1, 1, 1, 1]"
23,8,0.0,0.9494897723197937,0.7,0.04508226023366054,"[2, 2, 0, 2, 0, 2, 0, 2, 2, 2]","[2, 1, 2, 2, 2, 2, 0, 2, 2, 2]","[1, 1, 1, 1, 1, 1, 1, 1, 0, 0, 0, 2, 0, 1, 1, 0, 0, 0, 2, 0, 1, 1, 0, 0, 0, 2, 0, 1, 1, 0, 0, 0, 2, 0, 1, 1, 0, 0, 0, 0, 5, 1, 1, 1, 1, 1, 1, 1, 1]"
23,9,0.954081654548645,0.9494897723197937,0.6,0.11030856415163726,"[2, 2, 0, 0, 0, 2, 0, 2, 2, 2]","[2, 1, 2, 2, 2, 2, 0, 2, 2, 2]","[1, 1, 1, 1, 1, 1, 1, 1, 0, 0, 0, 2, 0, 1, 1, 0, 0, 0, 2, 0, 1, 1, 0, 0, 0, 2, 0, 1, 1, 0, 0, 0, 2, 0, 1, 1, 0, 0, 0, 0, 5, 1, 1, 1, 1, 1, 1, 1, 1]"
23,10,0.9494897723197937,0.9494897723197937,1.0,0.6319227664546129,"[1, 2, 2, 0, 2, 2, 2, 2, 1, 2, 2]","[1, 2, 2, 0, 2, 2, 2, 2, 1, 2, 2]","[1, 1, 1, 1, 1, 1, 1, 1, 0, 2, 0, 0, 0, 1, 1, 0, 2, 0, 0, 0, 1, 1, 0, 0, 0, 0, 0, 1, 1, 0, 2, 0, 0, 0, 1, 1, 0, 2, 0, 0, 5, 1, 1, 1, 1, 1, 1, 1, 1]"
23,11,0.9494897723197937,0.9494897723197937,1.0,0.1138629073348756,"[2, 2, 2, 2, 1, 2, 2, 2, 2]","[2, 2, 2, 2, 1, 2, 2, 2, 2]","[1, 1, 1, 1, 1, 1, 1, 1, 0, 0, 0, 0, 0, 1, 1, 0, 0, 2, 0, 0, 1, 1, 0, 0, 2, 0, 0, 1, 1, 0, 0, 2, 0, 0, 1, 1, 0, 0, 2, 0, 5, 1, 1, 1, 1, 1, 1, 1, 1]"
23,12,0.0,0.0,0.9090909090909091,0.0789393746632744,"[2, 2, 2, 2, 0, 2, 2, 2, 1, 2, 2]","[2, 1, 2, 2, 0, 2, 2, 2, 1, 2, 2]","[1, 1, 1, 1, 1, 1, 1, 1, 0, 0, 0, 2, 0, 1, 1, 0, 0, 0, 2, 0, 1, 1, 0, 0, 0, 0, 0, 1, 1, 0, 0, 0, 2, 0, 1, 1, 0, 0, 0, 2, 5, 1, 1, 1, 1, 1, 1, 1, 1]"
23,13,0.9494897723197937,0.0,1.0,0.2935030357912183,"[1, 2, 2, 2, 2, 0, 2, 2, 2, 2]","[1, 2, 2, 2, 2, 0, 2, 2, 2, 2]","[1, 1, 1, 1, 1, 1, 1, 1, 0, 2, 0, 0, 0, 1, 1, 0, 2, 0, 0, 0, 1, 1, 0, 2, 0, 0, 0, 1, 1, 0, 2, 0, 0, 0, 1, 1, 0, 0, 0, 0, 5, 1, 1, 1, 1, 1, 1, 1, 1]"
23,14,0.954081654548645,0.9494897723197937,0.7,0.05985239329747856,"[2, 0, 2, 0, 2, 0, 2, 2, 2, 2]","[1, 2, 2, 2, 2, 0, 2, 2, 2, 2]","[1, 1, 1, 1, 1, 1, 1, 1, 0, 0, 2, 0, 0, 1, 1, 0, 0, 2, 0, 0, 1, 1, 0, 0, 2, 0, 0, 1, 1, 0, 0, 2, 0, 0, 1, 1, 0, 0, 0, 0, 5, 1, 1, 1, 1, 1, 1, 1, 1]"
23,15,0.0,0.9494897723197937,0.7,0.07963457115163858,"[2, 2, 0, 0, 2, 2, 0, 2, 2, 2]","[2, 1, 2, 2, 2, 2, 0, 2, 2, 2]","[1, 1, 1, 1, 1, 1, 1, 1, 0, 0, 0, 2, 0, 1, 1, 0, 0, 0, 2, 0, 1, 1, 0, 0, 0, 2, 0, 1, 1, 0, 0, 0, 2, 0, 1, 1, 0, 0, 0, 0, 5, 1, 1, 1, 1, 1, 1, 1, 1]"
23,16,0.0,0.9494897723197937,0.6,0.06924463930243457,"[2, 2, 0, 0, 0, 2, 0, 2, 2, 2]","[2, 1, 2, 2, 2, 2, 0, 2, 2, 2]","[1, 1, 1, 1, 1, 1, 1, 1, 0, 0, 0, 2, 0, 1, 1, 0, 0, 0, 2, 0, 1, 1, 0, 0, 0, 2, 0, 1, 1, 0, 0, 0, 2, 0, 1, 1, 0, 0, 0, 0, 5, 1, 1, 1, 1, 1, 1, 1, 1]"
23,17,0.9265305995941162,0.9494897723197937,1.0,0.04391888879084339,"[2, 2, 2, 2, 1, 2, 2, 2, 2]","[2, 2, 2, 2, 1, 2, 2, 2, 2]","[1, 1, 1, 1, 1, 1, 1, 1, 0, 0, 0, 0, 0, 1, 1, 0, 0, 0, 2, 0, 1, 1, 0, 0, 0, 2, 0, 1, 1, 0, 0, 0, 2, 0, 1, 1, 0, 0, 0, 2, 5, 1, 1, 1, 1, 1, 1, 1, 1]"
23,18,0.0,0.9494897723197937,1.0,0.009285534478046677,"[1, 2, 2, 0, 2, 2, 2, 2, 1, 2, 2]","[1, 2, 2, 0, 2, 2, 2, 2, 1, 2, 2]","[1, 1, 1, 1, 1, 1, 1, 1, 0, 2, 0, 0, 0, 1, 1, 0, 2, 0, 0, 0, 1, 1, 0, 0, 0, 0, 0, 1, 1, 0, 2, 0, 0, 0, 1, 1, 0, 2, 0, 0, 5, 1, 1, 1, 1, 1, 1, 1, 1]"
23,19,0.9586734771728516,0.9494897723197937,1.0,0.008354705366814002,"[2, 2, 2, 2, 1, 2, 2, 2, 2]","[2, 2, 2, 2, 1, 2, 2, 2, 2]","[1, 1, 1, 1, 1, 1, 1, 1, 0, 0, 0, 0, 0, 1, 1, 0, 0, 0, 2, 0, 1, 1, 0, 0, 0, 2, 0, 1, 1, 0, 0, 0, 2, 0, 1, 1, 0, 0, 0, 2, 5, 1, 1, 1, 1, 1, 1, 1, 1]"
24,0,0.9494897723197937,0.954081654548645,1.0,0.020367006707767196,"[1, 2, 2, 0, 2, 2, 2, 2, 1, 2, 2]","[1, 2, 2, 0, 2, 2, 2, 2, 1, 2, 2]","[1, 1, 1, 1, 1, 1, 1, 1, 0, 2, 0, 0, 0, 1, 1, 0, 2, 0, 0, 0, 1, 1, 0, 0, 0, 0, 0, 1, 1, 0, 2, 0, 0, 0, 1, 1, 0, 2, 0, 0, 5, 1, 1, 1, 1, 1, 1, 1, 1]"
24,1,0.9586734771728516,0.9494897723197937,0.5454545454545454,0.01273264523802532,"[2, 2, 0, 0, 2, 2, 2, 2, 2, 0, 2]","[1, 2, 2, 2, 0, 2, 2, 2, 2, 1, 2]","[1, 1, 1, 1, 1, 1, 1, 1, 0, 0, 2, 0, 0, 1, 1, 0, 0, 2, 0, 0, 1, 1, 0, 0, 2, 0, 0, 1, 1, 0, 0, 0, 0, 0, 1, 1, 0, 0, 2, 0, 5, 1, 1, 1, 1, 1, 1, 1, 1]"
24,2,0.9494897723197937,0.0,0.7272727272727273,0.009941909218799661,"[1, 2, 1, 2, 2, 2, 2, 2, 2, 0, 2]","[1, 2, 2, 2, 0, 2, 2, 2, 2, 1, 2]","[1, 1, 1, 1, 1, 1, 1, 1, 0, 2, 0, 0, 0, 1, 1, 0, 2, 0, 0, 0, 1, 1, 0, 2, 0, 0, 0, 1, 1, 0, 0, 0, 0, 0, 1, 1, 0, 2, 0, 0, 5, 1, 1, 1, 1, 1, 1, 1, 1]"
24,3,0.9494897723197937,0.8852040767669678,1.0,0.020035964108749547,"[2, 2, 2, 2, 1, 2, 2, 2, 2]","[2, 2, 2, 2, 1, 2, 2, 2, 2]","[1, 1, 1, 1, 1, 1, 1, 1, 0, 0, 0, 0, 0, 1, 1, 0, 0, 0, 2, 0, 1, 1, 0, 0, 0, 2, 0, 1, 1, 0, 0, 0, 2, 0, 1, 1, 0, 0, 0, 2, 5, 1, 1, 1, 1, 1, 1, 1, 1]"
24,4,0.954081654548645,0.954081654548645,0.9090909090909091,0.10708546243840829,"[2, 2, 0, 2, 2, 2, 2, 1, 2, 2, 2]","[1, 2, 0, 2, 2, 2, 2, 1, 2, 2, 2]","[1, 1, 1, 1, 1, 1, 1, 1, 0, 0, 2, 0, 0, 1, 1, 0, 0, 0, 0, 0, 1, 1, 0, 0, 2, 0, 0, 1, 1, 0, 0, 2, 0, 0, 1, 1, 0, 0, 2, 0, 5, 1, 1, 1, 1, 1, 1, 1, 1]"
24,5,0.9586734771728516,0.9586734771728516,0.9090909090909091,0.6458049361066589,"[2, 2, 0, 2, 2, 2, 2, 1, 2, 2, 2]","[1, 2, 0, 2, 2, 2, 2, 1, 2, 2, 2]","[1, 1, 1, 1, 1, 1, 1, 1, 0, 0, 2, 0, 0, 1, 1, 0, 0, 0, 0, 0, 1, 1, 0, 0, 2, 0, 0, 1, 1, 0, 0, 2, 0, 0, 1, 1, 0, 0, 2, 0, 5, 1, 1, 1, 1, 1, 1, 1, 1]"
24,6,0.9494897723197937,0.0,1.0,0.24602548431780913,"[1, 2, 0, 2, 2, 2, 2, 1, 2, 2, 2]","[1, 2, 0, 2, 2, 2, 2, 1, 2, 2, 2]","[1, 1, 1, 1, 1, 1, 1, 1, 0, 2, 0, 0, 0, 1, 1, 0, 0, 0, 0, 0, 1, 1, 0, 2, 0, 0, 0, 1, 1, 0, 2, 0, 0, 0, 1, 1, 0, 2, 0, 0, 5, 1, 1, 1, 1, 1, 1, 1, 1]"
24,7,0.9494897723197937,0.9586734771728516,0.9090909090909091,0.012921054230537266,"[2, 2, 0, 2, 2, 2, 2, 1, 2, 2, 2]","[1, 2, 0, 2, 2, 2, 2, 1, 2, 2, 2]","[1, 1, 1, 1, 1, 1, 1, 1, 0, 0, 2, 0, 0, 1, 1, 0, 0, 0, 0, 0, 1, 1, 0, 0, 2, 0, 0, 1, 1, 0, 0, 2, 0, 0, 1, 1, 0, 0, 2, 0, 5, 1, 1, 1, 1, 1, 1, 1, 1]"
24,8,0.9494897723197937,0.9586734771728516,0.7,0.06328455810435116,"[2, 2, 0, 2, 0, 2, 0, 2, 2, 2]","[2, 1, 2, 2, 2, 2, 0, 2, 2, 2]","[1, 1, 1, 1, 1, 1, 1, 1, 0, 0, 0, 2, 0, 1, 1, 0, 0, 0, 2, 0, 1, 1, 0, 0, 0, 2, 0, 1, 1, 0, 0, 0, 2, 0, 1, 1, 0, 0, 0, 0, 5, 1, 1, 1, 1, 1, 1, 1, 1]"
24,9,0.9494897723197937,0.0,0.8181818181818182,0.09328825686084614,"[1, 2, 2, 2, 2, 2, 2, 2, 2, 0, 2]","[1, 2, 2, 2, 0, 2, 2, 2, 2, 1, 2]","[1, 1, 1, 1, 1, 1, 1, 1, 0, 2, 0, 0, 0, 1, 1, 0, 2, 0, 0, 0, 1, 1, 0, 2, 0, 0, 0, 1, 1, 0, 0, 0, 0, 0, 1, 1, 0, 2, 0, 0, 5, 1, 1, 1, 1, 1, 1, 1, 1]"
24,10,0.9265305995941162,0.8760204315185547,0.45454545454545453,0.06804138612510129,"[2, 2, 0, 0, 0, 2, 2, 2, 2, 0, 2]","[2, 1, 2, 2, 2, 0, 2, 2, 2, 1, 2]","[1, 1, 1, 1, 1, 1, 1, 1, 0, 0, 0, 2, 0, 1, 1, 0, 0, 0, 2, 0, 1, 1, 0, 0, 0, 2, 0, 1, 1, 0, 0, 0, 0, 0, 1, 1, 0, 0, 0, 2, 5, 1, 1, 1, 1, 1, 1, 1, 1]"
24,11,0.0,0.0,0.9090909090909091,0.02314139201983132,"[2, 2, 2, 0, 2, 2, 2, 1, 2, 2, 2]","[2, 1, 2, 0, 2, 2, 2, 1, 2, 2, 2]","[1, 1, 1, 1, 1, 1, 1, 1, 0, 0, 0, 2, 0, 1, 1, 0, 0, 0, 0, 0, 1, 1, 0, 0, 0, 2, 0, 1, 1, 0, 0, 0, 2, 0, 1, 1, 0, 0, 0, 2, 5, 1, 1, 1, 1, 1, 1, 1, 1]"
24,12,0.0,0.9494897723197937,0.45454545454545453,0.35019374129835196,"[2, 2, 0, 0, 0, 2, 2, 2, 2, 0, 2]","[2, 1, 2, 2, 2, 0, 2, 2, 2, 1, 2]","[1, 1, 1, 1, 1, 1, 1, 1, 0, 0, 0, 2, 0, 1, 1, 0, 0, 0, 2, 0, 1, 1, 0, 0, 0, 2, 0, 1, 1, 0, 0, 0, 0, 0, 1, 1, 0, 0, 0, 2, 5, 1, 1, 1, 1, 1, 1, 1, 1]"
24,13,0.0,0.9586734771728516,0.7272727272727273,0.10298243006667579,"[2, 0, 0, 0, 2, 2, 2, 2, 1, 2, 2]","[1, 2, 2, 0, 2, 2, 2, 2, 1, 2, 2]","[1, 1, 1, 1, 1, 1, 1, 1, 0, 0, 2, 0, 0, 1, 1, 0, 0, 2, 0, 0, 1, 1, 0, 0, 0, 0, 0, 1, 1, 0, 0, 2, 0, 0, 1, 1, 0, 0, 2, 0, 5, 1, 1, 1, 1, 1, 1, 1, 1]"
24,14,0.9494897723197937,0.9494897723197937,1.0,0.022388423369689422,"[2, 2, 2, 2, 1, 2, 2, 2, 2]","[2, 2, 2, 2, 1, 2, 2, 2, 2]","[1, 1, 1, 1, 1, 1, 1, 1, 0, 0, 0, 0, 0, 1, 1, 0, 0, 2, 0, 0, 1, 1, 0, 0, 2, 0, 0, 1, 1, 0, 0, 2, 0, 0, 1, 1, 0, 0, 2, 0, 5, 1, 1, 1, 1, 1, 1, 1, 1]"
24,15,0.0,0.954081654548645,0.5,0.46176016459785574,"[2, 0, 0, 0, 2, 0, 0, 2, 2, 2]","[1, 2, 2, 2, 2, 0, 2, 2, 2, 2]","[1, 1, 1, 1, 1, 1, 1, 1, 0, 0, 2, 0, 0, 1, 1, 0, 0, 2, 0, 0, 1, 1, 0, 0, 2, 0, 0, 1, 1, 0, 0, 2, 0, 0, 1, 1, 0, 0, 0, 0, 5, 1, 1, 1, 1, 1, 1, 1, 1]"
24,16,0.9311224222183228,0.954081654548645,0.6,0.08362101187760179,"[2, 2, 0, 0, 0, 2, 0, 2, 2, 2]","[2, 1, 2, 2, 2, 2, 0, 2, 2, 2]","[1, 1, 1, 1, 1, 1, 1, 1, 0, 0, 0, 2, 0, 1, 1, 0, 0, 0, 2, 0, 1, 1, 0, 0, 0, 2, 0, 1, 1, 0, 0, 0, 2, 0, 1, 1, 0, 0, 0, 0, 5, 1, 1, 1, 1, 1, 1, 1, 1]"
24,17,0.0,0.9494897723197937,1.0,0.022095125142691865,"[2, 2, 2, 2, 1, 2, 2, 2, 2]","[2, 2, 2, 2, 1, 2, 2, 2, 2]","[1, 1, 1, 1, 1, 1, 1, 1, 0, 0, 0, 0, 0, 1, 1, 0, 0, 2, 0, 0, 1, 1, 0, 0, 2, 0, 0, 1, 1, 0, 0, 2, 0, 0, 1, 1, 0, 0, 2, 0, 5, 1, 1, 1, 1, 1, 1, 1, 1]"
24,18,0.954081654548645,0.0,0.7777777777777778,0.059751844896130606,"[1, 2, 2, 2, 0, 2, 2, 2, 2]","[2, 2, 2, 2, 1, 2, 2, 2, 2]","[1, 1, 1, 1, 1, 1, 1, 1, 0, 0, 0, 0, 0, 1, 1, 0, 2, 0, 0, 0, 1, 1, 0, 2, 0, 0, 0, 1, 1, 0, 2, 0, 0, 0, 1, 1, 0, 2, 0, 0, 5, 1, 1, 1, 1, 1, 1, 1, 1]"
24,19,0.0,0.954081654548645,1.0,0.6484148913973049,"[2, 2, 2, 2, 1, 2, 2, 2, 2]","[2, 2, 2, 2, 1, 2, 2, 2, 2]","[1, 1, 1, 1, 1, 1, 1, 1, 0, 0, 0, 0, 0, 1, 1, 0, 2, 0, 0, 0, 1, 1, 0, 2, 0, 0, 0, 1, 1, 0, 2, 0, 0, 0, 1, 1, 0, 2, 0, 0, 5, 1, 1, 1, 1, 1, 1, 1, 1]"
25,0,0.9586734771728516,0.9265305995941162,0.6,0.05798900864707927,"[2, 0, 0, 0, 2, 0, 2, 2, 2, 2]","[1, 2, 2, 2, 2, 0, 2, 2, 2, 2]","[1, 1, 1, 1, 1, 1, 1, 1, 0, 0, 2, 0, 0, 1, 1, 0, 0, 2, 0, 0, 1, 1, 0, 0, 2, 0, 0, 1, 1, 0, 0, 2, 0, 0, 1, 1, 0, 0, 0, 0, 5, 1, 1, 1, 1, 1, 1, 1, 1]"
25,1,0.9494897723197937,0.0,1.0,0.02125803018200465,"[1, 2, 2, 2, 2, 0, 2, 2, 2, 2]","[1, 2, 2, 2, 2, 0, 2, 2, 2, 2]","[1, 1, 1, 1, 1, 1, 1, 1, 0, 2, 0, 0, 0, 1, 1, 0, 2, 0, 0, 0, 1, 1, 0, 2, 0, 0, 0, 1, 1, 0, 2, 0, 0, 0, 1, 1, 0, 0, 0, 0, 5, 1, 1, 1, 1, 1, 1, 1, 1]"
25,2,0.0,0.9494897723197937,1.0,0.08662860472686588,"[1, 2, 2, 2, 2, 0, 2, 2, 2, 2]","[1, 2, 2, 2, 2, 0, 2, 2, 2, 2]","[1, 1, 1, 1, 1, 1, 1, 1, 0, 2, 0, 0, 0, 1, 1, 0, 2, 0, 0, 0, 1, 1, 0, 2, 0, 0, 0, 1, 1, 0, 2, 0, 0, 0, 1, 1, 0, 0, 0, 0, 5, 1, 1, 1, 1, 1, 1, 1, 1]"
25,3,0.9586734771728516,0.9494897723197937,0.5454545454545454,0.008673832431668416,"[2, 2, 0, 0, 2, 2, 2, 2, 2, 0, 2]","[1, 2, 2, 2, 0, 2, 2, 2, 2, 1, 2]","[1, 1, 1, 1, 1, 1, 1, 1, 0, 0, 2, 0, 0, 1, 1, 0, 0, 2, 0, 0, 1, 1, 0, 0, 2, 0, 0, 1, 1, 0, 0, 0, 0, 0, 1, 1, 0, 0, 2, 0, 5, 1, 1, 1, 1, 1, 1, 1, 1]"
25,4,0.954081654548645,0.9494897723197937,0.8181818181818182,0.5237543435282626,"[2, 0, 0, 2, 2, 2, 2, 1, 2, 2, 2]","[1, 2, 0, 2, 2, 2, 2, 1, 2, 2, 2]","[1, 1, 1, 1, 1, 1, 1, 1, 0, 0, 2, 0, 0, 1, 1, 0, 0, 0, 0, 0, 1, 1, 0, 0, 2, 0, 0, 1, 1, 0, 0, 2, 0, 0, 1, 1, 0, 0, 2, 0, 5, 1, 1, 1, 1, 1, 1, 1, 1]"
25,5,0.9586734771728516,0.9494897723197937,0.5454545454545454,0.03991225138047917,"[2, 2, 2, 0, 0, 2, 2, 2, 2, 0, 2]","[2, 1, 2, 2, 2, 0, 2, 2, 2, 1, 2]","[1, 1, 1, 1, 1, 1, 1, 1, 0, 0, 0, 2, 0, 1, 1, 0, 0, 0, 2, 0, 1, 1, 0, 0, 0, 2, 0, 1, 1, 0, 0, 0, 0, 0, 1, 1, 0, 0, 0, 2, 5, 1, 1, 1, 1, 1, 1, 1, 1]"
25,6,0.0,0.954081654548645,0.8181818181818182,0.010373462767650684,"[2, 2, 0, 0, 2, 2, 2, 1, 2, 2, 2]","[2, 1, 2, 0, 2, 2, 2, 1, 2, 2, 2]","[1, 1, 1, 1, 1, 1, 1, 1, 0, 0, 0, 2, 0, 1, 1, 0, 0, 0, 0, 0, 1, 1, 0, 0, 0, 2, 0, 1, 1, 0, 0, 0, 2, 0, 1, 1, 0, 0, 0, 2, 5, 1, 1, 1, 1, 1, 1, 1, 1]"
25,7,0.0,0.9494897723197937,0.8181818181818182,0.012016674673015421,"[2, 2, 0, 0, 2, 2, 2, 1, 2, 2, 2]","[2, 1, 2, 0, 2, 2, 2, 1, 2, 2, 2]","[1, 1, 1, 1, 1, 1, 1, 1, 0, 0, 0, 2, 0, 1, 1, 0, 0, 0, 0, 0, 1, 1, 0, 0, 0, 2, 0, 1, 1, 0, 0, 0, 2, 0, 1, 1, 0, 0, 0, 2, 5, 1, 1, 1, 1, 1, 1, 1, 1]"
25,8,0.9494897723197937,0.9494897723197937,1.0,0.016919078305363655,"[1, 2, 0, 2, 2, 2, 2, 1, 2, 2, 2]","[1, 2, 0, 2, 2, 2, 2, 1, 2, 2, 2]","[1, 1, 1, 1, 1, 1, 1, 1, 0, 2, 0, 0, 0, 1, 1, 0, 0, 0, 0, 0, 1, 1, 0, 2, 0, 0, 0, 1, 1, 0, 2, 0, 0, 0, 1, 1, 0, 2, 0, 0, 5, 1, 1, 1, 1, 1, 1, 1, 1]"
25,9,0.9586734771728516,0.9494897723197937,0.7,0.005133078846318478,"[2, 2, 0, 0, 2, 2, 0, 2, 2, 2]","[2, 1, 2, 2, 2, 2, 0, 2, 2, 2]","[1, 1, 1, 1, 1, 1, 1, 1, 0, 0, 0, 2, 0, 1, 1, 0, 0, 0, 2, 0, 1, 1, 0, 0, 0, 2, 0, 1, 1, 0, 0, 0, 2, 0, 1, 1, 0, 0, 0, 0, 5, 1, 1, 1, 1, 1, 1, 1, 1]"
25,10,0.0,0.9494897723197937,0.6,0.03984859672426763,"[2, 0, 0, 0, 2, 0, 2, 2, 2, 2]","[1, 2, 2, 2, 2, 0, 2, 2, 2, 2]","[1, 1, 1, 1, 1, 1, 1, 1, 0, 0, 2, 0, 0, 1, 1, 0, 0, 2, 0, 0, 1, 1, 0, 0, 2, 0, 0, 1, 1, 0, 0, 2, 0, 0, 1, 1, 0, 0, 0, 0, 5, 1, 1, 1, 1, 1, 1, 1, 1]"
25,11,0.9494897723197937,0.0,0.7272727272727273,0.014427245636893944,"[1, 2, 2, 2, 2, 0, 2, 2, 2, 0, 2]","[1, 2, 2, 2, 0, 2, 2, 2, 2, 1, 2]","[1, 1, 1, 1, 1, 1, 1, 1, 0, 2, 0, 0, 0, 1, 1, 0, 2, 0, 0, 0, 1, 1, 0, 2, 0, 0, 0, 1, 1, 0, 0, 0, 0, 0, 1, 1, 0, 2, 0, 0, 5, 1, 1, 1, 1, 1, 1, 1, 1]"
25,12,0.9494897723197937,0.954081654548645,0.8181818181818182,0.02535810337867588,"[2, 2, 0, 0, 2, 2, 2, 1, 2, 2, 2]","[2, 1, 2, 0, 2, 2, 2, 1, 2, 2, 2]","[1, 1, 1, 1, 1, 1, 1, 1, 0, 0, 0, 2, 0, 1, 1, 0, 0, 0, 0, 0, 1, 1, 0, 0, 0, 2, 0, 1, 1, 0, 0, 0, 2, 0, 1, 1, 0, 0, 0, 2, 5, 1, 1, 1, 1, 1, 1, 1, 1]"
25,13,0.9494897723197937,0.0,0.8181818181818182,0.9716906900160082,"[1, 2, 2, 2, 2, 2, 2, 2, 2, 0, 2]","[1, 2, 2, 2, 0, 2, 2, 2, 2, 1, 2]","[1, 1, 1, 1, 1, 1, 1, 1, 0, 2, 0, 0, 0, 1, 1, 0, 2, 0, 0, 0, 1, 1, 0, 2, 0, 0, 0, 1, 1, 0, 0, 0, 0, 0, 1, 1, 0, 2, 0, 0, 5, 1, 1, 1, 1, 1, 1, 1, 1]"
25,14,0.954081654548645,0.9494897723197937,1.0,0.09751021633855998,"[2, 2, 2, 2, 1, 2, 2, 2, 2]","[2, 2, 2, 2, 1, 2, 2, 2, 2]","[1, 1, 1, 1, 1, 1, 1, 1, 0, 0, 0, 0, 0, 1, 1, 0, 0, 0, 2, 0, 1, 1, 0, 0, 0, 2, 0, 1, 1, 0, 0, 0, 2, 0, 1, 1, 0, 0, 0, 2, 5, 1, 1, 1, 1, 1, 1, 1, 1]"
25,15,0.0,0.0,0.5454545454545454,0.043238923398100516,"[2, 2, 2, 0, 0, 2, 2, 2, 2, 0, 2]","[2, 1, 2, 2, 2, 0, 2, 2, 2, 1, 2]","[1, 1, 1, 1, 1, 1, 1, 1, 0, 0, 0, 2, 0, 1, 1, 0, 0, 0, 2, 0, 1, 1, 0, 0, 0, 2, 0, 1, 1, 0, 0, 0, 0, 0, 1, 1, 0, 0, 0, 2, 5, 1, 1, 1, 1, 1, 1, 1, 1]"
25,16,0.9494897723197937,0.954081654548645,0.8181818181818182,0.0158367286097597,"[1, 2, 2, 2, 2, 2, 2, 2, 2, 0, 2]","[1, 2, 2, 2, 0, 2, 2, 2, 2, 1, 2]","[1, 1, 1, 1, 1, 1, 1, 1, 0, 2, 0, 0, 0, 1, 1, 0, 2, 0, 0, 0, 1, 1, 0, 2, 0, 0, 0, 1, 1, 0, 0, 0, 0, 0, 1, 1, 0, 2, 0, 0, 5, 1, 1, 1, 1, 1, 1, 1, 1]"
25,17,0.9265305995941162,0.954081654548645,0.6,0.0072904567509381605,"[2, 2, 0, 0, 0, 2, 0, 2, 2, 2]","[2, 1, 2, 2, 2, 2, 0, 2, 2, 2]","[1, 1, 1, 1, 1, 1, 1, 1, 0, 0, 0, 2, 0, 1, 1, 0, 0, 0, 2, 0, 1, 1, 0, 0, 0, 2, 0, 1, 1, 0, 0, 0, 2, 0, 1, 1, 0, 0, 0, 0, 5, 1, 1, 1, 1, 1, 1, 1, 1]"
25,18,0.0,0.9494897723197937,1.0,0.07240060035110218,"[1, 2, 2, 0, 2, 2, 2, 2, 1, 2, 2]","[1, 2, 2, 0, 2, 2, 2, 2, 1, 2, 2]","[1, 1, 1, 1, 1, 1, 1, 1, 0, 2, 0, 0, 0, 1, 1, 0, 2, 0, 0, 0, 1, 1, 0, 0, 0, 0, 0, 1, 1, 0, 2, 0, 0, 0, 1, 1, 0, 2, 0, 0, 5, 1, 1, 1, 1, 1, 1, 1, 1]"
25,19,0.0,0.9494897723197937,0.6,0.22978845075228993,"[2, 0, 0, 0, 2, 0, 2, 2, 2, 2]","[1, 2, 2, 2, 2, 0, 2, 2, 2, 2]","[1, 1, 1, 1, 1, 1, 1, 1, 0, 0, 2, 0, 0, 1, 1, 0, 0, 2, 0, 0, 1, 1, 0, 0, 2, 0, 0, 1, 1, 0, 0, 2, 0, 0, 1, 1, 0, 0, 0, 0, 5, 1, 1, 1, 1, 1, 1, 1, 1]"
26,0,0.9494897723197937,0.9586734771728516,1.0,0.019756316228515723,"[2, 2, 2, 2, 1, 2, 2, 2, 2]","[2, 2, 2, 2, 1, 2, 2, 2, 2]","[1, 1, 1, 1, 1, 1, 1, 1, 0, 0, 0, 0, 0, 1, 1, 0, 0, 0, 2, 0, 1, 1, 0, 0, 0, 2, 0, 1, 1, 0, 0, 0, 2, 0, 1, 1, 0, 0, 0, 2, 5, 1, 1, 1, 1, 1, 1, 1, 1]"
26,1,0.954081654548645,0.9494897723197937,0.6,0.015254574161107566,"[2, 0, 0, 0, 2, 0, 2, 2, 2, 2]","[1, 2, 2, 2, 2, 0, 2, 2, 2, 2]","[1, 1, 1, 1, 1, 1, 1, 1, 0, 0, 2, 0, 0, 1, 1, 0, 0, 2, 0, 0, 1, 1, 0, 0, 2, 0, 0, 1, 1, 0, 0, 2, 0, 0, 1, 1, 0, 0, 0, 0, 5, 1, 1, 1, 1, 1, 1, 1, 1]"
26,2,0.9494897723197937,0.954081654548645,0.5454545454545454,0.050532265566289425,"[2, 2, 2, 0, 0, 2, 2, 2, 2, 0, 2]","[2, 1, 2, 2, 2, 0, 2, 2, 2, 1, 2]","[1, 1, 1, 1, 1, 1, 1, 1, 0, 0, 0, 2, 0, 1, 1, 0, 0, 0, 2, 0, 1, 1, 0, 0, 0, 2, 0, 1, 1, 0, 0, 0, 0, 0, 1, 1, 0, 0, 0, 2, 5, 1, 1, 1, 1, 1, 1, 1, 1]"
26,3,0.9494897723197937,0.9494897723197937,1.0,0.03723160171119327,"[1, 2, 2, 0, 2, 2, 2, 2, 1, 2, 2]","[1, 2, 2, 0, 2, 2, 2, 2, 1, 2, 2]","[1, 1, 1, 1, 1, 1, 1, 1, 0, 2, 0, 0, 0, 1, 1, 0, 2, 0, 0, 0, 1, 1, 0, 0, 0, 0, 0, 1, 1, 0, 2, 0, 0, 0, 1, 1, 0, 2, 0, 0, 5, 1, 1, 1, 1, 1, 1, 1, 1]"
26,4,0.9265305995941162,0.954081654548645,1.0,0.07116008165030507,"[2, 2, 2, 2, 1, 2, 2, 2, 2]","[2, 2, 2, 2, 1, 2, 2, 2, 2]","[1, 1, 1, 1, 1, 1, 1, 1, 0, 0, 0, 0, 0, 1, 1, 0, 2, 0, 0, 0, 1, 1, 0, 2, 0, 0, 0, 1, 1, 0, 2, 0, 0, 0, 1, 1, 0, 2, 0, 0, 5, 1, 1, 1, 1, 1, 1, 1, 1]"
26,5,0.0,0.954081654548645,0.7272727272727273,0.09599992311136289,"[2, 0, 0, 0, 2, 2, 2, 2, 1, 2, 2]","[1, 2, 2, 0, 2, 2, 2, 2, 1, 2, 2]","[1, 1, 1, 1, 1, 1, 1, 1, 0, 0, 2, 0, 0, 1, 1, 0, 0, 2, 0, 0, 1, 1, 0, 0, 0, 0, 0, 1, 1, 0, 0, 2, 0, 0, 1, 1, 0, 0, 2, 0, 5, 1, 1, 1, 1, 1, 1, 1, 1]"
26,6,0.954081654548645,0.9127551317214966,1.0,0.0433530218645253,"[2, 2, 2, 2, 1, 2, 2, 2, 2]","[2, 2, 2, 2, 1, 2, 2, 2, 2]","[1, 1, 1, 1, 1, 1, 1, 1, 0, 0, 0, 0, 0, 1, 1, 0, 2, 0, 0, 0, 1, 1, 0, 2, 0, 0, 0, 1, 1, 0, 2, 0, 0, 0, 1, 1, 0, 2, 0, 0, 5, 1, 1, 1, 1, 1, 1, 1, 1]"
26,7,0.0,0.9494897723197937,0.8888888888888888,0.08594145234250887,"[2, 2, 2, 2, 0, 2, 2, 2, 2]","[2, 2, 2, 2, 1, 2, 2, 2, 2]","[1, 1, 1, 1, 1, 1, 1, 1, 0, 0, 0, 0, 0, 1, 1, 0, 0, 2, 0, 0, 1, 1, 0, 0, 2, 0, 0, 1, 1, 0, 0, 2, 0, 0, 1, 1, 0, 0, 2, 0, 5, 1, 1, 1, 1, 1, 1, 1, 1]"
26,8,0.0,0.9586734771728516,1.0,0.07224894987884908,"[1, 2, 0, 2, 2, 2, 2, 1, 2, 2, 2]","[1, 2, 0, 2, 2, 2, 2, 1, 2, 2, 2]","[1, 1, 1, 1, 1, 1, 1, 1, 0, 2, 0, 0, 0, 1, 1, 0, 0, 0, 0, 0, 1, 1, 0, 2, 0, 0, 0, 1, 1, 0, 2, 0, 0, 0, 1, 1, 0, 2, 0, 0, 5, 1, 1, 1, 1, 1, 1, 1, 1]"
26,9,0.9494897723197937,0.954081654548645,0.6,0.05687629251571542,"[2, 0, 0, 0, 2, 0, 2, 2, 2, 2]","[1, 2, 2, 2, 2, 0, 2, 2, 2, 2]","[1, 1, 1, 1, 1, 1, 1, 1, 0, 0, 2, 0, 0, 1, 1, 0, 0, 2, 0, 0, 1, 1, 0, 0, 2, 0, 0, 1, 1, 0, 0, 2, 0, 0, 1, 1, 0, 0, 0, 0, 5, 1, 1, 1, 1, 1, 1, 1, 1]"
26,10,0.9494897723197937,0.954081654548645,0.7272727272727273,0.010715424062006852,"[2, 2, 0, 0, 0, 2, 2, 2, 1, 2, 2]","[2, 1, 2, 2, 0, 2, 2, 2, 1, 2, 2]","[1, 1, 1, 1, 1, 1, 1, 1, 0, 0, 0, 2, 0, 1, 1, 0, 0, 0, 2, 0, 1, 1, 0, 0, 0, 0, 0, 1, 1, 0, 0, 0, 2, 0, 1, 1, 0, 0, 0, 2, 5, 1, 1, 1, 1, 1, 1, 1, 1]"
26,11,0.9494897723197937,0.0,0.36363636363636365,0.04193164301104844,"[2, 0, 0, 0, 0, 0, 0, 2, 2, 0, 2]","[1, 2, 2, 2, 0, 2, 2, 2, 2, 1, 2]","[1, 1, 1, 1, 1, 1, 1, 1, 0, 0, 2, 0, 0, 1, 1, 0, 0, 2, 0, 0, 1, 1, 0, 0, 2, 0, 0, 1, 1, 0, 0, 0, 0, 0, 1, 1, 0, 0, 2, 0, 5, 1, 1, 1, 1, 1, 1, 1, 1]"
26,12,0.9494897723197937,0.0,1.0,0.010273198681798849,"[2, 2, 2, 2, 1, 2, 2, 2, 2]","[2, 2, 2, 2, 1, 2, 2, 2, 2]","[1, 1, 1, 1, 1, 1, 1, 1, 0, 0, 0, 0, 0, 1, 1, 0, 0, 2, 0, 0, 1, 1, 0, 0, 2, 0, 0, 1, 1, 0, 0, 2, 0, 0, 1, 1, 0, 0, 2, 0, 5, 1, 1, 1, 1, 1, 1, 1, 1]"
26,13,0.9265305995941162,0.9494897723197937,0.9090909090909091,0.009525384997356345,"[2, 2, 0, 2, 2, 2, 2, 1, 2, 2, 2]","[1, 2, 0, 2, 2, 2, 2, 1, 2, 2, 2]","[1, 1, 1, 1, 1, 1, 1, 1, 0, 0, 2, 0, 0, 1, 1, 0, 0, 0, 0, 0, 1, 1, 0, 0, 2, 0, 0, 1, 1, 0, 0, 2, 0, 0, 1, 1, 0, 0, 2, 0, 5, 1, 1, 1, 1, 1, 1, 1, 1]"
26,14,0.9494897723197937,0.954081654548645,1.0,0.07102653566671878,"[1, 2, 2, 2, 2, 0, 2, 2, 2, 2]","[1, 2, 2, 2, 2, 0, 2, 2, 2, 2]","[1, 1, 1, 1, 1, 1, 1, 1, 0, 2, 0, 0, 0, 1, 1, 0, 2, 0, 0, 0, 1, 1, 0, 2, 0, 0, 0, 1, 1, 0, 2, 0, 0, 0, 1, 1, 0, 0, 0, 0, 5, 1, 1, 1, 1, 1, 1, 1, 1]"
26,15,0.9586734771728516,0.9494897723197937,0.4,0.14603235469096237,"[2, 0, 0, 0, 0, 0, 0, 2, 2, 2]","[1, 2, 2, 2, 2, 0, 2, 2, 2, 2]","[1, 1, 1, 1, 1, 1, 1, 1, 0, 0, 2, 0, 0, 1, 1, 0, 0, 2, 0, 0, 1, 1, 0, 0, 2, 0, 0, 1, 1, 0, 0, 2, 0, 0, 1, 1, 0, 0, 0, 0, 5, 1, 1, 1, 1, 1, 1, 1, 1]"
26,16,0.954081654548645,0.9494897723197937,0.45454545454545453,0.029607973410747945,"[2, 0, 0, 0, 0, 0, 2, 2, 2, 0, 2]","[1, 2, 2, 2, 0, 2, 2, 2, 2, 1, 2]","[1, 1, 1, 1, 1, 1, 1, 1, 0, 0, 2, 0, 0, 1, 1, 0, 0, 2, 0, 0, 1, 1, 0, 0, 2, 0, 0, 1, 1, 0, 0, 0, 0, 0, 1, 1, 0, 0, 2, 0, 5, 1, 1, 1, 1, 1, 1, 1, 1]"
26,17,0.9265305995941162,0.9311224222183228,1.0,0.056159728366765194,"[2, 2, 2, 2, 1, 2, 2, 2, 2]","[2, 2, 2, 2, 1, 2, 2, 2, 2]","[1, 1, 1, 1, 1, 1, 1, 1, 0, 0, 0, 0, 0, 1, 1, 0, 0, 2, 0, 0, 1, 1, 0, 0, 2, 0, 0, 1, 1, 0, 0, 2, 0, 0, 1, 1, 0, 0, 2, 0, 5, 1, 1, 1, 1, 1, 1, 1, 1]"
26,18,0.9586734771728516,0.0,1.0,0.0027415602364473874,"[1, 2, 2, 0, 2, 2, 2, 2, 1, 2, 2]","[1, 2, 2, 0, 2, 2, 2, 2, 1, 2, 2]","[1, 1, 1, 1, 1, 1, 1, 1, 0, 2, 0, 0, 0, 1, 1, 0, 2, 0, 0, 0, 1, 1, 0, 0, 0, 0, 0, 1, 1, 0, 2, 0, 0, 0, 1, 1, 0, 2, 0, 0, 5, 1, 1, 1, 1, 1, 1, 1, 1]"
26,19,0.9586734771728516,0.9127551317214966,1.0,0.03939543996768242,"[2, 2, 2, 2, 1, 2, 2, 2, 2]","[2, 2, 2, 2, 1, 2, 2, 2, 2]","[1, 1, 1, 1, 1, 1, 1, 1, 0, 0, 0, 0, 0, 1, 1, 0, 0, 0, 2, 0, 1, 1, 0, 0, 0, 2, 0, 1, 1, 0, 0, 0, 2, 0, 1, 1, 0, 0, 0, 2, 5, 1, 1, 1, 1, 1, 1, 1, 1]"
27,0,0.9494897723197937,0.0,0.4,0.25863037092316593,"[2, 0, 0, 0, 0, 0, 0, 2, 2, 2]","[1, 2, 2, 2, 2, 0, 2, 2, 2, 2]","[1, 1, 1, 1, 1, 1, 1, 1, 0, 0, 2, 0, 0, 1, 1, 0, 0, 2, 0, 0, 1, 1, 0, 0, 2, 0, 0, 1, 1, 0, 0, 2, 0, 0, 1, 1, 0, 0, 0, 0, 5, 1, 1, 1, 1, 1, 1, 1, 1]"
27,1,0.9494897723197937,0.9494897723197937,0.45454545454545453,0.014997957962226461,"[2, 2, 0, 0, 0, 2, 2, 2, 2, 0, 2]","[2, 1, 2, 2, 2, 0, 2, 2, 2, 1, 2]","[1, 1, 1, 1, 1, 1, 1, 1, 0, 0, 0, 2, 0, 1, 1, 0, 0, 0, 2, 0, 1, 1, 0, 0, 0, 2, 0, 1, 1, 0, 0, 0, 0, 0, 1, 1, 0, 0, 0, 2, 5, 1, 1, 1, 1, 1, 1, 1, 1]"
27,2,0.0,0.9494897723197937,0.7272727272727273,0.036618632285601714,"[2, 0, 0, 0, 2, 2, 2, 2, 1, 2, 2]","[1, 2, 2, 0, 2, 2, 2, 2, 1, 2, 2]","[1, 1, 1, 1, 1, 1, 1, 1, 0, 0, 2, 0, 0, 1, 1, 0, 0, 2, 0, 0, 1, 1, 0, 0, 0, 0, 0, 1, 1, 0, 0, 2, 0, 0, 1, 1, 0, 0, 2, 0, 5, 1, 1, 1, 1, 1, 1, 1, 1]"
27,3,0.9494897723197937,0.0,1.0,0.21905095086490012,"[1, 2, 2, 0, 2, 2, 2, 2, 1, 2, 2]","[1, 2, 2, 0, 2, 2, 2, 2, 1, 2, 2]","[1, 1, 1, 1, 1, 1, 1, 1, 0, 2, 0, 0, 0, 1, 1, 0, 2, 0, 0, 0, 1, 1, 0, 0, 0, 0, 0, 1, 1, 0, 2, 0, 0, 0, 1, 1, 0, 2, 0, 0, 5, 1, 1, 1, 1, 1, 1, 1, 1]"
27,4,0.9494897723197937,0.9494897723197937,0.8888888888888888,0.07414352284236388,"[2, 2, 2, 2, 0, 2, 2, 2, 2]","[2, 2, 2, 2, 1, 2, 2, 2, 2]","[1, 1, 1, 1, 1, 1, 1, 1, 0, 0, 0, 0, 0, 1, 1, 0, 0, 2, 0, 0, 1, 1, 0, 0, 2, 0, 0, 1, 1, 0, 0, 2, 0, 0, 1, 1, 0, 0, 2, 0, 5, 1, 1, 1, 1, 1, 1, 1, 1]"
27,5,0.9494897723197937,0.9586734771728516,0.7272727272727273,0.012455094722099602,"[2, 0, 0, 0, 2, 2, 2, 2, 1, 2, 2]","[1, 2, 2, 0, 2, 2, 2, 2, 1, 2, 2]","[1, 1, 1, 1, 1, 1, 1, 1, 0, 0, 2, 0, 0, 1, 1, 0, 0, 2, 0, 0, 1, 1, 0, 0, 0, 0, 0, 1, 1, 0, 0, 2, 0, 0, 1, 1, 0, 0, 2, 0, 5, 1, 1, 1, 1, 1, 1, 1, 1]"
27,6,0.9494897723197937,0.9494897723197937,0.7272727272727273,0.04462819335855205,"[2, 2, 0, 0, 0, 2, 2, 1, 2, 2, 2]","[2, 1, 2, 0, 2, 2, 2, 1, 2, 2, 2]","[1, 1, 1, 1, 1, 1, 1, 1, 0, 0, 0, 2, 0, 1, 1, 0, 0, 0, 0, 0, 1, 1, 0, 0, 0, 2, 0, 1, 1, 0, 0, 0, 2, 0, 1, 1, 0, 0, 0, 2, 5, 1, 1, 1, 1, 1, 1, 1, 1]"
27,7,0.9494897723197937,0.0,1.0,0.02750006710729477,"[1, 2, 2, 0, 2, 2, 2, 2, 1, 2, 2]","[1, 2, 2, 0, 2, 2, 2, 2, 1, 2, 2]","[1, 1, 1, 1, 1, 1, 1, 1, 0, 2, 0, 0, 0, 1, 1, 0, 2, 0, 0, 0, 1, 1, 0, 0, 0, 0, 0, 1, 1, 0, 2, 0, 0, 0, 1, 1, 0, 2, 0, 0, 5, 1, 1, 1, 1, 1, 1, 1, 1]"
27,8,0.9494897723197937,0.9494897723197937,1.0,0.015991180648349902,"[1, 2, 2, 0, 2, 2, 2, 2, 1, 2, 2]","[1, 2, 2, 0, 2, 2, 2, 2, 1, 2, 2]","[1, 1, 1, 1, 1, 1, 1, 1, 0, 2, 0, 0, 0, 1, 1, 0, 2, 0, 0, 0, 1, 1, 0, 0, 0, 0, 0, 1, 1, 0, 2, 0, 0, 0, 1, 1, 0, 2, 0, 0, 5, 1, 1, 1, 1, 1, 1, 1, 1]"
27,9,0.0,0.9494897723197937,1.0,0.017211097779429772,"[1, 2, 2, 2, 2, 0, 2, 2, 2, 2]","[1, 2, 2, 2, 2, 0, 2, 2, 2, 2]","[1, 1, 1, 1, 1, 1, 1, 1, 0, 2, 0, 0, 0, 1, 1, 0, 2, 0, 0, 0, 1, 1, 0, 2, 0, 0, 0, 1, 1, 0, 2, 0, 0, 0, 1, 1, 0, 0, 0, 0, 5, 1, 1, 1, 1, 1, 1, 1, 1]"
27,10,0.0,0.9586734771728516,0.6,0.08654998696993618,"[2, 0, 0, 0, 2, 0, 2, 2, 2, 2]","[1, 2, 2, 2, 2, 0, 2, 2, 2, 2]","[1, 1, 1, 1, 1, 1, 1, 1, 0, 0, 2, 0, 0, 1, 1, 0, 0, 2, 0, 0, 1, 1, 0, 0, 2, 0, 0, 1, 1, 0, 0, 2, 0, 0, 1, 1, 0, 0, 0, 0, 5, 1, 1, 1, 1, 1, 1, 1, 1]"
27,11,0.9494897723197937,0.9494897723197937,1.0,0.016486430032686752,"[1, 2, 0, 2, 2, 2, 2, 1, 2, 2, 2]","[1, 2, 0, 2, 2, 2, 2, 1, 2, 2, 2]","[1, 1, 1, 1, 1, 1, 1, 1, 0, 2, 0, 0, 0, 1, 1, 0, 0, 0, 0, 0, 1, 1, 0, 2, 0, 0, 0, 1, 1, 0, 2, 0, 0, 0, 1, 1, 0, 2, 0, 0, 5, 1, 1, 1, 1, 1, 1, 1, 1]"
27,12,0.0,0.954081654548645,0.8888888888888888,0.03003599802667106,"[2, 2, 2, 2, 0, 2, 2, 2, 2]","[2, 2, 2, 2, 1, 2, 2, 2, 2]","[1, 1, 1, 1, 1, 1, 1, 1, 0, 0, 0, 0, 0, 1, 1, 0, 2, 0, 0, 0, 1, 1, 0, 2, 0, 0, 0, 1, 1, 0, 2, 0, 0, 0, 1, 1, 0, 2, 0, 0, 5, 1, 1, 1, 1, 1, 1, 1, 1]"
27,13,0.9494897723197937,0.0,0.5454545454545454,0.016421964254484257,"[2, 2, 0, 0, 2, 2, 2, 2, 2, 0, 2]","[1, 2, 2, 2, 0, 2, 2, 2, 2, 1, 2]","[1, 1, 1, 1, 1, 1, 1, 1, 0, 0, 2, 0, 0, 1, 1, 0, 0, 2, 0, 0, 1, 1, 0, 0, 2, 0, 0, 1, 1, 0, 0, 0, 0, 0, 1, 1, 0, 0, 2, 0, 5, 1, 1, 1, 1, 1, 1, 1, 1]"
27,14,0.9494897723197937,0.9494897723197937,1.0,0.011083745672790841,"[1, 2, 2, 0, 2, 2, 2, 2, 1, 2, 2]","[1, 2, 2, 0, 2, 2, 2, 2, 1, 2, 2]","[1, 1, 1, 1, 1, 1, 1, 1, 0, 2, 0, 0, 0, 1, 1, 0, 2, 0, 0, 0, 1, 1, 0, 0, 0, 0, 0, 1, 1, 0, 2, 0, 0, 0, 1, 1, 0, 2, 0, 0, 5, 1, 1, 1, 1, 1, 1, 1, 1]"
27,15,0.9494897723197937,0.9494897723197937,0.6,0.038256474103863264,"[2, 2, 0, 0, 0, 2, 0, 2, 2, 2]","[2, 1, 2, 2, 2, 2, 0, 2, 2, 2]","[1, 1, 1, 1, 1, 1, 1, 1, 0, 0, 0, 2, 0, 1, 1, 0, 0, 0, 2, 0, 1, 1, 0, 0, 0, 2, 0, 1, 1, 0, 0, 0, 2, 0, 1, 1, 0, 0, 0, 0, 5, 1, 1, 1, 1, 1, 1, 1, 1]"
27,16,0.9494897723197937,0.0,0.9090909090909091,0.16304437827784568,"[2, 2, 2, 0, 2, 2, 2, 1, 2, 2, 2]","[2, 1, 2, 0, 2, 2, 2, 1, 2, 2, 2]","[1, 1, 1, 1, 1, 1, 1, 1, 0, 0, 0, 2, 0, 1, 1, 0, 0, 0, 0, 0, 1, 1, 0, 0, 0, 2, 0, 1, 1, 0, 0, 0, 2, 0, 1, 1, 0, 0, 0, 2, 5, 1, 1, 1, 1, 1, 1, 1, 1]"
27,17,0.9494897723197937,0.9494897723197937,0.5454545454545454,0.012065532098693604,"[2, 2, 0, 0, 2, 2, 2, 2, 2, 0, 2]","[1, 2, 2, 2, 0, 2, 2, 2, 2, 1, 2]","[1, 1, 1, 1, 1, 1, 1, 1, 0, 0, 2, 0, 0, 1, 1, 0, 0, 2, 0, 0, 1, 1, 0, 0, 2, 0, 0, 1, 1, 0, 0, 0, 0, 0, 1, 1, 0, 0, 2, 0, 5, 1, 1, 1, 1, 1, 1, 1, 1]"
27,18,0.9494897723197937,0.9494897723197937,0.8181818181818182,0.01668227449144152,"[2, 0, 0, 2, 2, 2, 2, 1, 2, 2, 2]","[1, 2, 0, 2, 2, 2, 2, 1, 2, 2, 2]","[1, 1, 1, 1, 1, 1, 1, 1, 0, 0, 2, 0, 0, 1, 1, 0, 0, 0, 0, 0, 1, 1, 0, 0, 2, 0, 0, 1, 1, 0, 0, 2, 0, 0, 1, 1, 0, 0, 2, 0, 5, 1, 1, 1, 1, 1, 1, 1, 1]"
27,19,0.9494897723197937,0.9586734771728516,1.0,0.14187516395395505,"[2, 2, 2, 2, 1, 2, 2, 2, 2]","[2, 2, 2, 2, 1, 2, 2, 2, 2]","[1, 1, 1, 1, 1, 1, 1, 1, 0, 0, 0, 0, 0, 1, 1, 0, 0, 0, 2, 0, 1, 1, 0, 0, 0, 2, 0, 1, 1, 0, 0, 0, 2, 0, 1, 1, 0, 0, 0, 2, 5, 1, 1, 1, 1, 1, 1, 1, 1]"
28,0,0.9494897723197937,0.9265305995941162,1.0,0.23127615355948292,"[2, 2, 2, 2, 1, 2, 2, 2, 2]","[2, 2, 2, 2, 1, 2, 2, 2, 2]","[1, 1, 1, 1, 1, 1, 1, 1, 0, 0, 0, 0, 0, 1, 1, 0, 0, 0, 2, 0, 1, 1, 0, 0, 0, 2, 0, 1, 1, 0, 0, 0, 2, 0, 1, 1, 0, 0, 0, 2, 5, 1, 1, 1, 1, 1, 1, 1, 1]"
28,1,0.9081632494926453,0.954081654548645,0.5454545454545454,0.004591487221081148,"[2, 2, 0, 0, 0, 0, 2, 2, 2, 0, 2]","[2, 1, 2, 2, 2, 0, 2, 2, 2, 1, 2]","[1, 1, 1, 1, 1, 1, 1, 1, 0, 0, 0, 2, 0, 1, 1, 0, 0, 0, 2, 0, 1, 1, 0, 0, 0, 2, 0, 1, 1, 0, 0, 0, 0, 0, 1, 1, 0, 0, 0, 2, 5, 1, 1, 1, 1, 1, 1, 1, 1]"
28,2,0.954081654548645,0.9494897723197937,0.6,0.07177083042333834,"[2, 2, 0, 0, 0, 2, 0, 2, 2, 2]","[2, 1, 2, 2, 2, 2, 0, 2, 2, 2]","[1, 1, 1, 1, 1, 1, 1, 1, 0, 0, 0, 2, 0, 1, 1, 0, 0, 0, 2, 0, 1, 1, 0, 0, 0, 2, 0, 1, 1, 0, 0, 0, 2, 0, 1, 1, 0, 0, 0, 0, 5, 1, 1, 1, 1, 1, 1, 1, 1]"
28,3,0.9494897723197937,0.9494897723197937,1.0,0.6803150599138165,"[1, 2, 2, 2, 2, 0, 2, 2, 2, 2]","[1, 2, 2, 2, 2, 0, 2, 2, 2, 2]","[1, 1, 1, 1, 1, 1, 1, 1, 0, 2, 0, 0, 0, 1, 1, 0, 2, 0, 0, 0, 1, 1, 0, 2, 0, 0, 0, 1, 1, 0, 2, 0, 0, 0, 1, 1, 0, 0, 0, 0, 5, 1, 1, 1, 1, 1, 1, 1, 1]"
28,4,0.9081632494926453,0.0,0.5454545454545454,0.02013653435278684,"[2, 2, 0, 0, 0, 0, 2, 2, 2, 0, 2]","[2, 1, 2, 2, 2, 0, 2, 2, 2, 1, 2]","[1, 1, 1, 1, 1, 1, 1, 1, 0, 0, 0, 2, 0, 1, 1, 0, 0, 0, 2, 0, 1, 1, 0, 0, 0, 2, 0, 1, 1, 0, 0, 0, 0, 0, 1, 1, 0, 0, 0, 2, 5, 1, 1, 1, 1, 1, 1, 1, 1]"
28,5,0.9494897723197937,0.9586734771728516,1.0,0.0745890597858566,"[2, 2, 2, 2, 1, 2, 2, 2, 2]","[2, 2, 2, 2, 1, 2, 2, 2, 2]","[1, 1, 1, 1, 1, 1, 1, 1, 0, 0, 0, 0, 0, 1, 1, 0, 2, 0, 0, 0, 1, 1, 0, 2, 0, 0, 0, 1, 1, 0, 2, 0, 0, 0, 1, 1, 0, 2, 0, 0, 5, 1, 1, 1, 1, 1, 1, 1, 1]"
28,6,0.954081654548645,0.9081632494926453,0.6,0.013333694072207436,"[2, 2, 0, 0, 0, 2, 0, 2, 2, 2]","[2, 1, 2, 2, 2, 2, 0, 2, 2, 2]","[1, 1, 1, 1, 1, 1, 1, 1, 0, 0, 0, 2, 0, 1, 1, 0, 0, 0, 2, 0, 1, 1, 0, 0, 0, 2, 0, 1, 1, 0, 0, 0, 2, 0, 1, 1, 0, 0, 0, 0, 5, 1, 1, 1, 1, 1, 1, 1, 1]"
28,7,0.9494897723197937,0.9494897723197937,0.8181818181818182,0.09047027003543917,"[2, 0, 0, 2, 2, 2, 2, 1, 2, 2, 2]","[1, 2, 0, 2, 2, 2, 2, 1, 2, 2, 2]","[1, 1, 1, 1, 1, 1, 1, 1, 0, 0, 2, 0, 0, 1, 1, 0, 0, 0, 0, 0, 1, 1, 0, 0, 2, 0, 0, 1, 1, 0, 0, 2, 0, 0, 1, 1, 0, 0, 2, 0, 5, 1, 1, 1, 1, 1, 1, 1, 1]"
28,8,0.9586734771728516,0.9586734771728516,1.0,0.10346705309994933,"[2, 2, 2, 2, 1, 2, 2, 2, 2]","[2, 2, 2, 2, 1, 2, 2, 2, 2]","[1, 1, 1, 1, 1, 1, 1, 1, 0, 0, 0, 0, 0, 1, 1, 0, 0, 2, 0, 0, 1, 1, 0, 0, 2, 0, 0, 1, 1, 0, 0, 2, 0, 0, 1, 1, 0, 0, 2, 0, 5, 1, 1, 1, 1, 1, 1, 1, 1]"
28,9,0.954081654548645,0.954081654548645,0.5454545454545454,0.004298944962845946,"[2, 0, 0, 0, 0, 2, 2, 2, 2, 0, 2]","[1, 2, 2, 2, 0, 2, 2, 2, 2, 1, 2]","[1, 1, 1, 1, 1, 1, 1, 1, 0, 0, 2, 0, 0, 1, 1, 0, 0, 2, 0, 0, 1, 1, 0, 0, 2, 0, 0, 1, 1, 0, 0, 0, 0, 0, 1, 1, 0, 0, 2, 0, 5, 1, 1, 1, 1, 1, 1, 1, 1]"
28,10,0.954081654548645,0.9494897723197937,0.8181818181818182,0.009146580356173217,"[2, 2, 0, 0, 2, 2, 2, 1, 2, 2, 2]","[2, 1, 2, 0, 2, 2, 2, 1, 2, 2, 2]","[1, 1, 1, 1, 1, 1, 1, 1, 0, 0, 0, 2, 0, 1, 1, 0, 0, 0, 0, 0, 1, 1, 0, 0, 0, 2, 0, 1, 1, 0, 0, 0, 2, 0, 1, 1, 0, 0, 0, 2, 5, 1, 1, 1, 1, 1, 1, 1, 1]"
28,11,0.0,0.0,0.8888888888888888,0.0028505039888180113,"[2, 2, 2, 2, 0, 2, 2, 2, 2]","[2, 2, 2, 2, 1, 2, 2, 2, 2]","[1, 1, 1, 1, 1, 1, 1, 1, 0, 0, 0, 0, 0, 1, 1, 0, 0, 2, 0, 0, 1, 1, 0, 0, 2, 0, 0, 1, 1, 0, 0, 2, 0, 0, 1, 1, 0, 0, 2, 0, 5, 1, 1, 1, 1, 1, 1, 1, 1]"
28,12,0.9494897723197937,0.0,0.8181818181818182,0.03100825580556623,"[1, 2, 2, 2, 2, 2, 2, 2, 2, 0, 2]","[1, 2, 2, 2, 0, 2, 2, 2, 2, 1, 2]","[1, 1, 1, 1, 1, 1, 1, 1, 0, 2, 0, 0, 0, 1, 1, 0, 2, 0, 0, 0, 1, 1, 0, 2, 0, 0, 0, 1, 1, 0, 0, 0, 0, 0, 1, 1, 0, 2, 0, 0, 5, 1, 1, 1, 1, 1, 1, 1, 1]"
28,13,0.9494897723197937,0.0,0.45454545454545453,0.061539339629234746,"[2, 2, 0, 0, 2, 0, 2, 2, 2, 0, 2]","[1, 2, 2, 2, 0, 2, 2, 2, 2, 1, 2]","[1, 1, 1, 1, 1, 1, 1, 1, 0, 0, 2, 0, 0, 1, 1, 0, 0, 2, 0, 0, 1, 1, 0, 0, 2, 0, 0, 1, 1, 0, 0, 0, 0, 0, 1, 1, 0, 0, 2, 0, 5, 1, 1, 1, 1, 1, 1, 1, 1]"
28,14,0.0,0.9311224222183228,0.9090909090909091,0.08057857134346184,"[2, 2, 2, 0, 2, 2, 2, 1, 2, 2, 2]","[2, 1, 2, 0, 2, 2, 2, 1, 2, 2, 2]","[1, 1, 1, 1, 1, 1, 1, 1, 0, 0, 0, 2, 0, 1, 1, 0, 0, 0, 0, 0, 1, 1, 0, 0, 0, 2, 0, 1, 1, 0, 0, 0, 2, 0, 1, 1, 0, 0, 0, 2, 5, 1, 1, 1, 1, 1, 1, 1, 1]"
28,15,0.954081654548645,0.9494897723197937,0.9090909090909091,0.05045749238607558,"[2, 2, 2, 0, 2, 2, 2, 1, 2, 2, 2]","[2, 1, 2, 0, 2, 2, 2, 1, 2, 2, 2]","[1, 1, 1, 1, 1, 1, 1, 1, 0, 0, 0, 2, 0, 1, 1, 0, 0, 0, 0, 0, 1, 1, 0, 0, 0, 2, 0, 1, 1, 0, 0, 0, 2, 0, 1, 1, 0, 0, 0, 2, 5, 1, 1, 1, 1, 1, 1, 1, 1]"
28,16,0.9265305995941162,0.9586734771728516,1.0,0.02949444269761443,"[1, 2, 2, 0, 2, 2, 2, 2, 1, 2, 2]","[1, 2, 2, 0, 2, 2, 2, 2, 1, 2, 2]","[1, 1, 1, 1, 1, 1, 1, 1, 0, 2, 0, 0, 0, 1, 1, 0, 2, 0, 0, 0, 1, 1, 0, 0, 0, 0, 0, 1, 1, 0, 2, 0, 0, 0, 1, 1, 0, 2, 0, 0, 5, 1, 1, 1, 1, 1, 1, 1, 1]"
28,17,0.9494897723197937,0.0,0.6,0.004144693576646122,"[2, 0, 0, 0, 2, 0, 2, 2, 2, 2]","[1, 2, 2, 2, 2, 0, 2, 2, 2, 2]","[1, 1, 1, 1, 1, 1, 1, 1, 0, 0, 2, 0, 0, 1, 1, 0, 0, 2, 0, 0, 1, 1, 0, 0, 2, 0, 0, 1, 1, 0, 0, 2, 0, 0, 1, 1, 0, 0, 0, 0, 5, 1, 1, 1, 1, 1, 1, 1, 1]"
28,18,0.0,0.0,0.8888888888888888,0.034806719959967515,"[2, 2, 2, 2, 2, 2, 2, 2, 2]","[2, 2, 2, 2, 1, 2, 2, 2, 2]","[1, 1, 1, 1, 1, 1, 1, 1, 0, 0, 0, 0, 0, 1, 1, 0, 0, 0, 2, 0, 1, 1, 0, 0, 0, 2, 0, 1, 1, 0, 0, 0, 2, 0, 1, 1, 0, 0, 0, 2, 5, 1, 1, 1, 1, 1, 1, 1, 1]"
28,19,0.0,0.0,0.6,0.921062524521329,"[2, 2, 0, 0, 0, 2, 0, 2, 2, 2]","[2, 1, 2, 2, 2, 2, 0, 2, 2, 2]","[1, 1, 1, 1, 1, 1, 1, 1, 0, 0, 0, 2, 0, 1, 1, 0, 0, 0, 2, 0, 1, 1, 0, 0, 0, 2, 0, 1, 1, 0, 0, 0, 2, 0, 1, 1, 0, 0, 0, 0, 5, 1, 1, 1, 1, 1, 1, 1, 1]"
29,0,0.9586734771728516,0.0,0.6,0.006846827116202225,"[2, 0, 0, 0, 2, 0, 2, 2, 2, 2]","[1, 2, 2, 2, 2, 0, 2, 2, 2, 2]","[1, 1, 1, 1, 1, 1, 1, 1, 0, 0, 2, 0, 0, 1, 1, 0, 0, 2, 0, 0, 1, 1, 0, 0, 2, 0, 0, 1, 1, 0, 0, 2, 0, 0, 1, 1, 0, 0, 0, 0, 5, 1, 1, 1, 1, 1, 1, 1, 1]"
29,1,0.9494897723197937,0.9494897723197937,0.7272727272727273,0.043607141572283584,"[2, 0, 0, 0, 2, 2, 2, 2, 1, 2, 2]","[1, 2, 2, 0, 2, 2, 2, 2, 1, 2, 2]","[1, 1, 1, 1, 1, 1, 1, 1, 0, 0, 2, 0, 0, 1, 1, 0, 0, 2, 0, 0, 1, 1, 0, 0, 0, 0, 0, 1, 1, 0, 0, 2, 0, 0, 1, 1, 0, 0, 2, 0, 5, 1, 1, 1, 1, 1, 1, 1, 1]"
29,2,0.954081654548645,0.0,0.8,0.09014684642251167,"[2, 2, 0, 2, 2, 2, 0, 2, 2, 2]","[2, 1, 2, 2, 2, 2, 0, 2, 2, 2]","[1, 1, 1, 1, 1, 1, 1, 1, 0, 0, 0, 2, 0, 1, 1, 0, 0, 0, 2, 0, 1, 1, 0, 0, 0, 2, 0, 1, 1, 0, 0, 0, 2, 0, 1, 1, 0, 0, 0, 0, 5, 1, 1, 1, 1, 1, 1, 1, 1]"
29,3,0.0,0.8943877816200256,0.6,0.0023425220543603327,"[2, 0, 0, 0, 2, 0, 2, 2, 2, 2]","[1, 2, 2, 2, 2, 0, 2, 2, 2, 2]","[1, 1, 1, 1, 1, 1, 1, 1, 0, 0, 2, 0, 0, 1, 1, 0, 0, 2, 0, 0, 1, 1, 0, 0, 2, 0, 0, 1, 1, 0, 0, 2, 0, 0, 1, 1, 0, 0, 0, 0, 5, 1, 1, 1, 1, 1, 1, 1, 1]"
29,4,0.0,0.9586734771728516,0.5454545454545454,0.020863006143675495,"[2, 2, 0, 0, 0, 0, 2, 2, 2, 0, 2]","[2, 1, 2, 2, 2, 0, 2, 2, 2, 1, 2]","[1, 1, 1, 1, 1, 1, 1, 1, 0, 0, 0, 2, 0, 1, 1, 0, 0, 0, 2, 0, 1, 1, 0, 0, 0, 2, 0, 1, 1, 0, 0, 0, 0, 0, 1, 1, 0, 0, 0, 2, 5, 1, 1, 1, 1, 1, 1, 1, 1]"
29,5,0.0,0.9494897723197937,0.8888888888888888,0.08890751285732469,"[2, 2, 2, 2, 0, 2, 2, 2, 2]","[2, 2, 2, 2, 1, 2, 2, 2, 2]","[1, 1, 1, 1, 1, 1, 1, 1, 0, 0, 0, 0, 0, 1, 1, 0, 0, 0, 2, 0, 1, 1, 0, 0, 0, 2, 0, 1, 1, 0, 0, 0, 2, 0, 1, 1, 0, 0, 0, 2, 5, 1, 1, 1, 1, 1, 1, 1, 1]"
29,6,0.0,0.0,0.9090909090909091,0.007540323364082724,"[2, 2, 2, 0, 2, 2, 2, 2, 1, 2, 2]","[1, 2, 2, 0, 2, 2, 2, 2, 1, 2, 2]","[1, 1, 1, 1, 1, 1, 1, 1, 0, 0, 2, 0, 0, 1, 1, 0, 0, 2, 0, 0, 1, 1, 0, 0, 0, 0, 0, 1, 1, 0, 0, 2, 0, 0, 1, 1, 0, 0, 2, 0, 5, 1, 1, 1, 1, 1, 1, 1, 1]"
29,7,0.9494897723197937,0.9586734771728516,0.7272727272727273,0.022105341793080283,"[2, 2, 0, 0, 0, 2, 2, 2, 1, 2, 2]","[2, 1, 2, 2, 0, 2, 2, 2, 1, 2, 2]","[1, 1, 1, 1, 1, 1, 1, 1, 0, 0, 0, 2, 0, 1, 1, 0, 0, 0, 2, 0, 1, 1, 0, 0, 0, 0, 0, 1, 1, 0, 0, 0, 2, 0, 1, 1, 0, 0, 0, 2, 5, 1, 1, 1, 1, 1, 1, 1, 1]"
29,8,0.9494897723197937,0.0,1.0,0.054560500027781185,"[1, 2, 2, 2, 2, 0, 2, 2, 2, 2]","[1, 2, 2, 2, 2, 0, 2, 2, 2, 2]","[1, 1, 1, 1, 1, 1, 1, 1, 0, 2, 0, 0, 0, 1, 1, 0, 2, 0, 0, 0, 1, 1, 0, 2, 0, 0, 0, 1, 1, 0, 2, 0, 0, 0, 1, 1, 0, 0, 0, 0, 5, 1, 1, 1, 1, 1, 1, 1, 1]"
29,9,0.9494897723197937,0.0,1.0,0.1343594820105604,"[1, 2, 2, 0, 2, 2, 2, 2, 1, 2, 2]","[1, 2, 2, 0, 2, 2, 2, 2, 1, 2, 2]","[1, 1, 1, 1, 1, 1, 1, 1, 0, 2, 0, 0, 0, 1, 1, 0, 2, 0, 0, 0, 1, 1, 0, 0, 0, 0, 0, 1, 1, 0, 2, 0, 0, 0, 1, 1, 0, 2, 0, 0, 5, 1, 1, 1, 1, 1, 1, 1, 1]"
29,10,0.9265305995941162,0.9586734771728516,0.9090909090909091,0.10627911352044479,"[2, 2, 0, 2, 2, 2, 2, 1, 2, 2, 2]","[1, 2, 0, 2, 2, 2, 2, 1, 2, 2, 2]","[1, 1, 1, 1, 1, 1, 1, 1, 0, 0, 2, 0, 0, 1, 1, 0, 0, 0, 0, 0, 1, 1, 0, 0, 2, 0, 0, 1, 1, 0, 0, 2, 0, 0, 1, 1, 0, 0, 2, 0, 5, 1, 1, 1, 1, 1, 1, 1, 1]"
29,11,0.954081654548645,0.9586734771728516,1.0,0.0182062017001127,"[2, 2, 2, 2, 1, 2, 2, 2, 2]","[2, 2, 2, 2, 1, 2, 2, 2, 2]","[1, 1, 1, 1, 1, 1, 1, 1, 0, 0, 0, 0, 0, 1, 1, 0, 0, 2, 0, 0, 1, 1, 0, 0, 2, 0, 0, 1, 1, 0, 0, 2, 0, 0, 1, 1, 0, 0, 2, 0, 5, 1, 1, 1, 1, 1, 1, 1, 1]"
29,12,0.954081654548645,0.9586734771728516,0.6,0.012300974611813823,"[2, 0, 0, 0, 2, 0, 2, 2, 2, 2]","[1, 2, 2, 2, 2, 0, 2, 2, 2, 2]","[1, 1, 1, 1, 1, 1, 1, 1, 0, 0, 2, 0, 0, 1, 1, 0, 0, 2, 0, 0, 1, 1, 0, 0, 2, 0, 0, 1, 1, 0, 0, 2, 0, 0, 1, 1, 0, 0, 0, 0, 5, 1, 1, 1, 1, 1, 1, 1, 1]"
29,13,0.9494897723197937,0.9265305995941162,1.0,0.020924546476453542,"[2, 2, 2, 2, 1, 2, 2, 2, 2]","[2, 2, 2, 2, 1, 2, 2, 2, 2]","[1, 1, 1, 1, 1, 1, 1, 1, 0, 0, 0, 0, 0, 1, 1, 0, 0, 0, 2, 0, 1, 1, 0, 0, 0, 2, 0, 1, 1, 0, 0, 0, 2, 0, 1, 1, 0, 0, 0, 2, 5, 1, 1, 1, 1, 1, 1, 1, 1]"
29,14,0.9494897723197937,0.9494897723197937,0.8181818181818182,0.02973244258033929,"[2, 2, 0, 0, 2, 2, 2, 1, 2, 2, 2]","[2, 1, 2, 0, 2, 2, 2, 1, 2, 2, 2]","[1, 1, 1, 1, 1, 1, 1, 1, 0, 0, 0, 2, 0, 1, 1, 0, 0, 0, 0, 0, 1, 1, 0, 0, 0, 2, 0, 1, 1, 0, 0, 0, 2, 0, 1, 1, 0, 0, 0, 2, 5, 1, 1, 1, 1, 1, 1, 1, 1]"
29,15,0.954081654548645,0.954081654548645,0.7272727272727273,0.08869170933030546,"[2, 0, 0, 0, 2, 2, 2, 2, 1, 2, 2]","[1, 2, 2, 0, 2, 2, 2, 2, 1, 2, 2]","[1, 1, 1, 1, 1, 1, 1, 1, 0, 0, 2, 0, 0, 1, 1, 0, 0, 2, 0, 0, 1, 1, 0, 0, 0, 0, 0, 1, 1, 0, 0, 2, 0, 0, 1, 1, 0, 0, 2, 0, 5, 1, 1, 1, 1, 1, 1, 1, 1]"
29,16,0.9494897723197937,0.954081654548645,1.0,0.0012772813239611094,"[1, 2, 2, 2, 2, 0, 2, 2, 2, 2]","[1, 2, 2, 2, 2, 0, 2, 2, 2, 2]","[1, 1, 1, 1, 1, 1, 1, 1, 0, 2, 0, 0, 0, 1, 1, 0, 2, 0, 0, 0, 1, 1, 0, 2, 0, 0, 0, 1, 1, 0, 2, 0, 0, 0, 1, 1, 0, 0, 0, 0, 5, 1, 1, 1, 1, 1, 1, 1, 1]"
29,17,0.9494897723197937,0.954081654548645,1.0,0.01162829281846908,"[1, 2, 2, 2, 2, 0, 2, 2, 2, 2]","[1, 2, 2, 2, 2, 0, 2, 2, 2, 2]","[1, 1, 1, 1, 1, 1, 1, 1, 0, 2, 0, 0, 0, 1, 1, 0, 2, 0, 0, 0, 1, 1, 0, 2, 0, 0, 0, 1, 1, 0, 2, 0, 0, 0, 1, 1, 0, 0, 0, 0, 5, 1, 1, 1, 1, 1, 1, 1, 1]"
29,18,0.0,0.0,0.5454545454545454,0.015839006906996172,"[2, 0, 0, 0, 0, 2, 2, 2, 2, 0, 2]","[1, 2, 2, 2, 0, 2, 2, 2, 2, 1, 2]","[1, 1, 1, 1, 1, 1, 1, 1, 0, 0, 2, 0, 0, 1, 1, 0, 0, 2, 0, 0, 1, 1, 0, 0, 2, 0, 0, 1, 1, 0, 0, 0, 0, 0, 1, 1, 0, 0, 2, 0, 5, 1, 1, 1, 1, 1, 1, 1, 1]"
29,19,0.9494897723197937,0.0,0.9090909090909091,0.06673711887560785,"[2, 2, 2, 0, 2, 2, 2, 1, 2, 2, 2]","[2, 1, 2, 0, 2, 2, 2, 1, 2, 2, 2]","[1, 1, 1, 1, 1, 1, 1, 1, 0, 0, 0, 2, 0, 1, 1, 0, 0, 0, 0, 0, 1, 1, 0, 0, 0, 2, 0, 1, 1, 0, 0, 0, 2, 0, 1, 1, 0, 0, 0, 2, 5, 1, 1, 1, 1, 1, 1, 1, 1]"
30,0,0.954081654548645,0.9494897723197937,0.7272727272727273,0.031946046931099974,"[2, 0, 0, 0, 2, 2, 2, 2, 1, 2, 2]","[1, 2, 2, 0, 2, 2, 2, 2, 1, 2, 2]","[1, 1, 1, 1, 1, 1, 1, 1, 0, 0, 2, 0, 0, 1, 1, 0, 0, 2, 0, 0, 1, 1, 0, 0, 0, 0, 0, 1, 1, 0, 0, 2, 0, 0, 1, 1, 0, 0, 2, 0, 5, 1, 1, 1, 1, 1, 1, 1, 1]"
30,1,0.0,0.9586734771728516,0.5454545454545454,0.020489747276191007,"[2, 2, 2, 0, 0, 2, 2, 2, 2, 0, 2]","[2, 1, 2, 2, 2, 0, 2, 2, 2, 1, 2]","[1, 1, 1, 1, 1, 1, 1, 1, 0, 0, 0, 2, 0, 1, 1, 0, 0, 0, 2, 0, 1, 1, 0, 0, 0, 2, 0, 1, 1, 0, 0, 0, 0, 0, 1, 1, 0, 0, 0, 2, 5, 1, 1, 1, 1, 1, 1, 1, 1]"
30,2,0.0,0.9586734771728516,0.6,0.021435891965191568,"[2, 2, 0, 0, 0, 2, 0, 2, 2, 2]","[2, 1, 2, 2, 2, 2, 0, 2, 2, 2]","[1, 1, 1, 1, 1, 1, 1, 1, 0, 0, 0, 2, 0, 1, 1, 0, 0, 0, 2, 0, 1, 1, 0, 0, 0, 2, 0, 1, 1, 0, 0, 0, 2, 0, 1, 1, 0, 0, 0, 0, 5, 1, 1, 1, 1, 1, 1, 1, 1]"
30,3,0.9494897723197937,0.9586734771728516,1.0,0.011244233803484927,"[2, 2, 2, 2, 1, 2, 2, 2, 2]","[2, 2, 2, 2, 1, 2, 2, 2, 2]","[1, 1, 1, 1, 1, 1, 1, 1, 0, 0, 0, 0, 0, 1, 1, 0, 2, 0, 0, 0, 1, 1, 0, 2, 0, 0, 0, 1, 1, 0, 2, 0, 0, 0, 1, 1, 0, 2, 0, 0, 5, 1, 1, 1, 1, 1, 1, 1, 1]"
30,4,0.9586734771728516,0.9494897723197937,0.9090909090909091,0.152927708462812,"[2, 2, 2, 0, 2, 2, 2, 2, 1, 2, 2]","[1, 2, 2, 0, 2, 2, 2, 2, 1, 2, 2]","[1, 1, 1, 1, 1, 1, 1, 1, 0, 0, 2, 0, 0, 1, 1, 0, 0, 2, 0, 0, 1, 1, 0, 0, 0, 0, 0, 1, 1, 0, 0, 2, 0, 0, 1, 1, 0, 0, 2, 0, 5, 1, 1, 1, 1, 1, 1, 1, 1]"
30,5,0.9494897723197937,0.9494897723197937,1.0,0.09050525329075754,"[1, 2, 0, 2, 2, 2, 2, 1, 2, 2, 2]","[1, 2, 0, 2, 2, 2, 2, 1, 2, 2, 2]","[1, 1, 1, 1, 1, 1, 1, 1, 0, 2, 0, 0, 0, 1, 1, 0, 0, 0, 0, 0, 1, 1, 0, 2, 0, 0, 0, 1, 1, 0, 2, 0, 0, 0, 1, 1, 0, 2, 0, 0, 5, 1, 1, 1, 1, 1, 1, 1, 1]"
30,6,0.9127551317214966,0.9494897723197937,1.0,0.0019516756517325782,"[2, 2, 2, 2, 1, 2, 2, 2, 2]","[2, 2, 2, 2, 1, 2, 2, 2, 2]","[1, 1, 1, 1, 1, 1, 1, 1, 0, 0, 0, 0, 0, 1, 1, 0, 2, 0, 0, 0, 1, 1, 0, 2, 0, 0, 0, 1, 1, 0, 2, 0, 0, 0, 1, 1, 0, 2, 0, 0, 5, 1, 1, 1, 1, 1, 1, 1, 1]"
30,7,0.9494897723197937,0.9494897723197937,0.9090909090909091,0.12240999031928368,"[2, 2, 0, 2, 2, 2, 2, 1, 2, 2, 2]","[1, 2, 0, 2, 2, 2, 2, 1, 2, 2, 2]","[1, 1, 1, 1, 1, 1, 1, 1, 0, 0, 2, 0, 0, 1, 1, 0, 0, 0, 0, 0, 1, 1, 0, 0, 2, 0, 0, 1, 1, 0, 0, 2, 0, 0, 1, 1, 0, 0, 2, 0, 5, 1, 1, 1, 1, 1, 1, 1, 1]"
30,8,0.9494897723197937,0.9494897723197937,0.9090909090909091,0.06631210874766111,"[2, 2, 0, 2, 2, 2, 2, 1, 2, 2, 2]","[1, 2, 0, 2, 2, 2, 2, 1, 2, 2, 2]","[1, 1, 1, 1, 1, 1, 1, 1, 0, 0, 2, 0, 0, 1, 1, 0, 0, 0, 0, 0, 1, 1, 0, 0, 2, 0, 0, 1, 1, 0, 0, 2, 0, 0, 1, 1, 0, 0, 2, 0, 5, 1, 1, 1, 1, 1, 1, 1, 1]"
30,9,0.9494897723197937,0.9586734771728516,0.5454545454545454,0.01578486844135279,"[2, 2, 2, 0, 0, 2, 2, 2, 2, 0, 2]","[2, 1, 2, 2, 2, 0, 2, 2, 2, 1, 2]","[1, 1, 1, 1, 1, 1, 1, 1, 0, 0, 0, 2, 0, 1, 1, 0, 0, 0, 2, 0, 1, 1, 0, 0, 0, 2, 0, 1, 1, 0, 0, 0, 0, 0, 1, 1, 0, 0, 0, 2, 5, 1, 1, 1, 1, 1, 1, 1, 1]"
30,10,0.9586734771728516,0.9494897723197937,0.9090909090909091,0.1418228011785282,"[2, 2, 0, 2, 2, 2, 2, 1, 2, 2, 2]","[1, 2, 0, 2, 2, 2, 2, 1, 2, 2, 2]","[1, 1, 1, 1, 1, 1, 1, 1, 0, 0, 2, 0, 0, 1, 1, 0, 0, 0, 0, 0, 1, 1, 0, 0, 2, 0, 0, 1, 1, 0, 0, 2, 0, 0, 1, 1, 0, 0, 2, 0, 5, 1, 1, 1, 1, 1, 1, 1, 1]"
30,11,0.9494897723197937,0.9494897723197937,0.7272727272727273,0.005774282715389167,"[2, 2, 0, 0, 2, 0, 2, 1, 2, 2, 2]","[2, 1, 2, 0, 2, 2, 2, 1, 2, 2, 2]","[1, 1, 1, 1, 1, 1, 1, 1, 0, 0, 0, 2, 0, 1, 1, 0, 0, 0, 0, 0, 1, 1, 0, 0, 0, 2, 0, 1, 1, 0, 0, 0, 2, 0, 1, 1, 0, 0, 0, 2, 5, 1, 1, 1, 1, 1, 1, 1, 1]"
30,12,0.954081654548645,0.8943877816200256,0.6,0.00876234395804608,"[2, 0, 0, 0, 2, 0, 2, 2, 2, 2]","[1, 2, 2, 2, 2, 0, 2, 2, 2, 2]","[1, 1, 1, 1, 1, 1, 1, 1, 0, 0, 2, 0, 0, 1, 1, 0, 0, 2, 0, 0, 1, 1, 0, 0, 2, 0, 0, 1, 1, 0, 0, 2, 0, 0, 1, 1, 0, 0, 0, 0, 5, 1, 1, 1, 1, 1, 1, 1, 1]"
30,13,0.9265305995941162,0.0,0.9090909090909091,0.11924162900752643,"[2, 2, 0, 2, 2, 2, 2, 1, 2, 2, 2]","[1, 2, 0, 2, 2, 2, 2, 1, 2, 2, 2]","[1, 1, 1, 1, 1, 1, 1, 1, 0, 0, 2, 0, 0, 1, 1, 0, 0, 0, 0, 0, 1, 1, 0, 0, 2, 0, 0, 1, 1, 0, 0, 2, 0, 0, 1, 1, 0, 0, 2, 0, 5, 1, 1, 1, 1, 1, 1, 1, 1]"
30,14,0.0,0.9127551317214966,0.6,0.011546476744115353,"[2, 0, 0, 0, 2, 0, 2, 2, 2, 2]","[1, 2, 2, 2, 2, 0, 2, 2, 2, 2]","[1, 1, 1, 1, 1, 1, 1, 1, 0, 0, 2, 0, 0, 1, 1, 0, 0, 2, 0, 0, 1, 1, 0, 0, 2, 0, 0, 1, 1, 0, 0, 2, 0, 0, 1, 1, 0, 0, 0, 0, 5, 1, 1, 1, 1, 1, 1, 1, 1]"
30,15,0.9265305995941162,0.9494897723197937,0.8888888888888888,0.07065463620661334,"[2, 2, 2, 2, 0, 2, 2, 2, 2]","[2, 2, 2, 2, 1, 2, 2, 2, 2]","[1, 1, 1, 1, 1, 1, 1, 1, 0, 0, 0, 0, 0, 1, 1, 0, 0, 0, 2, 0, 1, 1, 0, 0, 0, 2, 0, 1, 1, 0, 0, 0, 2, 0, 1, 1, 0, 0, 0, 2, 5, 1, 1, 1, 1, 1, 1, 1, 1]"
30,16,0.9494897723197937,0.9586734771728516,0.8,0.08334162842235243,"[2, 2, 0, 2, 2, 2, 0, 2, 2, 2]","[2, 1, 2, 2, 2, 2, 0, 2, 2, 2]","[1, 1, 1, 1, 1, 1, 1, 1, 0, 0, 0, 2, 0, 1, 1, 0, 0, 0, 2, 0, 1, 1, 0, 0, 0, 2, 0, 1, 1, 0, 0, 0, 2, 0, 1, 1, 0, 0, 0, 0, 5, 1, 1, 1, 1, 1, 1, 1, 1]"
30,17,0.954081654548645,0.9494897723197937,0.8888888888888888,0.07667924324050546,"[2, 2, 2, 2, 0, 2, 2, 2, 2]","[2, 2, 2, 2, 1, 2, 2, 2, 2]","[1, 1, 1, 1, 1, 1, 1, 1, 0, 0, 0, 0, 0, 1, 1, 0, 0, 0, 2, 0, 1, 1, 0, 0, 0, 2, 0, 1, 1, 0, 0, 0, 2, 0, 1, 1, 0, 0, 0, 2, 5, 1, 1, 1, 1, 1, 1, 1, 1]"
30,18,0.9494897723197937,0.9494897723197937,1.0,0.029770194795159827,"[2, 2, 2, 2, 1, 2, 2, 2, 2]","[2, 2, 2, 2, 1, 2, 2, 2, 2]","[1, 1, 1, 1, 1, 1, 1, 1, 0, 0, 0, 0, 0, 1, 1, 0, 2, 0, 0, 0, 1, 1, 0, 2, 0, 0, 0, 1, 1, 0, 2, 0, 0, 0, 1, 1, 0, 2, 0, 0, 5, 1, 1, 1, 1, 1, 1, 1, 1]"
30,19,0.0,0.9494897723197937,0.5454545454545454,0.6245809503693172,"[2, 0, 0, 0, 0, 2, 2, 2, 2, 2, 2]","[1, 2, 2, 2, 0, 2, 2, 2, 2, 1, 2]","[1, 1, 1, 1, 1, 1, 1, 1, 0, 0, 2, 0, 0, 1, 1, 0, 0, 2, 0, 0, 1, 1, 0, 0, 2, 0, 0, 1, 1, 0, 0, 0, 0, 0, 1, 1, 0, 0, 2, 0, 5, 1, 1, 1, 1, 1, 1, 1, 1]"
31,0,0.9265305995941162,0.954081654548645,1.0,0.7335859182158875,"[2, 2, 2, 2, 1, 2, 2, 2, 2]","[2, 2, 2, 2, 1, 2, 2, 2, 2]","[1, 1, 1, 1, 1, 1, 1, 1, 0, 0, 0, 0, 0, 1, 1, 0, 0, 2, 0, 0, 1, 1, 0, 0, 2, 0, 0, 1, 1, 0, 0, 2, 0, 0, 1, 1, 0, 0, 2, 0, 5, 1, 1, 1, 1, 1, 1, 1, 1]"
31,1,0.9494897723197937,0.9494897723197937,0.5454545454545454,0.0011639108043810767,"[2, 0, 0, 0, 0, 2, 2, 2, 2, 0, 2]","[1, 2, 2, 2, 0, 2, 2, 2, 2, 1, 2]","[1, 1, 1, 1, 1, 1, 1, 1, 0, 0, 2, 0, 0, 1, 1, 0, 0, 2, 0, 0, 1, 1, 0, 0, 2, 0, 0, 1, 1, 0, 0, 0, 0, 0, 1, 1, 0, 0, 2, 0, 5, 1, 1, 1, 1, 1, 1, 1, 1]"
31,2,0.9494897723197937,0.9494897723197937,0.9090909090909091,0.019319120021960276,"[2, 2, 2, 0, 2, 2, 2, 1, 2, 2, 2]","[2, 1, 2, 0, 2, 2, 2, 1, 2, 2, 2]","[1, 1, 1, 1, 1, 1, 1, 1, 0, 0, 0, 2, 0, 1, 1, 0, 0, 0, 0, 0, 1, 1, 0, 0, 0, 2, 0, 1, 1, 0, 0, 0, 2, 0, 1, 1, 0, 0, 0, 2, 5, 1, 1, 1, 1, 1, 1, 1, 1]"
31,3,0.9586734771728516,0.9081632494926453,0.5454545454545454,0.13907481740408206,"[2, 2, 0, 0, 0, 0, 2, 2, 2, 0, 2]","[2, 1, 2, 2, 2, 0, 2, 2, 2, 1, 2]","[1, 1, 1, 1, 1, 1, 1, 1, 0, 0, 0, 2, 0, 1, 1, 0, 0, 0, 2, 0, 1, 1, 0, 0, 0, 2, 0, 1, 1, 0, 0, 0, 0, 0, 1, 1, 0, 0, 0, 2, 5, 1, 1, 1, 1, 1, 1, 1, 1]"
31,4,0.9494897723197937,0.9494897723197937,1.0,0.008272081782872026,"[2, 2, 2, 2, 1, 2, 2, 2, 2]","[2, 2, 2, 2, 1, 2, 2, 2, 2]","[1, 1, 1, 1, 1, 1, 1, 1, 0, 0, 0, 0, 0, 1, 1, 0, 0, 2, 0, 0, 1, 1, 0, 0, 2, 0, 0, 1, 1, 0, 0, 2, 0, 0, 1, 1, 0, 0, 2, 0, 5, 1, 1, 1, 1, 1, 1, 1, 1]"
31,5,0.954081654548645,0.9173469543457031,1.0,0.0052436617605218835,"[2, 2, 2, 2, 1, 2, 2, 2, 2]","[2, 2, 2, 2, 1, 2, 2, 2, 2]","[1, 1, 1, 1, 1, 1, 1, 1, 0, 0, 0, 0, 0, 1, 1, 0, 0, 0, 2, 0, 1, 1, 0, 0, 0, 2, 0, 1, 1, 0, 0, 0, 2, 0, 1, 1, 0, 0, 0, 2, 5, 1, 1, 1, 1, 1, 1, 1, 1]"
31,6,0.9494897723197937,0.9265305995941162,1.0,0.15894007781753317,"[1, 2, 2, 0, 2, 2, 2, 2, 1, 2, 2]","[1, 2, 2, 0, 2, 2, 2, 2, 1, 2, 2]","[1, 1, 1, 1, 1, 1, 1, 1, 0, 2, 0, 0, 0, 1, 1, 0, 2, 0, 0, 0, 1, 1, 0, 0, 0, 0, 0, 1, 1, 0, 2, 0, 0, 0, 1, 1, 0, 2, 0, 0, 5, 1, 1, 1, 1, 1, 1, 1, 1]"
31,7,0.9494897723197937,0.954081654548645,1.0,0.0010282247200269592,"[2, 2, 2, 2, 1, 2, 2, 2, 2]","[2, 2, 2, 2, 1, 2, 2, 2, 2]","[1, 1, 1, 1, 1, 1, 1, 1, 0, 0, 0, 0, 0, 1, 1, 0, 2, 0, 0, 0, 1, 1, 0, 2, 0, 0, 0, 1, 1, 0, 2, 0, 0, 0, 1, 1, 0, 2, 0, 0, 5, 1, 1, 1, 1, 1, 1, 1, 1]"
31,8,0.9494897723197937,0.954081654548645,1.0,0.3876154972709554,"[2, 2, 2, 2, 1, 2, 2, 2, 2]","[2, 2, 2, 2, 1, 2, 2, 2, 2]","[1, 1, 1, 1, 1, 1, 1, 1, 0, 0, 0, 0, 0, 1, 1, 0, 0, 0, 2, 0, 1, 1, 0, 0, 0, 2, 0, 1, 1, 0, 0, 0, 2, 0, 1, 1, 0, 0, 0, 2, 5, 1, 1, 1, 1, 1, 1, 1, 1]"
31,9,0.9494897723197937,0.9494897723197937,0.9090909090909091,0.014560973776193956,"[2, 2, 2, 2, 0, 2, 2, 2, 2, 1, 2]","[1, 2, 2, 2, 0, 2, 2, 2, 2, 1, 2]","[1, 1, 1, 1, 1, 1, 1, 1, 0, 0, 2, 0, 0, 1, 1, 0, 0, 2, 0, 0, 1, 1, 0, 0, 2, 0, 0, 1, 1, 0, 0, 0, 0, 0, 1, 1, 0, 0, 2, 0, 5, 1, 1, 1, 1, 1, 1, 1, 1]"
31,10,0.9494897723197937,0.9586734771728516,0.8181818181818182,0.06045118544134311,"[2, 0, 0, 2, 2, 2, 2, 1, 2, 2, 2]","[1, 2, 0, 2, 2, 2, 2, 1, 2, 2, 2]","[1, 1, 1, 1, 1, 1, 1, 1, 0, 0, 2, 0, 0, 1, 1, 0, 0, 0, 0, 0, 1, 1, 0, 0, 2, 0, 0, 1, 1, 0, 0, 2, 0, 0, 1, 1, 0, 0, 2, 0, 5, 1, 1, 1, 1, 1, 1, 1, 1]"
31,11,0.9494897723197937,0.9127551317214966,1.0,0.011285049155251019,"[2, 2, 2, 2, 1, 2, 2, 2, 2]","[2, 2, 2, 2, 1, 2, 2, 2, 2]","[1, 1, 1, 1, 1, 1, 1, 1, 0, 0, 0, 0, 0, 1, 1, 0, 0, 0, 2, 0, 1, 1, 0, 0, 0, 2, 0, 1, 1, 0, 0, 0, 2, 0, 1, 1, 0, 0, 0, 2, 5, 1, 1, 1, 1, 1, 1, 1, 1]"
31,12,0.9494897723197937,0.9494897723197937,0.7,0.010023781087842177,"[2, 2, 0, 0, 2, 2, 0, 2, 2, 2]","[2, 1, 2, 2, 2, 2, 0, 2, 2, 2]","[1, 1, 1, 1, 1, 1, 1, 1, 0, 0, 0, 2, 0, 1, 1, 0, 0, 0, 2, 0, 1, 1, 0, 0, 0, 2, 0, 1, 1, 0, 0, 0, 2, 0, 1, 1, 0, 0, 0, 0, 5, 1, 1, 1, 1, 1, 1, 1, 1]"
31,13,0.9494897723197937,0.0,0.7777777777777778,0.0051007838390598245,"[1, 1, 2, 2, 1, 2, 2, 2, 2]","[2, 2, 2, 2, 1, 2, 2, 2, 2]","[1, 1, 1, 1, 1, 1, 1, 1, 0, 0, 0, 0, 0, 1, 1, 0, 2, 0, 0, 0, 1, 1, 0, 2, 0, 0, 0, 1, 1, 0, 2, 0, 0, 0, 1, 1, 0, 2, 0, 0, 5, 1, 1, 1, 1, 1, 1, 1, 1]"
31,14,0.9494897723197937,0.9586734771728516,1.0,0.06525917506819083,"[2, 2, 2, 2, 1, 2, 2, 2, 2]","[2, 2, 2, 2, 1, 2, 2, 2, 2]","[1, 1, 1, 1, 1, 1, 1, 1, 0, 0, 0, 0, 0, 1, 1, 0, 0, 2, 0, 0, 1, 1, 0, 0, 2, 0, 0, 1, 1, 0, 0, 2, 0, 0, 1, 1, 0, 0, 2, 0, 5, 1, 1, 1, 1, 1, 1, 1, 1]"
31,15,0.9586734771728516,0.9494897723197937,0.8181818181818182,0.007275203859899193,"[2, 2, 0, 0, 2, 2, 2, 1, 2, 2, 2]","[2, 1, 2, 0, 2, 2, 2, 1, 2, 2, 2]","[1, 1, 1, 1, 1, 1, 1, 1, 0, 0, 0, 2, 0, 1, 1, 0, 0, 0, 0, 0, 1, 1, 0, 0, 0, 2, 0, 1, 1, 0, 0, 0, 2, 0, 1, 1, 0, 0, 0, 2, 5, 1, 1, 1, 1, 1, 1, 1, 1]"
31,16,0.9494897723197937,0.954081654548645,1.0,0.029355867933999334,"[2, 2, 2, 2, 1, 2, 2, 2, 2]","[2, 2, 2, 2, 1, 2, 2, 2, 2]","[1, 1, 1, 1, 1, 1, 1, 1, 0, 0, 0, 0, 0, 1, 1, 0, 0, 2, 0, 0, 1, 1, 0, 0, 2, 0, 0, 1, 1, 0, 0, 2, 0, 0, 1, 1, 0, 0, 2, 0, 5, 1, 1, 1, 1, 1, 1, 1, 1]"
31,17,0.9494897723197937,0.9586734771728516,0.8181818181818182,0.04553330473053003,"[2, 2, 2, 0, 0, 2, 2, 2, 1, 2, 2]","[2, 1, 2, 2, 0, 2, 2, 2, 1, 2, 2]","[1, 1, 1, 1, 1, 1, 1, 1, 0, 0, 0, 2, 0, 1, 1, 0, 0, 0, 2, 0, 1, 1, 0, 0, 0, 0, 0, 1, 1, 0, 0, 0, 2, 0, 1, 1, 0, 0, 0, 2, 5, 1, 1, 1, 1, 1, 1, 1, 1]"
31,18,0.0,0.9494897723197937,0.8181818181818182,0.0015443659600956987,"[2, 0, 0, 2, 2, 2, 2, 1, 2, 2, 2]","[1, 2, 0, 2, 2, 2, 2, 1, 2, 2, 2]","[1, 1, 1, 1, 1, 1, 1, 1, 0, 0, 2, 0, 0, 1, 1, 0, 0, 0, 0, 0, 1, 1, 0, 0, 2, 0, 0, 1, 1, 0, 0, 2, 0, 0, 1, 1, 0, 0, 2, 0, 5, 1, 1, 1, 1, 1, 1, 1, 1]"
31,19,0.0,0.9494897723197937,0.7272727272727273,0.0241627653220868,"[2, 2, 0, 0, 0, 2, 2, 2, 1, 2, 2]","[2, 1, 2, 2, 0, 2, 2, 2, 1, 2, 2]","[1, 1, 1, 1, 1, 1, 1, 1, 0, 0, 0, 2, 0, 1, 1, 0, 0, 0, 2, 0, 1, 1, 0, 0, 0, 0, 0, 1, 1, 0, 0, 0, 2, 0, 1, 1, 0, 0, 0, 2, 5, 1, 1, 1, 1, 1, 1, 1, 1]"
32,0,0.9494897723197937,0.954081654548645,0.6363636363636364,0.03399778574166703,"[2, 2, 0, 0, 0, 0, 2, 2, 2, 1, 2]","[2, 1, 2, 2, 2, 0, 2, 2, 2, 1, 2]","[1, 1, 1, 1, 1, 1, 1, 1, 0, 0, 0, 2, 0, 1, 1, 0, 0, 0, 2, 0, 1, 1, 0, 0, 0, 2, 0, 1, 1, 0, 0, 0, 0, 0, 1, 1, 0, 0, 0, 2, 5, 1, 1, 1, 1, 1, 1, 1, 1]"
32,1,0.9586734771728516,0.954081654548645,0.6,0.0029392602558469994,"[2, 2, 0, 0, 0, 2, 0, 2, 2, 2]","[2, 1, 2, 2, 2, 2, 0, 2, 2, 2]","[1, 1, 1, 1, 1, 1, 1, 1, 0, 0, 0, 2, 0, 1, 1, 0, 0, 0, 2, 0, 1, 1, 0, 0, 0, 2, 0, 1, 1, 0, 0, 0, 2, 0, 1, 1, 0, 0, 0, 0, 5, 1, 1, 1, 1, 1, 1, 1, 1]"
32,2,0.9494897723197937,0.9494897723197937,0.7272727272727273,0.025586419400166382,"[1, 2, 1, 2, 2, 2, 2, 2, 2, 0, 2]","[1, 2, 2, 2, 0, 2, 2, 2, 2, 1, 2]","[1, 1, 1, 1, 1, 1, 1, 1, 0, 2, 0, 0, 0, 1, 1, 0, 2, 0, 0, 0, 1, 1, 0, 2, 0, 0, 0, 1, 1, 0, 0, 0, 0, 0, 1, 1, 0, 2, 0, 0, 5, 1, 1, 1, 1, 1, 1, 1, 1]"
32,3,0.954081654548645,0.9494897723197937,0.8181818181818182,0.02169028930236689,"[2, 2, 0, 0, 2, 2, 2, 1, 2, 2, 2]","[2, 1, 2, 0, 2, 2, 2, 1, 2, 2, 2]","[1, 1, 1, 1, 1, 1, 1, 1, 0, 0, 0, 2, 0, 1, 1, 0, 0, 0, 0, 0, 1, 1, 0, 0, 0, 2, 0, 1, 1, 0, 0, 0, 2, 0, 1, 1, 0, 0, 0, 2, 5, 1, 1, 1, 1, 1, 1, 1, 1]"
32,4,0.9586734771728516,0.9494897723197937,1.0,0.003730004478711635,"[1, 2, 2, 2, 2, 0, 2, 2, 2, 2]","[1, 2, 2, 2, 2, 0, 2, 2, 2, 2]","[1, 1, 1, 1, 1, 1, 1, 1, 0, 2, 0, 0, 0, 1, 1, 0, 2, 0, 0, 0, 1, 1, 0, 2, 0, 0, 0, 1, 1, 0, 2, 0, 0, 0, 1, 1, 0, 0, 0, 0, 5, 1, 1, 1, 1, 1, 1, 1, 1]"
32,5,0.9494897723197937,0.9586734771728516,0.7272727272727273,0.0188964304048568,"[2, 2, 0, 0, 0, 2, 2, 2, 1, 2, 2]","[2, 1, 2, 2, 0, 2, 2, 2, 1, 2, 2]","[1, 1, 1, 1, 1, 1, 1, 1, 0, 0, 0, 2, 0, 1, 1, 0, 0, 0, 2, 0, 1, 1, 0, 0, 0, 0, 0, 1, 1, 0, 0, 0, 2, 0, 1, 1, 0, 0, 0, 2, 5, 1, 1, 1, 1, 1, 1, 1, 1]"
32,6,0.9494897723197937,0.0,0.6,0.0005436632604364099,"[2, 2, 0, 0, 0, 2, 0, 2, 2, 2]","[2, 1, 2, 2, 2, 2, 0, 2, 2, 2]","[1, 1, 1, 1, 1, 1, 1, 1, 0, 0, 0, 2, 0, 1, 1, 0, 0, 0, 2, 0, 1, 1, 0, 0, 0, 2, 0, 1, 1, 0, 0, 0, 2, 0, 1, 1, 0, 0, 0, 0, 5, 1, 1, 1, 1, 1, 1, 1, 1]"
32,7,0.9494897723197937,0.0,1.0,0.00990381686675722,"[1, 2, 2, 2, 0, 2, 2, 2, 2, 1, 2]","[1, 2, 2, 2, 0, 2, 2, 2, 2, 1, 2]","[1, 1, 1, 1, 1, 1, 1, 1, 0, 2, 0, 0, 0, 1, 1, 0, 2, 0, 0, 0, 1, 1, 0, 2, 0, 0, 0, 1, 1, 0, 0, 0, 0, 0, 1, 1, 0, 2, 0, 0, 5, 1, 1, 1, 1, 1, 1, 1, 1]"
32,8,0.0,0.9494897723197937,1.0,0.048770229131068016,"[1, 2, 2, 2, 2, 0, 2, 2, 2, 2]","[1, 2, 2, 2, 2, 0, 2, 2, 2, 2]","[1, 1, 1, 1, 1, 1, 1, 1, 0, 2, 0, 0, 0, 1, 1, 0, 2, 0, 0, 0, 1, 1, 0, 2, 0, 0, 0, 1, 1, 0, 2, 0, 0, 0, 1, 1, 0, 0, 0, 0, 5, 1, 1, 1, 1, 1, 1, 1, 1]"
32,9,0.0,0.9494897723197937,0.8888888888888888,0.04004894264508039,"[2, 2, 2, 2, 0, 2, 2, 2, 2]","[2, 2, 2, 2, 1, 2, 2, 2, 2]","[1, 1, 1, 1, 1, 1, 1, 1, 0, 0, 0, 0, 0, 1, 1, 0, 0, 2, 0, 0, 1, 1, 0, 0, 2, 0, 0, 1, 1, 0, 0, 2, 0, 0, 1, 1, 0, 0, 2, 0, 5, 1, 1, 1, 1, 1, 1, 1, 1]"
32,10,0.9494897723197937,0.9586734771728516,0.8181818181818182,0.059258052715449594,"[2, 2, 0, 0, 2, 2, 2, 1, 2, 2, 2]","[2, 1, 2, 0, 2, 2, 2, 1, 2, 2, 2]","[1, 1, 1, 1, 1, 1, 1, 1, 0, 0, 0, 2, 0, 1, 1, 0, 0, 0, 0, 0, 1, 1, 0, 0, 0, 2, 0, 1, 1, 0, 0, 0, 2, 0, 1, 1, 0, 0, 0, 2, 5, 1, 1, 1, 1, 1, 1, 1, 1]"
32,11,0.9494897723197937,0.9494897723197937,0.6363636363636364,0.15960673247464002,"[2, 0, 0, 0, 0, 2, 2, 2, 2, 1, 2]","[1, 2, 2, 2, 0, 2, 2, 2, 2, 1, 2]","[1, 1, 1, 1, 1, 1, 1, 1, 0, 0, 2, 0, 0, 1, 1, 0, 0, 2, 0, 0, 1, 1, 0, 0, 2, 0, 0, 1, 1, 0, 0, 0, 0, 0, 1, 1, 0, 0, 2, 0, 5, 1, 1, 1, 1, 1, 1, 1, 1]"
32,12,0.9494897723197937,0.9586734771728516,1.0,0.3007492520412839,"[2, 2, 2, 2, 1, 2, 2, 2, 2]","[2, 2, 2, 2, 1, 2, 2, 2, 2]","[1, 1, 1, 1, 1, 1, 1, 1, 0, 0, 0, 0, 0, 1, 1, 0, 0, 0, 2, 0, 1, 1, 0, 0, 0, 2, 0, 1, 1, 0, 0, 0, 2, 0, 1, 1, 0, 0, 0, 2, 5, 1, 1, 1, 1, 1, 1, 1, 1]"
32,13,0.954081654548645,0.9586734771728516,0.5454545454545454,0.04462897817290429,"[2, 2, 0, 0, 0, 0, 2, 2, 2, 0, 2]","[2, 1, 2, 2, 2, 0, 2, 2, 2, 1, 2]","[1, 1, 1, 1, 1, 1, 1, 1, 0, 0, 0, 2, 0, 1, 1, 0, 0, 0, 2, 0, 1, 1, 0, 0, 0, 2, 0, 1, 1, 0, 0, 0, 0, 0, 1, 1, 0, 0, 0, 2, 5, 1, 1, 1, 1, 1, 1, 1, 1]"
32,14,0.9494897723197937,0.9494897723197937,1.0,0.047942348919935866,"[1, 2, 2, 2, 2, 0, 2, 2, 2, 2]","[1, 2, 2, 2, 2, 0, 2, 2, 2, 2]","[1, 1, 1, 1, 1, 1, 1, 1, 0, 2, 0, 0, 0, 1, 1, 0, 2, 0, 0, 0, 1, 1, 0, 2, 0, 0, 0, 1, 1, 0, 2, 0, 0, 0, 1, 1, 0, 0, 0, 0, 5, 1, 1, 1, 1, 1, 1, 1, 1]"
32,15,0.9586734771728516,0.9586734771728516,0.8181818181818182,0.057655442698160184,"[2, 2, 0, 0, 2, 2, 2, 1, 2, 2, 2]","[2, 1, 2, 0, 2, 2, 2, 1, 2, 2, 2]","[1, 1, 1, 1, 1, 1, 1, 1, 0, 0, 0, 2, 0, 1, 1, 0, 0, 0, 0, 0, 1, 1, 0, 0, 0, 2, 0, 1, 1, 0, 0, 0, 2, 0, 1, 1, 0, 0, 0, 2, 5, 1, 1, 1, 1, 1, 1, 1, 1]"
32,16,0.954081654548645,0.0,0.5454545454545454,0.14451332249690926,"[2, 0, 0, 0, 0, 2, 2, 2, 2, 0, 2]","[1, 2, 2, 2, 0, 2, 2, 2, 2, 1, 2]","[1, 1, 1, 1, 1, 1, 1, 1, 0, 0, 2, 0, 0, 1, 1, 0, 0, 2, 0, 0, 1, 1, 0, 0, 2, 0, 0, 1, 1, 0, 0, 0, 0, 0, 1, 1, 0, 0, 2, 0, 5, 1, 1, 1, 1, 1, 1, 1, 1]"
32,17,0.9494897723197937,0.9494897723197937,1.0,0.02843188294597591,"[2, 2, 2, 2, 1, 2, 2, 2, 2]","[2, 2, 2, 2, 1, 2, 2, 2, 2]","[1, 1, 1, 1, 1, 1, 1, 1, 0, 0, 0, 0, 0, 1, 1, 0, 2, 0, 0, 0, 1, 1, 0, 2, 0, 0, 0, 1, 1, 0, 2, 0, 0, 0, 1, 1, 0, 2, 0, 0, 5, 1, 1, 1, 1, 1, 1, 1, 1]"
32,18,0.954081654548645,0.954081654548645,1.0,0.005478795670734888,"[1, 2, 0, 2, 2, 2, 2, 1, 2, 2, 2]","[1, 2, 0, 2, 2, 2, 2, 1, 2, 2, 2]","[1, 1, 1, 1, 1, 1, 1, 1, 0, 2, 0, 0, 0, 1, 1, 0, 0, 0, 0, 0, 1, 1, 0, 2, 0, 0, 0, 1, 1, 0, 2, 0, 0, 0, 1, 1, 0, 2, 0, 0, 5, 1, 1, 1, 1, 1, 1, 1, 1]"
32,19,0.9494897723197937,0.954081654548645,0.8181818181818182,0.42885525580685663,"[2, 2, 0, 0, 2, 2, 2, 2, 1, 2, 2]","[1, 2, 2, 0, 2, 2, 2, 2, 1, 2, 2]","[1, 1, 1, 1, 1, 1, 1, 1, 0, 0, 2, 0, 0, 1, 1, 0, 0, 2, 0, 0, 1, 1, 0, 0, 0, 0, 0, 1, 1, 0, 0, 2, 0, 0, 1, 1, 0, 0, 2, 0, 5, 1, 1, 1, 1, 1, 1, 1, 1]"
33,0,0.0,0.0,0.8181818181818182,0.12530896067619324,"[2, 0, 0, 2, 2, 2, 2, 1, 2, 2, 2]","[1, 2, 0, 2, 2, 2, 2, 1, 2, 2, 2]","[1, 1, 1, 1, 1, 1, 1, 1, 0, 0, 2, 0, 0, 1, 1, 0, 0, 0, 0, 0, 1, 1, 0, 0, 2, 0, 0, 1, 1, 0, 0, 2, 0, 0, 1, 1, 0, 0, 2, 0, 5, 1, 1, 1, 1, 1, 1, 1, 1]"
33,1,0.9494897723197937,0.9586734771728516,0.5454545454545454,0.02617989918217063,"[2, 2, 2, 0, 0, 2, 2, 2, 2, 0, 2]","[2, 1, 2, 2, 2, 0, 2, 2, 2, 1, 2]","[1, 1, 1, 1, 1, 1, 1, 1, 0, 0, 0, 2, 0, 1, 1, 0, 0, 0, 2, 0, 1, 1, 0, 0, 0, 2, 0, 1, 1, 0, 0, 0, 0, 0, 1, 1, 0, 0, 0, 2, 5, 1, 1, 1, 1, 1, 1, 1, 1]"
33,2,0.9494897723197937,0.9494897723197937,1.0,0.030248862602352995,"[2, 2, 2, 2, 1, 2, 2, 2, 2]","[2, 2, 2, 2, 1, 2, 2, 2, 2]","[1, 1, 1, 1, 1, 1, 1, 1, 0, 0, 0, 0, 0, 1, 1, 0, 0, 0, 2, 0, 1, 1, 0, 0, 0, 2, 0, 1, 1, 0, 0, 0, 2, 0, 1, 1, 0, 0, 0, 2, 5, 1, 1, 1, 1, 1, 1, 1, 1]"
33,3,0.9494897723197937,0.9494897723197937,0.5,0.0009940574765840377,"[2, 0, 0, 0, 0, 0, 2, 2, 2, 2]","[1, 2, 2, 2, 2, 0, 2, 2, 2, 2]","[1, 1, 1, 1, 1, 1, 1, 1, 0, 0, 2, 0, 0, 1, 1, 0, 0, 2, 0, 0, 1, 1, 0, 0, 2, 0, 0, 1, 1, 0, 0, 2, 0, 0, 1, 1, 0, 0, 0, 0, 5, 1, 1, 1, 1, 1, 1, 1, 1]"
33,4,0.954081654548645,0.0,1.0,0.029448463616427036,"[1, 2, 2, 2, 2, 0, 2, 2, 2, 2]","[1, 2, 2, 2, 2, 0, 2, 2, 2, 2]","[1, 1, 1, 1, 1, 1, 1, 1, 0, 2, 0, 0, 0, 1, 1, 0, 2, 0, 0, 0, 1, 1, 0, 2, 0, 0, 0, 1, 1, 0, 2, 0, 0, 0, 1, 1, 0, 0, 0, 0, 5, 1, 1, 1, 1, 1, 1, 1, 1]"
33,5,0.9494897723197937,0.0,0.45454545454545453,0.03178461434700611,"[2, 2, 0, 0, 0, 2, 2, 2, 2, 0, 2]","[2, 1, 2, 2, 2, 0, 2, 2, 2, 1, 2]","[1, 1, 1, 1, 1, 1, 1, 1, 0, 0, 0, 2, 0, 1, 1, 0, 0, 0, 2, 0, 1, 1, 0, 0, 0, 2, 0, 1, 1, 0, 0, 0, 0, 0, 1, 1, 0, 0, 0, 2, 5, 1, 1, 1, 1, 1, 1, 1, 1]"
33,6,0.9494897723197937,0.0,0.5454545454545454,0.003820917057138021,"[2, 2, 0, 0, 0, 2, 2, 2, 2, 1, 2]","[2, 1, 2, 2, 2, 0, 2, 2, 2, 1, 2]","[1, 1, 1, 1, 1, 1, 1, 1, 0, 0, 0, 2, 0, 1, 1, 0, 0, 0, 2, 0, 1, 1, 0, 0, 0, 2, 0, 1, 1, 0, 0, 0, 0, 0, 1, 1, 0, 0, 0, 2, 5, 1, 1, 1, 1, 1, 1, 1, 1]"
33,7,0.9494897723197937,0.9265305995941162,1.0,0.006962242345748978,"[1, 2, 2, 2, 2, 0, 2, 2, 2, 2]","[1, 2, 2, 2, 2, 0, 2, 2, 2, 2]","[1, 1, 1, 1, 1, 1, 1, 1, 0, 2, 0, 0, 0, 1, 1, 0, 2, 0, 0, 0, 1, 1, 0, 2, 0, 0, 0, 1, 1, 0, 2, 0, 0, 0, 1, 1, 0, 0, 0, 0, 5, 1, 1, 1, 1, 1, 1, 1, 1]"
33,8,0.954081654548645,0.9494897723197937,0.7272727272727273,0.3402527484577149,"[2, 0, 0, 2, 2, 2, 2, 0, 2, 2, 2]","[1, 2, 0, 2, 2, 2, 2, 1, 2, 2, 2]","[1, 1, 1, 1, 1, 1, 1, 1, 0, 0, 2, 0, 0, 1, 1, 0, 0, 0, 0, 0, 1, 1, 0, 0, 2, 0, 0, 1, 1, 0, 0, 2, 0, 0, 1, 1, 0, 0, 2, 0, 5, 1, 1, 1, 1, 1, 1, 1, 1]"
33,9,0.9494897723197937,0.9494897723197937,0.8888888888888888,0.005691229228184305,"[2, 2, 2, 2, 0, 2, 2, 2, 2]","[2, 2, 2, 2, 1, 2, 2, 2, 2]","[1, 1, 1, 1, 1, 1, 1, 1, 0, 0, 0, 0, 0, 1, 1, 0, 0, 2, 0, 0, 1, 1, 0, 0, 2, 0, 0, 1, 1, 0, 0, 2, 0, 0, 1, 1, 0, 0, 2, 0, 5, 1, 1, 1, 1, 1, 1, 1, 1]"
33,10,0.9586734771728516,0.9586734771728516,1.0,0.07283890609895545,"[2, 2, 2, 2, 1, 2, 2, 2, 2]","[2, 2, 2, 2, 1, 2, 2, 2, 2]","[1, 1, 1, 1, 1, 1, 1, 1, 0, 0, 0, 0, 0, 1, 1, 0, 2, 0, 0, 0, 1, 1, 0, 2, 0, 0, 0, 1, 1, 0, 2, 0, 0, 0, 1, 1, 0, 2, 0, 0, 5, 1, 1, 1, 1, 1, 1, 1, 1]"
33,11,0.0,0.0,0.9090909090909091,0.0176841419966617,"[1, 2, 2, 2, 2, 2, 2, 1, 2, 2, 2]","[1, 2, 0, 2, 2, 2, 2, 1, 2, 2, 2]","[1, 1, 1, 1, 1, 1, 1, 1, 0, 2, 0, 0, 0, 1, 1, 0, 0, 0, 0, 0, 1, 1, 0, 2, 0, 0, 0, 1, 1, 0, 2, 0, 0, 0, 1, 1, 0, 2, 0, 0, 5, 1, 1, 1, 1, 1, 1, 1, 1]"
33,12,0.9494897723197937,0.9494897723197937,0.8888888888888888,0.12763519032931964,"[2, 2, 2, 2, 0, 2, 2, 2, 2]","[2, 2, 2, 2, 1, 2, 2, 2, 2]","[1, 1, 1, 1, 1, 1, 1, 1, 0, 0, 0, 0, 0, 1, 1, 0, 2, 0, 0, 0, 1, 1, 0, 2, 0, 0, 0, 1, 1, 0, 2, 0, 0, 0, 1, 1, 0, 2, 0, 0, 5, 1, 1, 1, 1, 1, 1, 1, 1]"
33,13,0.954081654548645,0.9494897723197937,1.0,0.05591327953776012,"[1, 2, 2, 2, 0, 2, 2, 2, 2, 1, 2]","[1, 2, 2, 2, 0, 2, 2, 2, 2, 1, 2]","[1, 1, 1, 1, 1, 1, 1, 1, 0, 2, 0, 0, 0, 1, 1, 0, 2, 0, 0, 0, 1, 1, 0, 2, 0, 0, 0, 1, 1, 0, 0, 0, 0, 0, 1, 1, 0, 2, 0, 0, 5, 1, 1, 1, 1, 1, 1, 1, 1]"
33,14,0.0,0.0,1.0,0.006266969841297916,"[2, 2, 2, 2, 1, 2, 2, 2, 2]","[2, 2, 2, 2, 1, 2, 2, 2, 2]","[1, 1, 1, 1, 1, 1, 1, 1, 0, 0, 0, 0, 0, 1, 1, 0, 2, 0, 0, 0, 1, 1, 0, 2, 0, 0, 0, 1, 1, 0, 2, 0, 0, 0, 1, 1, 0, 2, 0, 0, 5, 1, 1, 1, 1, 1, 1, 1, 1]"
33,15,0.0,0.9494897723197937,1.0,0.010485642224375624,"[1, 2, 2, 2, 0, 2, 2, 2, 2, 1, 2]","[1, 2, 2, 2, 0, 2, 2, 2, 2, 1, 2]","[1, 1, 1, 1, 1, 1, 1, 1, 0, 2, 0, 0, 0, 1, 1, 0, 2, 0, 0, 0, 1, 1, 0, 2, 0, 0, 0, 1, 1, 0, 0, 0, 0, 0, 1, 1, 0, 2, 0, 0, 5, 1, 1, 1, 1, 1, 1, 1, 1]"
33,16,0.9494897723197937,0.0,0.7,0.0590789779816987,"[2, 2, 0, 2, 0, 2, 0, 2, 2, 2]","[2, 1, 2, 2, 2, 2, 0, 2, 2, 2]","[1, 1, 1, 1, 1, 1, 1, 1, 0, 0, 0, 2, 0, 1, 1, 0, 0, 0, 2, 0, 1, 1, 0, 0, 0, 2, 0, 1, 1, 0, 0, 0, 2, 0, 1, 1, 0, 0, 0, 0, 5, 1, 1, 1, 1, 1, 1, 1, 1]"
33,17,0.954081654548645,0.9494897723197937,0.8181818181818182,0.012475783449851653,"[2, 0, 0, 2, 2, 2, 2, 1, 2, 2, 2]","[1, 2, 0, 2, 2, 2, 2, 1, 2, 2, 2]","[1, 1, 1, 1, 1, 1, 1, 1, 0, 0, 2, 0, 0, 1, 1, 0, 0, 0, 0, 0, 1, 1, 0, 0, 2, 0, 0, 1, 1, 0, 0, 2, 0, 0, 1, 1, 0, 0, 2, 0, 5, 1, 1, 1, 1, 1, 1, 1, 1]"
33,18,0.9494897723197937,0.9494897723197937,0.8888888888888888,0.01725522062042728,"[2, 2, 2, 2, 0, 2, 2, 2, 2]","[2, 2, 2, 2, 1, 2, 2, 2, 2]","[1, 1, 1, 1, 1, 1, 1, 1, 0, 0, 0, 0, 0, 1, 1, 0, 0, 0, 2, 0, 1, 1, 0, 0, 0, 2, 0, 1, 1, 0, 0, 0, 2, 0, 1, 1, 0, 0, 0, 2, 5, 1, 1, 1, 1, 1, 1, 1, 1]"
33,19,0.9494897723197937,0.0,0.8181818181818182,0.026092025195248426,"[2, 2, 2, 0, 0, 2, 2, 2, 1, 2, 2]","[2, 1, 2, 2, 0, 2, 2, 2, 1, 2, 2]","[1, 1, 1, 1, 1, 1, 1, 1, 0, 0, 0, 2, 0, 1, 1, 0, 0, 0, 2, 0, 1, 1, 0, 0, 0, 0, 0, 1, 1, 0, 0, 0, 2, 0, 1, 1, 0, 0, 0, 2, 5, 1, 1, 1, 1, 1, 1, 1, 1]"
34,0,0.9586734771728516,0.9494897723197937,1.0,0.004739791529977487,"[2, 2, 2, 2, 1, 2, 2, 2, 2]","[2, 2, 2, 2, 1, 2, 2, 2, 2]","[1, 1, 1, 1, 1, 1, 1, 1, 0, 0, 0, 0, 0, 1, 1, 0, 2, 0, 0, 0, 1, 1, 0, 2, 0, 0, 0, 1, 1, 0, 2, 0, 0, 0, 1, 1, 0, 2, 0, 0, 5, 1, 1, 1, 1, 1, 1, 1, 1]"
34,1,0.9494897723197937,0.0,0.9090909090909091,0.044261343324453466,"[2, 2, 2, 2, 0, 2, 2, 2, 1, 2, 2]","[2, 1, 2, 2, 0, 2, 2, 2, 1, 2, 2]","[1, 1, 1, 1, 1, 1, 1, 1, 0, 0, 0, 2, 0, 1, 1, 0, 0, 0, 2, 0, 1, 1, 0, 0, 0, 0, 0, 1, 1, 0, 0, 0, 2, 0, 1, 1, 0, 0, 0, 2, 5, 1, 1, 1, 1, 1, 1, 1, 1]"
34,2,0.0,0.9311224222183228,0.9090909090909091,0.06886748475436535,"[1, 2, 2, 2, 0, 2, 2, 2, 2, 0, 2]","[1, 2, 2, 2, 0, 2, 2, 2, 2, 1, 2]","[1, 1, 1, 1, 1, 1, 1, 1, 0, 2, 0, 0, 0, 1, 1, 0, 2, 0, 0, 0, 1, 1, 0, 2, 0, 0, 0, 1, 1, 0, 0, 0, 0, 0, 1, 1, 0, 2, 0, 0, 5, 1, 1, 1, 1, 1, 1, 1, 1]"
34,3,0.9494897723197937,0.9494897723197937,0.6,0.0011289702862003733,"[2, 2, 0, 0, 0, 2, 0, 2, 2, 2]","[2, 1, 2, 2, 2, 2, 0, 2, 2, 2]","[1, 1, 1, 1, 1, 1, 1, 1, 0, 0, 0, 2, 0, 1, 1, 0, 0, 0, 2, 0, 1, 1, 0, 0, 0, 2, 0, 1, 1, 0, 0, 0, 2, 0, 1, 1, 0, 0, 0, 0, 5, 1, 1, 1, 1, 1, 1, 1, 1]"
34,4,0.9494897723197937,0.9494897723197937,1.0,0.008757507026364858,"[1, 2, 2, 0, 2, 2, 2, 2, 1, 2, 2]","[1, 2, 2, 0, 2, 2, 2, 2, 1, 2, 2]","[1, 1, 1, 1, 1, 1, 1, 1, 0, 2, 0, 0, 0, 1, 1, 0, 2, 0, 0, 0, 1, 1, 0, 0, 0, 0, 0, 1, 1, 0, 2, 0, 0, 0, 1, 1, 0, 2, 0, 0, 5, 1, 1, 1, 1, 1, 1, 1, 1]"
34,5,0.9494897723197937,0.9494897723197937,0.6363636363636364,0.011921882974671793,"[2, 0, 0, 0, 0, 2, 2, 2, 2, 1, 2]","[1, 2, 2, 2, 0, 2, 2, 2, 2, 1, 2]","[1, 1, 1, 1, 1, 1, 1, 1, 0, 0, 2, 0, 0, 1, 1, 0, 0, 2, 0, 0, 1, 1, 0, 0, 2, 0, 0, 1, 1, 0, 0, 0, 0, 0, 1, 1, 0, 0, 2, 0, 5, 1, 1, 1, 1, 1, 1, 1, 1]"
34,6,0.954081654548645,0.9586734771728516,1.0,0.027759308252081446,"[1, 2, 0, 2, 2, 2, 2, 1, 2, 2, 2]","[1, 2, 0, 2, 2, 2, 2, 1, 2, 2, 2]","[1, 1, 1, 1, 1, 1, 1, 1, 0, 2, 0, 0, 0, 1, 1, 0, 0, 0, 0, 0, 1, 1, 0, 2, 0, 0, 0, 1, 1, 0, 2, 0, 0, 0, 1, 1, 0, 2, 0, 0, 5, 1, 1, 1, 1, 1, 1, 1, 1]"
34,7,0.954081654548645,0.9586734771728516,0.8181818181818182,0.02633336643736005,"[2, 0, 0, 2, 2, 2, 2, 1, 2, 2, 2]","[1, 2, 0, 2, 2, 2, 2, 1, 2, 2, 2]","[1, 1, 1, 1, 1, 1, 1, 1, 0, 0, 2, 0, 0, 1, 1, 0, 0, 0, 0, 0, 1, 1, 0, 0, 2, 0, 0, 1, 1, 0, 0, 2, 0, 0, 1, 1, 0, 0, 2, 0, 5, 1, 1, 1, 1, 1, 1, 1, 1]"
34,8,0.9586734771728516,0.9494897723197937,1.0,0.007109684218779545,"[2, 2, 2, 2, 1, 2, 2, 2, 2]","[2, 2, 2, 2, 1, 2, 2, 2, 2]","[1, 1, 1, 1, 1, 1, 1, 1, 0, 0, 0, 0, 0, 1, 1, 0, 2, 0, 0, 0, 1, 1, 0, 2, 0, 0, 0, 1, 1, 0, 2, 0, 0, 0, 1, 1, 0, 2, 0, 0, 5, 1, 1, 1, 1, 1, 1, 1, 1]"
34,9,0.9173469543457031,0.9494897723197937,0.9090909090909091,0.7513480472345171,"[1, 2, 0, 2, 2, 2, 2, 2, 2, 2, 2]","[1, 2, 0, 2, 2, 2, 2, 1, 2, 2, 2]","[1, 1, 1, 1, 1, 1, 1, 1, 0, 2, 0, 0, 0, 1, 1, 0, 0, 0, 0, 0, 1, 1, 0, 2, 0, 0, 0, 1, 1, 0, 2, 0, 0, 0, 1, 1, 0, 2, 0, 0, 5, 1, 1, 1, 1, 1, 1, 1, 1]"
34,10,0.954081654548645,0.954081654548645,0.6,0.0006761474108894948,"[2, 2, 0, 0, 0, 2, 0, 2, 2, 2]","[2, 1, 2, 2, 2, 2, 0, 2, 2, 2]","[1, 1, 1, 1, 1, 1, 1, 1, 0, 0, 0, 2, 0, 1, 1, 0, 0, 0, 2, 0, 1, 1, 0, 0, 0, 2, 0, 1, 1, 0, 0, 0, 2, 0, 1, 1, 0, 0, 0, 0, 5, 1, 1, 1, 1, 1, 1, 1, 1]"
34,11,0.954081654548645,0.9494897723197937,0.7272727272727273,0.0040471831220202144,"[2, 2, 0, 0, 0, 2, 2, 2, 1, 2, 2]","[2, 1, 2, 2, 0, 2, 2, 2, 1, 2, 2]","[1, 1, 1, 1, 1, 1, 1, 1, 0, 0, 0, 2, 0, 1, 1, 0, 0, 0, 2, 0, 1, 1, 0, 0, 0, 0, 0, 1, 1, 0, 0, 0, 2, 0, 1, 1, 0, 0, 0, 2, 5, 1, 1, 1, 1, 1, 1, 1, 1]"
34,12,0.9586734771728516,0.9494897723197937,1.0,0.005744681816643358,"[2, 2, 2, 2, 1, 2, 2, 2, 2]","[2, 2, 2, 2, 1, 2, 2, 2, 2]","[1, 1, 1, 1, 1, 1, 1, 1, 0, 0, 0, 0, 0, 1, 1, 0, 2, 0, 0, 0, 1, 1, 0, 2, 0, 0, 0, 1, 1, 0, 2, 0, 0, 0, 1, 1, 0, 2, 0, 0, 5, 1, 1, 1, 1, 1, 1, 1, 1]"
34,13,0.9494897723197937,0.954081654548645,0.5454545454545454,0.06252729442591469,"[2, 2, 0, 0, 2, 2, 2, 2, 2, 0, 2]","[1, 2, 2, 2, 0, 2, 2, 2, 2, 1, 2]","[1, 1, 1, 1, 1, 1, 1, 1, 0, 0, 2, 0, 0, 1, 1, 0, 0, 2, 0, 0, 1, 1, 0, 0, 2, 0, 0, 1, 1, 0, 0, 0, 0, 0, 1, 1, 0, 0, 2, 0, 5, 1, 1, 1, 1, 1, 1, 1, 1]"
34,14,0.954081654548645,0.0,1.0,0.0024406990786600444,"[1, 2, 2, 2, 2, 0, 2, 2, 2, 2]","[1, 2, 2, 2, 2, 0, 2, 2, 2, 2]","[1, 1, 1, 1, 1, 1, 1, 1, 0, 2, 0, 0, 0, 1, 1, 0, 2, 0, 0, 0, 1, 1, 0, 2, 0, 0, 0, 1, 1, 0, 2, 0, 0, 0, 1, 1, 0, 0, 0, 0, 5, 1, 1, 1, 1, 1, 1, 1, 1]"
34,15,0.9494897723197937,0.0,1.0,0.43481239844683783,"[2, 2, 2, 2, 1, 2, 2, 2, 2]","[2, 2, 2, 2, 1, 2, 2, 2, 2]","[1, 1, 1, 1, 1, 1, 1, 1, 0, 0, 0, 0, 0, 1, 1, 0, 0, 2, 0, 0, 1, 1, 0, 0, 2, 0, 0, 1, 1, 0, 0, 2, 0, 0, 1, 1, 0, 0, 2, 0, 5, 1, 1, 1, 1, 1, 1, 1, 1]"
34,16,0.9494897723197937,0.9494897723197937,1.0,0.04485363760717779,"[2, 2, 2, 2, 1, 2, 2, 2, 2]","[2, 2, 2, 2, 1, 2, 2, 2, 2]","[1, 1, 1, 1, 1, 1, 1, 1, 0, 0, 0, 0, 0, 1, 1, 0, 0, 2, 0, 0, 1, 1, 0, 0, 2, 0, 0, 1, 1, 0, 0, 2, 0, 0, 1, 1, 0, 0, 2, 0, 5, 1, 1, 1, 1, 1, 1, 1, 1]"
34,17,0.0,0.9494897723197937,0.9090909090909091,0.17314931294139552,"[1, 2, 2, 0, 2, 2, 2, 2, 2, 2, 2]","[1, 2, 2, 0, 2, 2, 2, 2, 1, 2, 2]","[1, 1, 1, 1, 1, 1, 1, 1, 0, 2, 0, 0, 0, 1, 1, 0, 2, 0, 0, 0, 1, 1, 0, 0, 0, 0, 0, 1, 1, 0, 2, 0, 0, 0, 1, 1, 0, 2, 0, 0, 5, 1, 1, 1, 1, 1, 1, 1, 1]"
34,18,0.954081654548645,0.9403061270713806,0.8888888888888888,0.07507635306947949,"[2, 2, 2, 2, 0, 2, 2, 2, 2]","[2, 2, 2, 2, 1, 2, 2, 2, 2]","[1, 1, 1, 1, 1, 1, 1, 1, 0, 0, 0, 0, 0, 1, 1, 0, 2, 0, 0, 0, 1, 1, 0, 2, 0, 0, 0, 1, 1, 0, 2, 0, 0, 0, 1, 1, 0, 2, 0, 0, 5, 1, 1, 1, 1, 1, 1, 1, 1]"
34,19,0.9494897723197937,0.9494897723197937,1.0,0.012131087471392344,"[1, 2, 2, 0, 2, 2, 2, 2, 1, 2, 2]","[1, 2, 2, 0, 2, 2, 2, 2, 1, 2, 2]","[1, 1, 1, 1, 1, 1, 1, 1, 0, 2, 0, 0, 0, 1, 1, 0, 2, 0, 0, 0, 1, 1, 0, 0, 0, 0, 0, 1, 1, 0, 2, 0, 0, 0, 1, 1, 0, 2, 0, 0, 5, 1, 1, 1, 1, 1, 1, 1, 1]"
35,0,0.9494897723197937,0.9494897723197937,0.5454545454545454,0.12931111044332394,"[2, 0, 0, 0, 0, 2, 2, 2, 2, 0, 2]","[1, 2, 2, 2, 0, 2, 2, 2, 2, 1, 2]","[1, 1, 1, 1, 1, 1, 1, 1, 0, 0, 2, 0, 0, 1, 1, 0, 0, 2, 0, 0, 1, 1, 0, 0, 2, 0, 0, 1, 1, 0, 0, 0, 0, 0, 1, 1, 0, 0, 2, 0, 5, 1, 1, 1, 1, 1, 1, 1, 1]"
35,1,0.9403061270713806,0.9494897723197937,0.8181818181818182,0.5036071837494834,"[0, 2, 2, 2, 0, 2, 2, 2, 2, 0, 2]","[1, 2, 2, 2, 0, 2, 2, 2, 2, 1, 2]","[1, 1, 1, 1, 1, 1, 1, 1, 0, 2, 0, 0, 0, 1, 1, 0, 2, 0, 0, 0, 1, 1, 0, 2, 0, 0, 0, 1, 1, 0, 0, 0, 0, 0, 1, 1, 0, 2, 0, 0, 5, 1, 1, 1, 1, 1, 1, 1, 1]"
35,2,0.9494897723197937,0.9173469543457031,0.6,0.0796524269337004,"[2, 0, 0, 0, 2, 0, 2, 2, 2, 2]","[1, 2, 2, 2, 2, 0, 2, 2, 2, 2]","[1, 1, 1, 1, 1, 1, 1, 1, 0, 0, 2, 0, 0, 1, 1, 0, 0, 2, 0, 0, 1, 1, 0, 0, 2, 0, 0, 1, 1, 0, 0, 2, 0, 0, 1, 1, 0, 0, 0, 0, 5, 1, 1, 1, 1, 1, 1, 1, 1]"
35,3,0.9448979496955872,0.0,0.8181818181818182,0.0108543594410135,"[2, 2, 0, 0, 2, 2, 2, 1, 2, 2, 2]","[2, 1, 2, 0, 2, 2, 2, 1, 2, 2, 2]","[1, 1, 1, 1, 1, 1, 1, 1, 0, 0, 0, 2, 0, 1, 1, 0, 0, 0, 0, 0, 1, 1, 0, 0, 0, 2, 0, 1, 1, 0, 0, 0, 2, 0, 1, 1, 0, 0, 0, 2, 5, 1, 1, 1, 1, 1, 1, 1, 1]"
35,4,0.9173469543457031,0.9494897723197937,0.7777777777777778,0.10451818683941383,"[2, 1, 2, 2, 0, 2, 2, 2, 2]","[2, 2, 2, 2, 1, 2, 2, 2, 2]","[1, 1, 1, 1, 1, 1, 1, 1, 0, 0, 0, 0, 0, 1, 1, 0, 0, 2, 0, 0, 1, 1, 0, 0, 2, 0, 0, 1, 1, 0, 0, 2, 0, 0, 1, 1, 0, 0, 2, 0, 5, 1, 1, 1, 1, 1, 1, 1, 1]"
35,5,0.9081632494926453,0.0,0.6,0.06285534720294751,"[2, 0, 0, 0, 2, 0, 2, 2, 2, 2]","[1, 2, 2, 2, 2, 0, 2, 2, 2, 2]","[1, 1, 1, 1, 1, 1, 1, 1, 0, 0, 2, 0, 0, 1, 1, 0, 0, 2, 0, 0, 1, 1, 0, 0, 2, 0, 0, 1, 1, 0, 0, 2, 0, 0, 1, 1, 0, 0, 0, 0, 5, 1, 1, 1, 1, 1, 1, 1, 1]"
35,6,0.8897958993911743,0.9494897723197937,0.7272727272727273,0.0324405207647942,"[2, 2, 2, 2, 0, 0, 2, 2, 2, 0, 2]","[2, 1, 2, 2, 2, 0, 2, 2, 2, 1, 2]","[1, 1, 1, 1, 1, 1, 1, 1, 0, 0, 0, 2, 0, 1, 1, 0, 0, 0, 2, 0, 1, 1, 0, 0, 0, 2, 0, 1, 1, 0, 0, 0, 0, 0, 1, 1, 0, 0, 0, 2, 5, 1, 1, 1, 1, 1, 1, 1, 1]"
35,7,0.9494897723197937,0.9403061270713806,1.0,0.05442065297716504,"[1, 2, 2, 0, 2, 2, 2, 2, 1, 2, 2]","[1, 2, 2, 0, 2, 2, 2, 2, 1, 2, 2]","[1, 1, 1, 1, 1, 1, 1, 1, 0, 2, 0, 0, 0, 1, 1, 0, 2, 0, 0, 0, 1, 1, 0, 0, 0, 0, 0, 1, 1, 0, 2, 0, 0, 0, 1, 1, 0, 2, 0, 0, 5, 1, 1, 1, 1, 1, 1, 1, 1]"
35,8,0.9494897723197937,0.0,0.8888888888888888,0.11634929074948146,"[2, 2, 2, 2, 0, 2, 2, 2, 2]","[2, 2, 2, 2, 1, 2, 2, 2, 2]","[1, 1, 1, 1, 1, 1, 1, 1, 0, 0, 0, 0, 0, 1, 1, 0, 0, 0, 2, 0, 1, 1, 0, 0, 0, 2, 0, 1, 1, 0, 0, 0, 2, 0, 1, 1, 0, 0, 0, 2, 5, 1, 1, 1, 1, 1, 1, 1, 1]"
35,9,0.954081654548645,0.0,0.8181818181818182,0.005857567797647789,"[2, 2, 0, 0, 2, 2, 2, 2, 1, 2, 2]","[1, 2, 2, 0, 2, 2, 2, 2, 1, 2, 2]","[1, 1, 1, 1, 1, 1, 1, 1, 0, 0, 2, 0, 0, 1, 1, 0, 0, 2, 0, 0, 1, 1, 0, 0, 0, 0, 0, 1, 1, 0, 0, 2, 0, 0, 1, 1, 0, 0, 2, 0, 5, 1, 1, 1, 1, 1, 1, 1, 1]"
35,10,0.0,0.9494897723197937,0.9090909090909091,0.05635577800091018,"[1, 2, 2, 2, 0, 2, 2, 2, 2, 0, 2]","[1, 2, 2, 2, 0, 2, 2, 2, 2, 1, 2]","[1, 1, 1, 1, 1, 1, 1, 1, 0, 2, 0, 0, 0, 1, 1, 0, 2, 0, 0, 0, 1, 1, 0, 2, 0, 0, 0, 1, 1, 0, 0, 0, 0, 0, 1, 1, 0, 2, 0, 0, 5, 1, 1, 1, 1, 1, 1, 1, 1]"
35,11,0.9403061270713806,0.9494897723197937,0.8181818181818182,0.040425735297806874,"[2, 0, 0, 2, 2, 2, 2, 1, 2, 2, 2]","[1, 2, 0, 2, 2, 2, 2, 1, 2, 2, 2]","[1, 1, 1, 1, 1, 1, 1, 1, 0, 0, 2, 0, 0, 1, 1, 0, 0, 0, 0, 0, 1, 1, 0, 0, 2, 0, 0, 1, 1, 0, 0, 2, 0, 0, 1, 1, 0, 0, 2, 0, 5, 1, 1, 1, 1, 1, 1, 1, 1]"
35,12,0.9494897723197937,0.9494897723197937,0.45454545454545453,0.31813409709138796,"[2, 2, 0, 0, 0, 2, 2, 2, 2, 0, 2]","[2, 1, 2, 2, 2, 0, 2, 2, 2, 1, 2]","[1, 1, 1, 1, 1, 1, 1, 1, 0, 0, 0, 2, 0, 1, 1, 0, 0, 0, 2, 0, 1, 1, 0, 0, 0, 2, 0, 1, 1, 0, 0, 0, 0, 0, 1, 1, 0, 0, 0, 2, 5, 1, 1, 1, 1, 1, 1, 1, 1]"
35,13,0.0,0.9494897723197937,0.8888888888888888,0.12003364748908302,"[2, 2, 2, 2, 0, 2, 2, 2, 2]","[2, 2, 2, 2, 1, 2, 2, 2, 2]","[1, 1, 1, 1, 1, 1, 1, 1, 0, 0, 0, 0, 0, 1, 1, 0, 0, 2, 0, 0, 1, 1, 0, 0, 2, 0, 0, 1, 1, 0, 0, 2, 0, 0, 1, 1, 0, 0, 2, 0, 5, 1, 1, 1, 1, 1, 1, 1, 1]"
35,14,0.9494897723197937,0.9494897723197937,0.7272727272727273,0.013295543189583854,"[1, 2, 0, 2, 2, 2, 2, 2, 2, 0, 2]","[1, 2, 2, 2, 0, 2, 2, 2, 2, 1, 2]","[1, 1, 1, 1, 1, 1, 1, 1, 0, 2, 0, 0, 0, 1, 1, 0, 2, 0, 0, 0, 1, 1, 0, 2, 0, 0, 0, 1, 1, 0, 0, 0, 0, 0, 1, 1, 0, 2, 0, 0, 5, 1, 1, 1, 1, 1, 1, 1, 1]"
35,15,0.9494897723197937,0.9494897723197937,0.8888888888888888,0.03306987464893609,"[2, 2, 2, 2, 0, 2, 2, 2, 2]","[2, 2, 2, 2, 1, 2, 2, 2, 2]","[1, 1, 1, 1, 1, 1, 1, 1, 0, 0, 0, 0, 0, 1, 1, 0, 0, 2, 0, 0, 1, 1, 0, 0, 2, 0, 0, 1, 1, 0, 0, 2, 0, 0, 1, 1, 0, 0, 2, 0, 5, 1, 1, 1, 1, 1, 1, 1, 1]"
35,16,0.0,0.9494897723197937,0.7777777777777778,0.21525736470461457,"[2, 2, 2, 2, 0, 2, 2, 2, 0]","[2, 2, 2, 2, 1, 2, 2, 2, 2]","[1, 1, 1, 1, 1, 1, 1, 1, 0, 0, 0, 0, 0, 1, 1, 0, 0, 0, 2, 0, 1, 1, 0, 0, 0, 2, 0, 1, 1, 0, 0, 0, 2, 0, 1, 1, 0, 0, 0, 2, 5, 1, 1, 1, 1, 1, 1, 1, 1]"
35,17,0.9494897723197937,0.9494897723197937,0.9090909090909091,0.07763116733721373,"[0, 2, 2, 0, 2, 2, 2, 2, 1, 2, 2]","[1, 2, 2, 0, 2, 2, 2, 2, 1, 2, 2]","[1, 1, 1, 1, 1, 1, 1, 1, 0, 2, 0, 0, 0, 1, 1, 0, 2, 0, 0, 0, 1, 1, 0, 0, 0, 0, 0, 1, 1, 0, 2, 0, 0, 0, 1, 1, 0, 2, 0, 0, 5, 1, 1, 1, 1, 1, 1, 1, 1]"
35,18,0.0,0.9448979496955872,0.7777777777777778,0.16932870002082465,"[2, 1, 2, 2, 0, 2, 2, 2, 2]","[2, 2, 2, 2, 1, 2, 2, 2, 2]","[1, 1, 1, 1, 1, 1, 1, 1, 0, 0, 0, 0, 0, 1, 1, 0, 0, 2, 0, 0, 1, 1, 0, 0, 2, 0, 0, 1, 1, 0, 0, 2, 0, 0, 1, 1, 0, 0, 2, 0, 5, 1, 1, 1, 1, 1, 1, 1, 1]"
35,19,0.9311224222183228,0.9494897723197937,0.9090909090909091,0.042802379966209024,"[0, 2, 2, 0, 2, 2, 2, 2, 1, 2, 2]","[1, 2, 2, 0, 2, 2, 2, 2, 1, 2, 2]","[1, 1, 1, 1, 1, 1, 1, 1, 0, 2, 0, 0, 0, 1, 1, 0, 2, 0, 0, 0, 1, 1, 0, 0, 0, 0, 0, 1, 1, 0, 2, 0, 0, 0, 1, 1, 0, 2, 0, 0, 5, 1, 1, 1, 1, 1, 1, 1, 1]"
36,0,0.9265305995941162,0.9494897723197937,1.0,0.012688263742761179,"[1, 2, 2, 0, 2, 2, 2, 2, 1, 2, 2]","[1, 2, 2, 0, 2, 2, 2, 2, 1, 2, 2]","[1, 1, 1, 1, 1, 1, 1, 1, 0, 2, 0, 0, 0, 1, 1, 0, 2, 0, 0, 0, 1, 1, 0, 0, 0, 0, 0, 1, 1, 0, 2, 0, 0, 0, 1, 1, 0, 2, 0, 0, 5, 1, 1, 1, 1, 1, 1, 1, 1]"
36,1,0.9494897723197937,0.9494897723197937,0.9090909090909091,0.007083422424991361,"[1, 2, 2, 2, 0, 2, 2, 2, 2, 0, 2]","[1, 2, 2, 2, 0, 2, 2, 2, 2, 1, 2]","[1, 1, 1, 1, 1, 1, 1, 1, 0, 2, 0, 0, 0, 1, 1, 0, 2, 0, 0, 0, 1, 1, 0, 2, 0, 0, 0, 1, 1, 0, 0, 0, 0, 0, 1, 1, 0, 2, 0, 0, 5, 1, 1, 1, 1, 1, 1, 1, 1]"
36,2,0.9494897723197937,0.0,0.7272727272727273,0.053562527884919706,"[2, 0, 0, 0, 2, 2, 2, 2, 1, 2, 2]","[1, 2, 2, 0, 2, 2, 2, 2, 1, 2, 2]","[1, 1, 1, 1, 1, 1, 1, 1, 0, 0, 2, 0, 0, 1, 1, 0, 0, 2, 0, 0, 1, 1, 0, 0, 0, 0, 0, 1, 1, 0, 0, 2, 0, 0, 1, 1, 0, 0, 2, 0, 5, 1, 1, 1, 1, 1, 1, 1, 1]"
36,3,0.0,0.9173469543457031,0.8181818181818182,0.11127334979112045,"[2, 0, 0, 2, 2, 2, 2, 1, 2, 2, 2]","[1, 2, 0, 2, 2, 2, 2, 1, 2, 2, 2]","[1, 1, 1, 1, 1, 1, 1, 1, 0, 0, 2, 0, 0, 1, 1, 0, 0, 0, 0, 0, 1, 1, 0, 0, 2, 0, 0, 1, 1, 0, 0, 2, 0, 0, 1, 1, 0, 0, 2, 0, 5, 1, 1, 1, 1, 1, 1, 1, 1]"
36,4,0.9081632494926453,0.9494897723197937,0.8888888888888888,0.0013816567021422087,"[2, 2, 2, 2, 0, 2, 2, 2, 2]","[2, 2, 2, 2, 1, 2, 2, 2, 2]","[1, 1, 1, 1, 1, 1, 1, 1, 0, 0, 0, 0, 0, 1, 1, 0, 0, 2, 0, 0, 1, 1, 0, 0, 2, 0, 0, 1, 1, 0, 0, 2, 0, 0, 1, 1, 0, 0, 2, 0, 5, 1, 1, 1, 1, 1, 1, 1, 1]"
36,5,0.9494897723197937,0.9494897723197937,0.8181818181818182,0.11930963985452597,"[2, 0, 0, 2, 2, 2, 2, 1, 2, 2, 2]","[1, 2, 0, 2, 2, 2, 2, 1, 2, 2, 2]","[1, 1, 1, 1, 1, 1, 1, 1, 0, 0, 2, 0, 0, 1, 1, 0, 0, 0, 0, 0, 1, 1, 0, 0, 2, 0, 0, 1, 1, 0, 0, 2, 0, 0, 1, 1, 0, 0, 2, 0, 5, 1, 1, 1, 1, 1, 1, 1, 1]"
36,6,0.9494897723197937,0.954081654548645,0.8888888888888888,0.002386766697534106,"[2, 2, 2, 2, 0, 2, 2, 2, 2]","[2, 2, 2, 2, 1, 2, 2, 2, 2]","[1, 1, 1, 1, 1, 1, 1, 1, 0, 0, 0, 0, 0, 1, 1, 0, 2, 0, 0, 0, 1, 1, 0, 2, 0, 0, 0, 1, 1, 0, 2, 0, 0, 0, 1, 1, 0, 2, 0, 0, 5, 1, 1, 1, 1, 1, 1, 1, 1]"
36,7,0.9494897723197937,0.954081654548645,1.0,0.007484371006615798,"[1, 2, 2, 2, 2, 0, 2, 2, 2, 2]","[1, 2, 2, 2, 2, 0, 2, 2, 2, 2]","[1, 1, 1, 1, 1, 1, 1, 1, 0, 2, 0, 0, 0, 1, 1, 0, 2, 0, 0, 0, 1, 1, 0, 2, 0, 0, 0, 1, 1, 0, 2, 0, 0, 0, 1, 1, 0, 0, 0, 0, 5, 1, 1, 1, 1, 1, 1, 1, 1]"
36,8,0.9494897723197937,0.954081654548645,0.8888888888888888,0.07846918519035997,"[2, 2, 2, 2, 0, 2, 2, 2, 2]","[2, 2, 2, 2, 1, 2, 2, 2, 2]","[1, 1, 1, 1, 1, 1, 1, 1, 0, 0, 0, 0, 0, 1, 1, 0, 0, 2, 0, 0, 1, 1, 0, 0, 2, 0, 0, 1, 1, 0, 0, 2, 0, 0, 1, 1, 0, 0, 2, 0, 5, 1, 1, 1, 1, 1, 1, 1, 1]"
36,9,0.9494897723197937,0.9494897723197937,0.8888888888888888,0.6373806583979619,"[2, 2, 2, 2, 0, 2, 2, 2, 2]","[2, 2, 2, 2, 1, 2, 2, 2, 2]","[1, 1, 1, 1, 1, 1, 1, 1, 0, 0, 0, 0, 0, 1, 1, 0, 0, 0, 2, 0, 1, 1, 0, 0, 0, 2, 0, 1, 1, 0, 0, 0, 2, 0, 1, 1, 0, 0, 0, 2, 5, 1, 1, 1, 1, 1, 1, 1, 1]"
36,10,0.9494897723197937,0.9494897723197937,0.6,0.06759264059788124,"[2, 0, 0, 0, 2, 0, 2, 2, 2, 2]","[1, 2, 2, 2, 2, 0, 2, 2, 2, 2]","[1, 1, 1, 1, 1, 1, 1, 1, 0, 0, 2, 0, 0, 1, 1, 0, 0, 2, 0, 0, 1, 1, 0, 0, 2, 0, 0, 1, 1, 0, 0, 2, 0, 0, 1, 1, 0, 0, 0, 0, 5, 1, 1, 1, 1, 1, 1, 1, 1]"
36,11,0.0,0.9311224222183228,0.6363636363636364,0.1677900366485119,"[2, 0, 0, 0, 2, 0, 2, 2, 1, 2, 2]","[1, 2, 2, 0, 2, 2, 2, 2, 1, 2, 2]","[1, 1, 1, 1, 1, 1, 1, 1, 0, 0, 2, 0, 0, 1, 1, 0, 0, 2, 0, 0, 1, 1, 0, 0, 0, 0, 0, 1, 1, 0, 0, 2, 0, 0, 1, 1, 0, 0, 2, 0, 5, 1, 1, 1, 1, 1, 1, 1, 1]"
36,12,0.9494897723197937,0.9494897723197937,0.8181818181818182,0.025938615232007578,"[0, 2, 2, 2, 0, 2, 2, 2, 2, 0, 2]","[1, 2, 2, 2, 0, 2, 2, 2, 2, 1, 2]","[1, 1, 1, 1, 1, 1, 1, 1, 0, 2, 0, 0, 0, 1, 1, 0, 2, 0, 0, 0, 1, 1, 0, 2, 0, 0, 0, 1, 1, 0, 0, 0, 0, 0, 1, 1, 0, 2, 0, 0, 5, 1, 1, 1, 1, 1, 1, 1, 1]"
36,13,0.0,0.9265305995941162,0.9090909090909091,0.0871610779907893,"[2, 2, 2, 0, 2, 2, 2, 2, 1, 2, 2]","[1, 2, 2, 0, 2, 2, 2, 2, 1, 2, 2]","[1, 1, 1, 1, 1, 1, 1, 1, 0, 0, 2, 0, 0, 1, 1, 0, 0, 2, 0, 0, 1, 1, 0, 0, 0, 0, 0, 1, 1, 0, 0, 2, 0, 0, 1, 1, 0, 0, 2, 0, 5, 1, 1, 1, 1, 1, 1, 1, 1]"
36,14,0.9403061270713806,0.954081654548645,0.9,0.030222020322421137,"[0, 2, 2, 2, 2, 0, 2, 2, 2, 2]","[1, 2, 2, 2, 2, 0, 2, 2, 2, 2]","[1, 1, 1, 1, 1, 1, 1, 1, 0, 2, 0, 0, 0, 1, 1, 0, 2, 0, 0, 0, 1, 1, 0, 2, 0, 0, 0, 1, 1, 0, 2, 0, 0, 0, 1, 1, 0, 0, 0, 0, 5, 1, 1, 1, 1, 1, 1, 1, 1]"
36,15,0.9494897723197937,0.954081654548645,0.9090909090909091,0.02327029567095451,"[2, 2, 2, 2, 0, 2, 2, 2, 1, 2, 2]","[2, 1, 2, 2, 0, 2, 2, 2, 1, 2, 2]","[1, 1, 1, 1, 1, 1, 1, 1, 0, 0, 0, 2, 0, 1, 1, 0, 0, 0, 2, 0, 1, 1, 0, 0, 0, 0, 0, 1, 1, 0, 0, 0, 2, 0, 1, 1, 0, 0, 0, 2, 5, 1, 1, 1, 1, 1, 1, 1, 1]"
36,16,0.9448979496955872,0.9448979496955872,0.5454545454545454,0.05518582679020862,"[2, 2, 0, 0, 0, 0, 2, 2, 2, 0, 2]","[2, 1, 2, 2, 2, 0, 2, 2, 2, 1, 2]","[1, 1, 1, 1, 1, 1, 1, 1, 0, 0, 0, 2, 0, 1, 1, 0, 0, 0, 2, 0, 1, 1, 0, 0, 0, 2, 0, 1, 1, 0, 0, 0, 0, 0, 1, 1, 0, 0, 0, 2, 5, 1, 1, 1, 1, 1, 1, 1, 1]"
36,17,0.9494897723197937,0.9494897723197937,0.5,0.016078430382185614,"[2, 0, 0, 0, 0, 0, 2, 2, 2, 2]","[1, 2, 2, 2, 2, 0, 2, 2, 2, 2]","[1, 1, 1, 1, 1, 1, 1, 1, 0, 0, 2, 0, 0, 1, 1, 0, 0, 2, 0, 0, 1, 1, 0, 0, 2, 0, 0, 1, 1, 0, 0, 2, 0, 0, 1, 1, 0, 0, 0, 0, 5, 1, 1, 1, 1, 1, 1, 1, 1]"
36,18,0.9494897723197937,0.9494897723197937,0.9090909090909091,0.01766614411608316,"[2, 2, 2, 0, 2, 2, 2, 1, 2, 2, 2]","[2, 1, 2, 0, 2, 2, 2, 1, 2, 2, 2]","[1, 1, 1, 1, 1, 1, 1, 1, 0, 0, 0, 2, 0, 1, 1, 0, 0, 0, 0, 0, 1, 1, 0, 0, 0, 2, 0, 1, 1, 0, 0, 0, 2, 0, 1, 1, 0, 0, 0, 2, 5, 1, 1, 1, 1, 1, 1, 1, 1]"
36,19,0.9448979496955872,0.8989796042442322,0.6363636363636364,0.04264617937786335,"[0, 2, 2, 2, 0, 0, 2, 2, 0, 0, 2]","[1, 2, 2, 2, 0, 2, 2, 2, 2, 1, 2]","[1, 1, 1, 1, 1, 1, 1, 1, 0, 2, 0, 0, 0, 1, 1, 0, 2, 0, 0, 0, 1, 1, 0, 2, 0, 0, 0, 1, 1, 0, 0, 0, 0, 0, 1, 1, 0, 2, 0, 0, 5, 1, 1, 1, 1, 1, 1, 1, 1]"
37,0,0.9173469543457031,0.9494897723197937,0.6,0.15268464029456177,"[2, 2, 0, 0, 0, 2, 0, 2, 2, 2]","[2, 1, 2, 2, 2, 2, 0, 2, 2, 2]","[1, 1, 1, 1, 1, 1, 1, 1, 0, 0, 0, 2, 0, 1, 1, 0, 0, 0, 2, 0, 1, 1, 0, 0, 0, 2, 0, 1, 1, 0, 0, 0, 2, 0, 1, 1, 0, 0, 0, 0, 5, 1, 1, 1, 1, 1, 1, 1, 1]"
37,1,0.9173469543457031,0.954081654548645,0.6363636363636364,0.12810537586765536,"[2, 0, 0, 2, 0, 2, 2, 0, 2, 2, 2]","[1, 2, 0, 2, 2, 2, 2, 1, 2, 2, 2]","[1, 1, 1, 1, 1, 1, 1, 1, 0, 0, 2, 0, 0, 1, 1, 0, 0, 0, 0, 0, 1, 1, 0, 0, 2, 0, 0, 1, 1, 0, 0, 2, 0, 0, 1, 1, 0, 0, 2, 0, 5, 1, 1, 1, 1, 1, 1, 1, 1]"
37,2,0.9494897723197937,0.9494897723197937,0.7272727272727273,0.3341889245290373,"[2, 0, 0, 0, 2, 2, 2, 2, 1, 2, 2]","[1, 2, 2, 0, 2, 2, 2, 2, 1, 2, 2]","[1, 1, 1, 1, 1, 1, 1, 1, 0, 0, 2, 0, 0, 1, 1, 0, 0, 2, 0, 0, 1, 1, 0, 0, 0, 0, 0, 1, 1, 0, 0, 2, 0, 0, 1, 1, 0, 0, 2, 0, 5, 1, 1, 1, 1, 1, 1, 1, 1]"
37,3,0.9494897723197937,0.9265305995941162,0.7272727272727273,0.006953849674160169,"[2, 2, 0, 0, 0, 2, 2, 2, 1, 2, 2]","[2, 1, 2, 2, 0, 2, 2, 2, 1, 2, 2]","[1, 1, 1, 1, 1, 1, 1, 1, 0, 0, 0, 2, 0, 1, 1, 0, 0, 0, 2, 0, 1, 1, 0, 0, 0, 0, 0, 1, 1, 0, 0, 0, 2, 0, 1, 1, 0, 0, 0, 2, 5, 1, 1, 1, 1, 1, 1, 1, 1]"
37,4,0.9494897723197937,0.9586734771728516,0.8181818181818182,0.014988008616703817,"[2, 2, 0, 0, 2, 2, 2, 2, 1, 2, 2]","[1, 2, 2, 0, 2, 2, 2, 2, 1, 2, 2]","[1, 1, 1, 1, 1, 1, 1, 1, 0, 0, 2, 0, 0, 1, 1, 0, 0, 2, 0, 0, 1, 1, 0, 0, 0, 0, 0, 1, 1, 0, 0, 2, 0, 0, 1, 1, 0, 0, 2, 0, 5, 1, 1, 1, 1, 1, 1, 1, 1]"
37,5,0.9494897723197937,0.0,0.8888888888888888,0.019102348184043712,"[2, 2, 2, 2, 0, 2, 2, 2, 2]","[2, 2, 2, 2, 1, 2, 2, 2, 2]","[1, 1, 1, 1, 1, 1, 1, 1, 0, 0, 0, 0, 0, 1, 1, 0, 0, 2, 0, 0, 1, 1, 0, 0, 2, 0, 0, 1, 1, 0, 0, 2, 0, 0, 1, 1, 0, 0, 2, 0, 5, 1, 1, 1, 1, 1, 1, 1, 1]"
37,6,0.9494897723197937,0.9494897723197937,0.7272727272727273,0.0031076005173169756,"[2, 0, 0, 0, 2, 2, 2, 2, 1, 2, 2]","[1, 2, 2, 0, 2, 2, 2, 2, 1, 2, 2]","[1, 1, 1, 1, 1, 1, 1, 1, 0, 0, 2, 0, 0, 1, 1, 0, 0, 2, 0, 0, 1, 1, 0, 0, 0, 0, 0, 1, 1, 0, 0, 2, 0, 0, 1, 1, 0, 0, 2, 0, 5, 1, 1, 1, 1, 1, 1, 1, 1]"
37,7,0.9311224222183228,0.9494897723197937,1.0,0.012712772544050082,"[1, 2, 2, 0, 2, 2, 2, 2, 1, 2, 2]","[1, 2, 2, 0, 2, 2, 2, 2, 1, 2, 2]","[1, 1, 1, 1, 1, 1, 1, 1, 0, 2, 0, 0, 0, 1, 1, 0, 2, 0, 0, 0, 1, 1, 0, 0, 0, 0, 0, 1, 1, 0, 2, 0, 0, 0, 1, 1, 0, 2, 0, 0, 5, 1, 1, 1, 1, 1, 1, 1, 1]"
37,8,0.9494897723197937,0.954081654548645,0.45454545454545453,0.0543960614383898,"[2, 2, 0, 0, 0, 2, 2, 2, 2, 0, 2]","[2, 1, 2, 2, 2, 0, 2, 2, 2, 1, 2]","[1, 1, 1, 1, 1, 1, 1, 1, 0, 0, 0, 2, 0, 1, 1, 0, 0, 0, 2, 0, 1, 1, 0, 0, 0, 2, 0, 1, 1, 0, 0, 0, 0, 0, 1, 1, 0, 0, 0, 2, 5, 1, 1, 1, 1, 1, 1, 1, 1]"
37,9,0.9494897723197937,0.954081654548645,0.8888888888888888,0.03489432084924457,"[2, 2, 2, 2, 0, 2, 2, 2, 2]","[2, 2, 2, 2, 1, 2, 2, 2, 2]","[1, 1, 1, 1, 1, 1, 1, 1, 0, 0, 0, 0, 0, 1, 1, 0, 0, 0, 2, 0, 1, 1, 0, 0, 0, 2, 0, 1, 1, 0, 0, 0, 2, 0, 1, 1, 0, 0, 0, 2, 5, 1, 1, 1, 1, 1, 1, 1, 1]"
37,10,0.9448979496955872,0.9311224222183228,0.8181818181818182,0.104933084116783,"[0, 2, 2, 2, 0, 2, 2, 2, 2, 0, 2]","[1, 2, 2, 2, 0, 2, 2, 2, 2, 1, 2]","[1, 1, 1, 1, 1, 1, 1, 1, 0, 2, 0, 0, 0, 1, 1, 0, 2, 0, 0, 0, 1, 1, 0, 2, 0, 0, 0, 1, 1, 0, 0, 0, 0, 0, 1, 1, 0, 2, 0, 0, 5, 1, 1, 1, 1, 1, 1, 1, 1]"
37,11,0.9494897723197937,0.9311224222183228,0.8888888888888888,0.008480920541015539,"[2, 2, 2, 2, 0, 2, 2, 2, 2]","[2, 2, 2, 2, 1, 2, 2, 2, 2]","[1, 1, 1, 1, 1, 1, 1, 1, 0, 0, 0, 0, 0, 1, 1, 0, 0, 0, 2, 0, 1, 1, 0, 0, 0, 2, 0, 1, 1, 0, 0, 0, 2, 0, 1, 1, 0, 0, 0, 2, 5, 1, 1, 1, 1, 1, 1, 1, 1]"
37,12,0.9494897723197937,0.0,1.0,0.04472606913821602,"[1, 2, 0, 2, 2, 2, 2, 1, 2, 2, 2]","[1, 2, 0, 2, 2, 2, 2, 1, 2, 2, 2]","[1, 1, 1, 1, 1, 1, 1, 1, 0, 2, 0, 0, 0, 1, 1, 0, 0, 0, 0, 0, 1, 1, 0, 2, 0, 0, 0, 1, 1, 0, 2, 0, 0, 0, 1, 1, 0, 2, 0, 0, 5, 1, 1, 1, 1, 1, 1, 1, 1]"
37,13,0.9494897723197937,0.0,0.8888888888888888,0.014294895535567776,"[2, 2, 2, 2, 0, 2, 2, 2, 2]","[2, 2, 2, 2, 1, 2, 2, 2, 2]","[1, 1, 1, 1, 1, 1, 1, 1, 0, 0, 0, 0, 0, 1, 1, 0, 0, 2, 0, 0, 1, 1, 0, 0, 2, 0, 0, 1, 1, 0, 0, 2, 0, 0, 1, 1, 0, 0, 2, 0, 5, 1, 1, 1, 1, 1, 1, 1, 1]"
37,14,0.954081654548645,0.9494897723197937,0.5454545454545454,0.2960036344593391,"[2, 0, 0, 0, 0, 2, 2, 2, 2, 0, 2]","[1, 2, 2, 2, 0, 2, 2, 2, 2, 1, 2]","[1, 1, 1, 1, 1, 1, 1, 1, 0, 0, 2, 0, 0, 1, 1, 0, 0, 2, 0, 0, 1, 1, 0, 0, 2, 0, 0, 1, 1, 0, 0, 0, 0, 0, 1, 1, 0, 0, 2, 0, 5, 1, 1, 1, 1, 1, 1, 1, 1]"
37,15,0.9494897723197937,0.954081654548645,0.7272727272727273,0.011746156280143904,"[2, 2, 2, 0, 0, 2, 0, 2, 1, 2, 2]","[2, 1, 2, 2, 0, 2, 2, 2, 1, 2, 2]","[1, 1, 1, 1, 1, 1, 1, 1, 0, 0, 0, 2, 0, 1, 1, 0, 0, 0, 2, 0, 1, 1, 0, 0, 0, 0, 0, 1, 1, 0, 0, 0, 2, 0, 1, 1, 0, 0, 0, 2, 5, 1, 1, 1, 1, 1, 1, 1, 1]"
37,16,0.0,0.9311224222183228,0.9090909090909091,0.08102294381242245,"[2, 2, 2, 0, 2, 2, 2, 1, 2, 2, 2]","[2, 1, 2, 0, 2, 2, 2, 1, 2, 2, 2]","[1, 1, 1, 1, 1, 1, 1, 1, 0, 0, 0, 2, 0, 1, 1, 0, 0, 0, 0, 0, 1, 1, 0, 0, 0, 2, 0, 1, 1, 0, 0, 0, 2, 0, 1, 1, 0, 0, 0, 2, 5, 1, 1, 1, 1, 1, 1, 1, 1]"
37,17,0.9494897723197937,0.9494897723197937,1.0,0.006037810079181905,"[1, 2, 2, 2, 2, 0, 2, 2, 2, 2]","[1, 2, 2, 2, 2, 0, 2, 2, 2, 2]","[1, 1, 1, 1, 1, 1, 1, 1, 0, 2, 0, 0, 0, 1, 1, 0, 2, 0, 0, 0, 1, 1, 0, 2, 0, 0, 0, 1, 1, 0, 2, 0, 0, 0, 1, 1, 0, 0, 0, 0, 5, 1, 1, 1, 1, 1, 1, 1, 1]"
37,18,0.954081654548645,0.9494897723197937,0.5454545454545454,0.02669205397833139,"[2, 0, 0, 0, 0, 2, 2, 2, 2, 0, 2]","[1, 2, 2, 2, 0, 2, 2, 2, 2, 1, 2]","[1, 1, 1, 1, 1, 1, 1, 1, 0, 0, 2, 0, 0, 1, 1, 0, 0, 2, 0, 0, 1, 1, 0, 0, 2, 0, 0, 1, 1, 0, 0, 0, 0, 0, 1, 1, 0, 0, 2, 0, 5, 1, 1, 1, 1, 1, 1, 1, 1]"
37,19,0.0,0.9494897723197937,0.8181818181818182,0.06620037099822763,"[1, 2, 0, 0, 2, 2, 2, 0, 2, 2, 2]","[1, 2, 0, 2, 2, 2, 2, 1, 2, 2, 2]","[1, 1, 1, 1, 1, 1, 1, 1, 0, 2, 0, 0, 0, 1, 1, 0, 0, 0, 0, 0, 1, 1, 0, 2, 0, 0, 0, 1, 1, 0, 2, 0, 0, 0, 1, 1, 0, 2, 0, 0, 5, 1, 1, 1, 1, 1, 1, 1, 1]"
38,0,0.9494897723197937,0.9494897723197937,0.8888888888888888,0.04866714862344617,"[2, 2, 2, 2, 0, 2, 2, 2, 2]","[2, 2, 2, 2, 1, 2, 2, 2, 2]","[1, 1, 1, 1, 1, 1, 1, 1, 0, 0, 0, 0, 0, 1, 1, 0, 2, 0, 0, 0, 1, 1, 0, 2, 0, 0, 0, 1, 1, 0, 2, 0, 0, 0, 1, 1, 0, 2, 0, 0, 5, 1, 1, 1, 1, 1, 1, 1, 1]"
38,1,0.9173469543457031,0.0,0.5555555555555556,0.12478629893545683,"[1, 2, 2, 2, 0, 1, 2, 2, 1]","[2, 2, 2, 2, 1, 2, 2, 2, 2]","[1, 1, 1, 1, 1, 1, 1, 1, 0, 0, 0, 0, 0, 1, 1, 0, 2, 0, 0, 0, 1, 1, 0, 2, 0, 0, 0, 1, 1, 0, 2, 0, 0, 0, 1, 1, 0, 2, 0, 0, 5, 1, 1, 1, 1, 1, 1, 1, 1]"
38,2,0.9265305995941162,0.9494897723197937,0.9090909090909091,0.02942514898445965,"[1, 2, 2, 2, 0, 2, 2, 2, 2, 0, 2]","[1, 2, 2, 2, 0, 2, 2, 2, 2, 1, 2]","[1, 1, 1, 1, 1, 1, 1, 1, 0, 2, 0, 0, 0, 1, 1, 0, 2, 0, 0, 0, 1, 1, 0, 2, 0, 0, 0, 1, 1, 0, 0, 0, 0, 0, 1, 1, 0, 2, 0, 0, 5, 1, 1, 1, 1, 1, 1, 1, 1]"
38,3,0.9494897723197937,0.9494897723197937,0.7,0.03376568036485249,"[2, 2, 0, 2, 0, 2, 0, 2, 2, 2]","[2, 1, 2, 2, 2, 2, 0, 2, 2, 2]","[1, 1, 1, 1, 1, 1, 1, 1, 0, 0, 0, 2, 0, 1, 1, 0, 0, 0, 2, 0, 1, 1, 0, 0, 0, 2, 0, 1, 1, 0, 0, 0, 2, 0, 1, 1, 0, 0, 0, 0, 5, 1, 1, 1, 1, 1, 1, 1, 1]"
38,4,0.9494897723197937,0.0,0.7272727272727273,0.38553125461877075,"[2, 0, 0, 0, 2, 2, 2, 2, 1, 2, 2]","[1, 2, 2, 0, 2, 2, 2, 2, 1, 2, 2]","[1, 1, 1, 1, 1, 1, 1, 1, 0, 0, 2, 0, 0, 1, 1, 0, 0, 2, 0, 0, 1, 1, 0, 0, 0, 0, 0, 1, 1, 0, 0, 2, 0, 0, 1, 1, 0, 0, 2, 0, 5, 1, 1, 1, 1, 1, 1, 1, 1]"
38,5,0.9494897723197937,0.954081654548645,0.9090909090909091,0.09467079474548386,"[2, 2, 2, 0, 2, 2, 2, 1, 2, 2, 2]","[2, 1, 2, 0, 2, 2, 2, 1, 2, 2, 2]","[1, 1, 1, 1, 1, 1, 1, 1, 0, 0, 0, 2, 0, 1, 1, 0, 0, 0, 0, 0, 1, 1, 0, 0, 0, 2, 0, 1, 1, 0, 0, 0, 2, 0, 1, 1, 0, 0, 0, 2, 5, 1, 1, 1, 1, 1, 1, 1, 1]"
38,6,0.9494897723197937,0.9494897723197937,0.8888888888888888,0.021423632733381562,"[2, 2, 2, 2, 0, 2, 2, 2, 2]","[2, 2, 2, 2, 1, 2, 2, 2, 2]","[1, 1, 1, 1, 1, 1, 1, 1, 0, 0, 0, 0, 0, 1, 1, 0, 2, 0, 0, 0, 1, 1, 0, 2, 0, 0, 0, 1, 1, 0, 2, 0, 0, 0, 1, 1, 0, 2, 0, 0, 5, 1, 1, 1, 1, 1, 1, 1, 1]"
38,7,0.9494897723197937,0.9494897723197937,0.5,0.0400539862616411,"[2, 0, 0, 0, 0, 0, 2, 2, 2, 2]","[1, 2, 2, 2, 2, 0, 2, 2, 2, 2]","[1, 1, 1, 1, 1, 1, 1, 1, 0, 0, 2, 0, 0, 1, 1, 0, 0, 2, 0, 0, 1, 1, 0, 0, 2, 0, 0, 1, 1, 0, 0, 2, 0, 0, 1, 1, 0, 0, 0, 0, 5, 1, 1, 1, 1, 1, 1, 1, 1]"
38,8,0.9494897723197937,0.9586734771728516,0.8181818181818182,0.030988097423687577,"[2, 2, 2, 0, 0, 2, 2, 2, 1, 2, 2]","[2, 1, 2, 2, 0, 2, 2, 2, 1, 2, 2]","[1, 1, 1, 1, 1, 1, 1, 1, 0, 0, 0, 2, 0, 1, 1, 0, 0, 0, 2, 0, 1, 1, 0, 0, 0, 0, 0, 1, 1, 0, 0, 0, 2, 0, 1, 1, 0, 0, 0, 2, 5, 1, 1, 1, 1, 1, 1, 1, 1]"
38,9,0.9081632494926453,0.9081632494926453,0.8888888888888888,0.03748977721129036,"[2, 2, 2, 2, 0, 2, 2, 2, 2]","[2, 2, 2, 2, 1, 2, 2, 2, 2]","[1, 1, 1, 1, 1, 1, 1, 1, 0, 0, 0, 0, 0, 1, 1, 0, 0, 2, 0, 0, 1, 1, 0, 0, 2, 0, 0, 1, 1, 0, 0, 2, 0, 0, 1, 1, 0, 0, 2, 0, 5, 1, 1, 1, 1, 1, 1, 1, 1]"
38,10,0.9494897723197937,0.9494897723197937,0.8181818181818182,0.09760300569290009,"[2, 2, 0, 0, 2, 2, 2, 2, 1, 2, 2]","[1, 2, 2, 0, 2, 2, 2, 2, 1, 2, 2]","[1, 1, 1, 1, 1, 1, 1, 1, 0, 0, 2, 0, 0, 1, 1, 0, 0, 2, 0, 0, 1, 1, 0, 0, 0, 0, 0, 1, 1, 0, 0, 2, 0, 0, 1, 1, 0, 0, 2, 0, 5, 1, 1, 1, 1, 1, 1, 1, 1]"
38,11,0.9494897723197937,0.9494897723197937,0.8181818181818182,0.03328348361802372,"[2, 2, 2, 0, 0, 2, 2, 2, 1, 2, 2]","[2, 1, 2, 2, 0, 2, 2, 2, 1, 2, 2]","[1, 1, 1, 1, 1, 1, 1, 1, 0, 0, 0, 2, 0, 1, 1, 0, 0, 0, 2, 0, 1, 1, 0, 0, 0, 0, 0, 1, 1, 0, 0, 0, 2, 0, 1, 1, 0, 0, 0, 2, 5, 1, 1, 1, 1, 1, 1, 1, 1]"
38,12,0.9311224222183228,0.0,0.9,0.17029213247587904,"[0, 2, 2, 2, 2, 0, 2, 2, 2, 2]","[1, 2, 2, 2, 2, 0, 2, 2, 2, 2]","[1, 1, 1, 1, 1, 1, 1, 1, 0, 2, 0, 0, 0, 1, 1, 0, 2, 0, 0, 0, 1, 1, 0, 2, 0, 0, 0, 1, 1, 0, 2, 0, 0, 0, 1, 1, 0, 0, 0, 0, 5, 1, 1, 1, 1, 1, 1, 1, 1]"
38,13,0.9311224222183228,0.9448979496955872,0.9090909090909091,0.02203161574222825,"[2, 2, 2, 0, 2, 2, 2, 1, 2, 2, 2]","[2, 1, 2, 0, 2, 2, 2, 1, 2, 2, 2]","[1, 1, 1, 1, 1, 1, 1, 1, 0, 0, 0, 2, 0, 1, 1, 0, 0, 0, 0, 0, 1, 1, 0, 0, 0, 2, 0, 1, 1, 0, 0, 0, 2, 0, 1, 1, 0, 0, 0, 2, 5, 1, 1, 1, 1, 1, 1, 1, 1]"
38,14,0.9494897723197937,0.954081654548645,0.5,0.044498643452243414,"[2, 0, 0, 0, 0, 0, 2, 2, 2, 2]","[1, 2, 2, 2, 2, 0, 2, 2, 2, 2]","[1, 1, 1, 1, 1, 1, 1, 1, 0, 0, 2, 0, 0, 1, 1, 0, 0, 2, 0, 0, 1, 1, 0, 0, 2, 0, 0, 1, 1, 0, 0, 2, 0, 0, 1, 1, 0, 0, 0, 0, 5, 1, 1, 1, 1, 1, 1, 1, 1]"
38,15,0.9494897723197937,0.9494897723197937,0.8888888888888888,0.03938303596805781,"[2, 2, 2, 2, 0, 2, 2, 2, 2]","[2, 2, 2, 2, 1, 2, 2, 2, 2]","[1, 1, 1, 1, 1, 1, 1, 1, 0, 0, 0, 0, 0, 1, 1, 0, 0, 2, 0, 0, 1, 1, 0, 0, 2, 0, 0, 1, 1, 0, 0, 2, 0, 0, 1, 1, 0, 0, 2, 0, 5, 1, 1, 1, 1, 1, 1, 1, 1]"
38,16,0.9494897723197937,0.9494897723197937,0.8181818181818182,0.028497213561257177,"[2, 2, 0, 0, 2, 2, 2, 1, 2, 2, 2]","[2, 1, 2, 0, 2, 2, 2, 1, 2, 2, 2]","[1, 1, 1, 1, 1, 1, 1, 1, 0, 0, 0, 2, 0, 1, 1, 0, 0, 0, 0, 0, 1, 1, 0, 0, 0, 2, 0, 1, 1, 0, 0, 0, 2, 0, 1, 1, 0, 0, 0, 2, 5, 1, 1, 1, 1, 1, 1, 1, 1]"
38,17,0.954081654548645,0.9494897723197937,0.8181818181818182,0.030695303830064156,"[2, 0, 0, 2, 2, 2, 2, 1, 2, 2, 2]","[1, 2, 0, 2, 2, 2, 2, 1, 2, 2, 2]","[1, 1, 1, 1, 1, 1, 1, 1, 0, 0, 2, 0, 0, 1, 1, 0, 0, 0, 0, 0, 1, 1, 0, 0, 2, 0, 0, 1, 1, 0, 0, 2, 0, 0, 1, 1, 0, 0, 2, 0, 5, 1, 1, 1, 1, 1, 1, 1, 1]"
38,18,0.9035714268684387,0.9494897723197937,1.0,0.00844389300327748,"[1, 2, 2, 2, 2, 0, 2, 2, 2, 2]","[1, 2, 2, 2, 2, 0, 2, 2, 2, 2]","[1, 1, 1, 1, 1, 1, 1, 1, 0, 2, 0, 0, 0, 1, 1, 0, 2, 0, 0, 0, 1, 1, 0, 2, 0, 0, 0, 1, 1, 0, 2, 0, 0, 0, 1, 1, 0, 0, 0, 0, 5, 1, 1, 1, 1, 1, 1, 1, 1]"
38,19,0.9494897723197937,0.9494897723197937,0.8888888888888888,0.039991978233129805,"[2, 2, 2, 2, 0, 2, 2, 2, 2]","[2, 2, 2, 2, 1, 2, 2, 2, 2]","[1, 1, 1, 1, 1, 1, 1, 1, 0, 0, 0, 0, 0, 1, 1, 0, 2, 0, 0, 0, 1, 1, 0, 2, 0, 0, 0, 1, 1, 0, 2, 0, 0, 0, 1, 1, 0, 2, 0, 0, 5, 1, 1, 1, 1, 1, 1, 1, 1]"
39,0,0.0,0.9265305995941162,0.8888888888888888,0.0943495755929355,"[2, 2, 2, 2, 0, 2, 2, 2, 2]","[2, 2, 2, 2, 1, 2, 2, 2, 2]","[1, 1, 1, 1, 1, 1, 1, 1, 0, 0, 0, 0, 0, 1, 1, 0, 0, 0, 2, 0, 1, 1, 0, 0, 0, 2, 0, 1, 1, 0, 0, 0, 2, 0, 1, 1, 0, 0, 0, 2, 5, 1, 1, 1, 1, 1, 1, 1, 1]"
39,1,0.0,0.9494897723197937,0.8888888888888888,0.009564777929335832,"[2, 2, 2, 2, 0, 2, 2, 2, 2]","[2, 2, 2, 2, 1, 2, 2, 2, 2]","[1, 1, 1, 1, 1, 1, 1, 1, 0, 0, 0, 0, 0, 1, 1, 0, 2, 0, 0, 0, 1, 1, 0, 2, 0, 0, 0, 1, 1, 0, 2, 0, 0, 0, 1, 1, 0, 2, 0, 0, 5, 1, 1, 1, 1, 1, 1, 1, 1]"
39,2,0.0,0.9494897723197937,0.9,0.011113076857079497,"[0, 2, 2, 2, 2, 0, 2, 2, 2, 2]","[1, 2, 2, 2, 2, 0, 2, 2, 2, 2]","[1, 1, 1, 1, 1, 1, 1, 1, 0, 2, 0, 0, 0, 1, 1, 0, 2, 0, 0, 0, 1, 1, 0, 2, 0, 0, 0, 1, 1, 0, 2, 0, 0, 0, 1, 1, 0, 0, 0, 0, 5, 1, 1, 1, 1, 1, 1, 1, 1]"
39,3,0.9265305995941162,0.0,1.0,0.012997206871990453,"[1, 2, 0, 2, 2, 2, 2, 1, 2, 2, 2]","[1, 2, 0, 2, 2, 2, 2, 1, 2, 2, 2]","[1, 1, 1, 1, 1, 1, 1, 1, 0, 2, 0, 0, 0, 1, 1, 0, 0, 0, 0, 0, 1, 1, 0, 2, 0, 0, 0, 1, 1, 0, 2, 0, 0, 0, 1, 1, 0, 2, 0, 0, 5, 1, 1, 1, 1, 1, 1, 1, 1]"
39,4,0.9311224222183228,0.9403061270713806,0.6363636363636364,0.06185703034279868,"[2, 2, 0, 0, 2, 0, 2, 0, 2, 2, 2]","[2, 1, 2, 0, 2, 2, 2, 1, 2, 2, 2]","[1, 1, 1, 1, 1, 1, 1, 1, 0, 0, 0, 2, 0, 1, 1, 0, 0, 0, 0, 0, 1, 1, 0, 0, 0, 2, 0, 1, 1, 0, 0, 0, 2, 0, 1, 1, 0, 0, 0, 2, 5, 1, 1, 1, 1, 1, 1, 1, 1]"
39,5,0.9494897723197937,0.8989796042442322,0.8888888888888888,0.0088964222403857,"[2, 2, 2, 2, 0, 2, 2, 2, 2]","[2, 2, 2, 2, 1, 2, 2, 2, 2]","[1, 1, 1, 1, 1, 1, 1, 1, 0, 0, 0, 0, 0, 1, 1, 0, 0, 2, 0, 0, 1, 1, 0, 0, 2, 0, 0, 1, 1, 0, 0, 2, 0, 0, 1, 1, 0, 0, 2, 0, 5, 1, 1, 1, 1, 1, 1, 1, 1]"
39,6,0.9494897723197937,0.9494897723197937,0.8181818181818182,0.022478514393283563,"[2, 2, 2, 2, 2, 0, 2, 2, 2, 0, 2]","[2, 1, 2, 2, 2, 0, 2, 2, 2, 1, 2]","[1, 1, 1, 1, 1, 1, 1, 1, 0, 0, 0, 2, 0, 1, 1, 0, 0, 0, 2, 0, 1, 1, 0, 0, 0, 2, 0, 1, 1, 0, 0, 0, 0, 0, 1, 1, 0, 0, 0, 2, 5, 1, 1, 1, 1, 1, 1, 1, 1]"
39,7,0.954081654548645,0.9494897723197937,0.7272727272727273,0.07433519095057094,"[2, 2, 0, 2, 0, 2, 2, 2, 2, 0, 2]","[1, 2, 2, 2, 0, 2, 2, 2, 2, 1, 2]","[1, 1, 1, 1, 1, 1, 1, 1, 0, 0, 2, 0, 0, 1, 1, 0, 0, 2, 0, 0, 1, 1, 0, 0, 2, 0, 0, 1, 1, 0, 0, 0, 0, 0, 1, 1, 0, 0, 2, 0, 5, 1, 1, 1, 1, 1, 1, 1, 1]"
39,8,0.9265305995941162,0.954081654548645,0.7,0.0018141523163649254,"[2, 0, 0, 2, 2, 0, 2, 2, 2, 2]","[1, 2, 2, 2, 2, 0, 2, 2, 2, 2]","[1, 1, 1, 1, 1, 1, 1, 1, 0, 0, 2, 0, 0, 1, 1, 0, 0, 2, 0, 0, 1, 1, 0, 0, 2, 0, 0, 1, 1, 0, 0, 2, 0, 0, 1, 1, 0, 0, 0, 0, 5, 1, 1, 1, 1, 1, 1, 1, 1]"
39,9,0.9494897723197937,0.954081654548645,1.0,0.020754928163527933,"[2, 2, 2, 2, 1, 2, 2, 2, 2]","[2, 2, 2, 2, 1, 2, 2, 2, 2]","[1, 1, 1, 1, 1, 1, 1, 1, 0, 0, 0, 0, 0, 1, 1, 0, 2, 0, 0, 0, 1, 1, 0, 2, 0, 0, 0, 1, 1, 0, 2, 0, 0, 0, 1, 1, 0, 2, 0, 0, 5, 1, 1, 1, 1, 1, 1, 1, 1]"
39,10,0.0,0.9494897723197937,0.8888888888888888,0.07534847414858725,"[2, 2, 2, 2, 0, 2, 2, 2, 2]","[2, 2, 2, 2, 1, 2, 2, 2, 2]","[1, 1, 1, 1, 1, 1, 1, 1, 0, 0, 0, 0, 0, 1, 1, 0, 0, 2, 0, 0, 1, 1, 0, 0, 2, 0, 0, 1, 1, 0, 0, 2, 0, 0, 1, 1, 0, 0, 2, 0, 5, 1, 1, 1, 1, 1, 1, 1, 1]"
39,11,0.0,0.9494897723197937,0.6363636363636364,0.1603287399853938,"[2, 0, 0, 0, 2, 2, 2, 2, 0, 2, 2]","[1, 2, 2, 0, 2, 2, 2, 2, 1, 2, 2]","[1, 1, 1, 1, 1, 1, 1, 1, 0, 0, 2, 0, 0, 1, 1, 0, 0, 2, 0, 0, 1, 1, 0, 0, 0, 0, 0, 1, 1, 0, 0, 2, 0, 0, 1, 1, 0, 0, 2, 0, 5, 1, 1, 1, 1, 1, 1, 1, 1]"
39,12,0.0,0.0,0.9,0.07117375128380408,"[2, 2, 2, 2, 2, 2, 0, 2, 2, 2]","[2, 1, 2, 2, 2, 2, 0, 2, 2, 2]","[1, 1, 1, 1, 1, 1, 1, 1, 0, 0, 0, 2, 0, 1, 1, 0, 0, 0, 2, 0, 1, 1, 0, 0, 0, 2, 0, 1, 1, 0, 0, 0, 2, 0, 1, 1, 0, 0, 0, 0, 5, 1, 1, 1, 1, 1, 1, 1, 1]"
39,13,0.0,0.9494897723197937,0.8181818181818182,0.08586843324868526,"[2, 2, 2, 0, 0, 2, 2, 2, 1, 2, 2]","[2, 1, 2, 2, 0, 2, 2, 2, 1, 2, 2]","[1, 1, 1, 1, 1, 1, 1, 1, 0, 0, 0, 2, 0, 1, 1, 0, 0, 0, 2, 0, 1, 1, 0, 0, 0, 0, 0, 1, 1, 0, 0, 0, 2, 0, 1, 1, 0, 0, 0, 2, 5, 1, 1, 1, 1, 1, 1, 1, 1]"
39,14,0.9494897723197937,0.0,0.9090909090909091,0.008609229198191315,"[2, 2, 2, 2, 0, 2, 2, 2, 1, 2, 2]","[2, 1, 2, 2, 0, 2, 2, 2, 1, 2, 2]","[1, 1, 1, 1, 1, 1, 1, 1, 0, 0, 0, 2, 0, 1, 1, 0, 0, 0, 2, 0, 1, 1, 0, 0, 0, 0, 0, 1, 1, 0, 0, 0, 2, 0, 1, 1, 0, 0, 0, 2, 5, 1, 1, 1, 1, 1, 1, 1, 1]"
39,15,0.954081654548645,0.0,1.0,0.03362905792627399,"[2, 2, 2, 2, 1, 2, 2, 2, 2]","[2, 2, 2, 2, 1, 2, 2, 2, 2]","[1, 1, 1, 1, 1, 1, 1, 1, 0, 0, 0, 0, 0, 1, 1, 0, 0, 0, 2, 0, 1, 1, 0, 0, 0, 2, 0, 1, 1, 0, 0, 0, 2, 0, 1, 1, 0, 0, 0, 2, 5, 1, 1, 1, 1, 1, 1, 1, 1]"
39,16,0.954081654548645,0.9586734771728516,0.7272727272727273,0.06942789641272445,"[2, 0, 0, 0, 2, 2, 2, 2, 1, 2, 2]","[1, 2, 2, 0, 2, 2, 2, 2, 1, 2, 2]","[1, 1, 1, 1, 1, 1, 1, 1, 0, 0, 2, 0, 0, 1, 1, 0, 0, 2, 0, 0, 1, 1, 0, 0, 0, 0, 0, 1, 1, 0, 0, 2, 0, 0, 1, 1, 0, 0, 2, 0, 5, 1, 1, 1, 1, 1, 1, 1, 1]"
39,17,0.0,0.9494897723197937,0.4,0.0835946030195125,"[2, 0, 0, 0, 0, 0, 2, 2, 2, 0]","[1, 2, 2, 2, 2, 0, 2, 2, 2, 2]","[1, 1, 1, 1, 1, 1, 1, 1, 0, 0, 2, 0, 0, 1, 1, 0, 0, 2, 0, 0, 1, 1, 0, 0, 2, 0, 0, 1, 1, 0, 0, 2, 0, 0, 1, 1, 0, 0, 0, 0, 5, 1, 1, 1, 1, 1, 1, 1, 1]"
39,18,0.9494897723197937,0.9403061270713806,0.5,0.12042952276191946,"[2, 2, 0, 0, 0, 0, 0, 2, 2, 2]","[2, 1, 2, 2, 2, 2, 0, 2, 2, 2]","[1, 1, 1, 1, 1, 1, 1, 1, 0, 0, 0, 2, 0, 1, 1, 0, 0, 0, 2, 0, 1, 1, 0, 0, 0, 2, 0, 1, 1, 0, 0, 0, 2, 0, 1, 1, 0, 0, 0, 0, 5, 1, 1, 1, 1, 1, 1, 1, 1]"
39,19,0.9494897723197937,0.954081654548645,0.9,0.014979232370387762,"[2, 2, 2, 2, 2, 2, 0, 2, 2, 2]","[2, 1, 2, 2, 2, 2, 0, 2, 2, 2]","[1, 1, 1, 1, 1, 1, 1, 1, 0, 0, 0, 2, 0, 1, 1, 0, 0, 0, 2, 0, 1, 1, 0, 0, 0, 2, 0, 1, 1, 0, 0, 0, 2, 0, 1, 1, 0, 0, 0, 0, 5, 1, 1, 1, 1, 1, 1, 1, 1]"
40,0,0.9403061270713806,0.9494897723197937,0.8,0.0012551874155178667,"[2, 0, 2, 2, 2, 0, 2, 2, 2, 2]","[1, 2, 2, 2, 2, 0, 2, 2, 2, 2]","[1, 1, 1, 1, 1, 1, 1, 1, 0, 0, 2, 0, 0, 1, 1, 0, 0, 2, 0, 0, 1, 1, 0, 0, 2, 0, 0, 1, 1, 0, 0, 2, 0, 0, 1, 1, 0, 0, 0, 0, 5, 1, 1, 1, 1, 1, 1, 1, 1]"
40,1,0.9265305995941162,0.9265305995941162,0.8888888888888888,0.03094720950784077,"[2, 2, 2, 2, 0, 2, 2, 2, 2]","[2, 2, 2, 2, 1, 2, 2, 2, 2]","[1, 1, 1, 1, 1, 1, 1, 1, 0, 0, 0, 0, 0, 1, 1, 0, 2, 0, 0, 0, 1, 1, 0, 2, 0, 0, 0, 1, 1, 0, 2, 0, 0, 0, 1, 1, 0, 2, 0, 0, 5, 1, 1, 1, 1, 1, 1, 1, 1]"
40,2,0.9127551317214966,0.9494897723197937,1.0,0.015961166838274546,"[2, 2, 2, 2, 1, 2, 2, 2, 2]","[2, 2, 2, 2, 1, 2, 2, 2, 2]","[1, 1, 1, 1, 1, 1, 1, 1, 0, 0, 0, 0, 0, 1, 1, 0, 2, 0, 0, 0, 1, 1, 0, 2, 0, 0, 0, 1, 1, 0, 2, 0, 0, 0, 1, 1, 0, 2, 0, 0, 5, 1, 1, 1, 1, 1, 1, 1, 1]"
40,3,0.9311224222183228,0.9494897723197937,0.6363636363636364,0.03063650259388272,"[2, 2, 2, 0, 0, 0, 2, 2, 2, 0, 2]","[2, 1, 2, 2, 2, 0, 2, 2, 2, 1, 2]","[1, 1, 1, 1, 1, 1, 1, 1, 0, 0, 0, 2, 0, 1, 1, 0, 0, 0, 2, 0, 1, 1, 0, 0, 0, 2, 0, 1, 1, 0, 0, 0, 0, 0, 1, 1, 0, 0, 0, 2, 5, 1, 1, 1, 1, 1, 1, 1, 1]"
40,4,0.9494897723197937,0.9494897723197937,0.9090909090909091,0.0023637649944496593,"[2, 2, 2, 0, 2, 2, 2, 2, 1, 2, 2]","[1, 2, 2, 0, 2, 2, 2, 2, 1, 2, 2]","[1, 1, 1, 1, 1, 1, 1, 1, 0, 0, 2, 0, 0, 1, 1, 0, 0, 2, 0, 0, 1, 1, 0, 0, 0, 0, 0, 1, 1, 0, 0, 2, 0, 0, 1, 1, 0, 0, 2, 0, 5, 1, 1, 1, 1, 1, 1, 1, 1]"
40,5,0.954081654548645,0.9494897723197937,0.7272727272727273,0.08840823840297644,"[2, 2, 0, 0, 0, 2, 2, 2, 1, 2, 2]","[2, 1, 2, 2, 0, 2, 2, 2, 1, 2, 2]","[1, 1, 1, 1, 1, 1, 1, 1, 0, 0, 0, 2, 0, 1, 1, 0, 0, 0, 2, 0, 1, 1, 0, 0, 0, 0, 0, 1, 1, 0, 0, 0, 2, 0, 1, 1, 0, 0, 0, 2, 5, 1, 1, 1, 1, 1, 1, 1, 1]"
40,6,0.954081654548645,0.9494897723197937,0.9090909090909091,0.027803779190766032,"[2, 2, 2, 0, 2, 2, 2, 2, 1, 2, 2]","[1, 2, 2, 0, 2, 2, 2, 2, 1, 2, 2]","[1, 1, 1, 1, 1, 1, 1, 1, 0, 0, 2, 0, 0, 1, 1, 0, 0, 2, 0, 0, 1, 1, 0, 0, 0, 0, 0, 1, 1, 0, 0, 2, 0, 0, 1, 1, 0, 0, 2, 0, 5, 1, 1, 1, 1, 1, 1, 1, 1]"
40,7,0.9494897723197937,0.954081654548645,0.6363636363636364,0.14408174964773934,"[2, 2, 2, 0, 0, 0, 2, 2, 2, 0, 2]","[2, 1, 2, 2, 2, 0, 2, 2, 2, 1, 2]","[1, 1, 1, 1, 1, 1, 1, 1, 0, 0, 0, 2, 0, 1, 1, 0, 0, 0, 2, 0, 1, 1, 0, 0, 0, 2, 0, 1, 1, 0, 0, 0, 0, 0, 1, 1, 0, 0, 0, 2, 5, 1, 1, 1, 1, 1, 1, 1, 1]"
40,8,0.954081654548645,0.954081654548645,0.9090909090909091,0.0058235640521161255,"[1, 2, 2, 2, 0, 2, 2, 2, 2, 0, 2]","[1, 2, 2, 2, 0, 2, 2, 2, 2, 1, 2]","[1, 1, 1, 1, 1, 1, 1, 1, 0, 2, 0, 0, 0, 1, 1, 0, 2, 0, 0, 0, 1, 1, 0, 2, 0, 0, 0, 1, 1, 0, 0, 0, 0, 0, 1, 1, 0, 2, 0, 0, 5, 1, 1, 1, 1, 1, 1, 1, 1]"
40,9,0.9494897723197937,0.9494897723197937,0.8888888888888888,0.004933557007461786,"[2, 2, 2, 2, 0, 2, 2, 2, 2]","[2, 2, 2, 2, 1, 2, 2, 2, 2]","[1, 1, 1, 1, 1, 1, 1, 1, 0, 0, 0, 0, 0, 1, 1, 0, 2, 0, 0, 0, 1, 1, 0, 2, 0, 0, 0, 1, 1, 0, 2, 0, 0, 0, 1, 1, 0, 2, 0, 0, 5, 1, 1, 1, 1, 1, 1, 1, 1]"
40,10,0.9494897723197937,0.9494897723197937,0.6363636363636364,0.023451785252351934,"[2, 2, 2, 0, 0, 0, 2, 2, 2, 0, 2]","[2, 1, 2, 2, 2, 0, 2, 2, 2, 1, 2]","[1, 1, 1, 1, 1, 1, 1, 1, 0, 0, 0, 2, 0, 1, 1, 0, 0, 0, 2, 0, 1, 1, 0, 0, 0, 2, 0, 1, 1, 0, 0, 0, 0, 0, 1, 1, 0, 0, 0, 2, 5, 1, 1, 1, 1, 1, 1, 1, 1]"
40,11,0.9494897723197937,0.9494897723197937,1.0,0.05314200365529886,"[1, 2, 2, 2, 2, 0, 2, 2, 2, 2]","[1, 2, 2, 2, 2, 0, 2, 2, 2, 2]","[1, 1, 1, 1, 1, 1, 1, 1, 0, 2, 0, 0, 0, 1, 1, 0, 2, 0, 0, 0, 1, 1, 0, 2, 0, 0, 0, 1, 1, 0, 2, 0, 0, 0, 1, 1, 0, 0, 0, 0, 5, 1, 1, 1, 1, 1, 1, 1, 1]"
40,12,0.9494897723197937,0.9494897723197937,0.9090909090909091,0.06139589384177022,"[2, 2, 0, 2, 2, 2, 2, 1, 2, 2, 2]","[1, 2, 0, 2, 2, 2, 2, 1, 2, 2, 2]","[1, 1, 1, 1, 1, 1, 1, 1, 0, 0, 2, 0, 0, 1, 1, 0, 0, 0, 0, 0, 1, 1, 0, 0, 2, 0, 0, 1, 1, 0, 0, 2, 0, 0, 1, 1, 0, 0, 2, 0, 5, 1, 1, 1, 1, 1, 1, 1, 1]"
40,13,0.9494897723197937,0.954081654548645,0.8888888888888888,0.0982635570028585,"[2, 2, 2, 2, 0, 2, 2, 2, 2]","[2, 2, 2, 2, 1, 2, 2, 2, 2]","[1, 1, 1, 1, 1, 1, 1, 1, 0, 0, 0, 0, 0, 1, 1, 0, 0, 0, 2, 0, 1, 1, 0, 0, 0, 2, 0, 1, 1, 0, 0, 0, 2, 0, 1, 1, 0, 0, 0, 2, 5, 1, 1, 1, 1, 1, 1, 1, 1]"
40,14,0.9494897723197937,0.954081654548645,0.8888888888888888,0.05002432450683872,"[2, 2, 2, 2, 0, 2, 2, 2, 2]","[2, 2, 2, 2, 1, 2, 2, 2, 2]","[1, 1, 1, 1, 1, 1, 1, 1, 0, 0, 0, 0, 0, 1, 1, 0, 0, 0, 2, 0, 1, 1, 0, 0, 0, 2, 0, 1, 1, 0, 0, 0, 2, 0, 1, 1, 0, 0, 0, 2, 5, 1, 1, 1, 1, 1, 1, 1, 1]"
40,15,0.9357143044471741,0.9494897723197937,1.0,0.12384559385619857,"[1, 2, 2, 0, 2, 2, 2, 2, 1, 2, 2]","[1, 2, 2, 0, 2, 2, 2, 2, 1, 2, 2]","[1, 1, 1, 1, 1, 1, 1, 1, 0, 2, 0, 0, 0, 1, 1, 0, 2, 0, 0, 0, 1, 1, 0, 0, 0, 0, 0, 1, 1, 0, 2, 0, 0, 0, 1, 1, 0, 2, 0, 0, 5, 1, 1, 1, 1, 1, 1, 1, 1]"
40,16,0.9494897723197937,0.9357143044471741,0.8,0.05159651750264774,"[2, 2, 0, 2, 2, 2, 0, 2, 2, 2]","[2, 1, 2, 2, 2, 2, 0, 2, 2, 2]","[1, 1, 1, 1, 1, 1, 1, 1, 0, 0, 0, 2, 0, 1, 1, 0, 0, 0, 2, 0, 1, 1, 0, 0, 0, 2, 0, 1, 1, 0, 0, 0, 2, 0, 1, 1, 0, 0, 0, 0, 5, 1, 1, 1, 1, 1, 1, 1, 1]"
40,17,0.954081654548645,0.0,0.8181818181818182,0.09119279252494876,"[2, 2, 2, 0, 2, 2, 2, 2, 0, 2, 2]","[1, 2, 2, 0, 2, 2, 2, 2, 1, 2, 2]","[1, 1, 1, 1, 1, 1, 1, 1, 0, 0, 2, 0, 0, 1, 1, 0, 0, 2, 0, 0, 1, 1, 0, 0, 0, 0, 0, 1, 1, 0, 0, 2, 0, 0, 1, 1, 0, 0, 2, 0, 5, 1, 1, 1, 1, 1, 1, 1, 1]"
40,18,0.9586734771728516,0.9586734771728516,0.8181818181818182,0.02291567280462914,"[2, 2, 2, 2, 2, 0, 2, 2, 2, 0, 2]","[2, 1, 2, 2, 2, 0, 2, 2, 2, 1, 2]","[1, 1, 1, 1, 1, 1, 1, 1, 0, 0, 0, 2, 0, 1, 1, 0, 0, 0, 2, 0, 1, 1, 0, 0, 0, 2, 0, 1, 1, 0, 0, 0, 0, 0, 1, 1, 0, 0, 0, 2, 5, 1, 1, 1, 1, 1, 1, 1, 1]"
40,19,0.9494897723197937,0.9586734771728516,0.8181818181818182,0.04527811319858301,"[2, 2, 2, 2, 0, 2, 2, 2, 0, 2, 2]","[2, 1, 2, 2, 0, 2, 2, 2, 1, 2, 2]","[1, 1, 1, 1, 1, 1, 1, 1, 0, 0, 0, 2, 0, 1, 1, 0, 0, 0, 2, 0, 1, 1, 0, 0, 0, 0, 0, 1, 1, 0, 0, 0, 2, 0, 1, 1, 0, 0, 0, 2, 5, 1, 1, 1, 1, 1, 1, 1, 1]"
41,0,0.9494897723197937,0.9494897723197937,1.0,0.5856580631327827,"[1, 2, 0, 2, 2, 2, 2, 1, 2, 2, 2]","[1, 2, 0, 2, 2, 2, 2, 1, 2, 2, 2]","[1, 1, 1, 1, 1, 1, 1, 1, 0, 2, 0, 0, 0, 1, 1, 0, 0, 0, 0, 0, 1, 1, 0, 2, 0, 0, 0, 1, 1, 0, 2, 0, 0, 0, 1, 1, 0, 2, 0, 0, 5, 1, 1, 1, 1, 1, 1, 1, 1]"
41,1,0.9173469543457031,0.9357143044471741,0.5454545454545454,0.07301488262072037,"[0, 2, 2, 0, 0, 0, 2, 2, 2, 0, 2]","[2, 1, 2, 2, 2, 0, 2, 2, 2, 1, 2]","[1, 1, 1, 1, 1, 1, 1, 1, 0, 0, 0, 2, 0, 1, 1, 0, 0, 0, 2, 0, 1, 1, 0, 0, 0, 2, 0, 1, 1, 0, 0, 0, 0, 0, 1, 1, 0, 0, 0, 2, 5, 1, 1, 1, 1, 1, 1, 1, 1]"
41,2,0.9357143044471741,0.9494897723197937,0.8888888888888888,0.017533582885516808,"[2, 2, 2, 2, 0, 2, 2, 2, 2]","[2, 2, 2, 2, 1, 2, 2, 2, 2]","[1, 1, 1, 1, 1, 1, 1, 1, 0, 0, 0, 0, 0, 1, 1, 0, 0, 2, 0, 0, 1, 1, 0, 0, 2, 0, 0, 1, 1, 0, 0, 2, 0, 0, 1, 1, 0, 0, 2, 0, 5, 1, 1, 1, 1, 1, 1, 1, 1]"
41,3,0.0,0.9127551317214966,0.6363636363636364,0.8926908253455696,"[2, 2, 0, 0, 0, 2, 0, 2, 1, 2, 2]","[2, 1, 2, 2, 0, 2, 2, 2, 1, 2, 2]","[1, 1, 1, 1, 1, 1, 1, 1, 0, 0, 0, 2, 0, 1, 1, 0, 0, 0, 2, 0, 1, 1, 0, 0, 0, 0, 0, 1, 1, 0, 0, 0, 2, 0, 1, 1, 0, 0, 0, 2, 5, 1, 1, 1, 1, 1, 1, 1, 1]"
41,4,0.0,0.0,0.9,0.12864461701276608,"[2, 2, 2, 2, 2, 2, 0, 2, 2, 2]","[2, 1, 2, 2, 2, 2, 0, 2, 2, 2]","[1, 1, 1, 1, 1, 1, 1, 1, 0, 0, 0, 2, 0, 1, 1, 0, 0, 0, 2, 0, 1, 1, 0, 0, 0, 2, 0, 1, 1, 0, 0, 0, 2, 0, 1, 1, 0, 0, 0, 0, 5, 1, 1, 1, 1, 1, 1, 1, 1]"
41,5,0.0,0.954081654548645,0.5454545454545454,0.917783161451831,"[2, 0, 2, 2, 0, 0, 0, 2, 2, 0, 2]","[1, 2, 2, 2, 0, 2, 2, 2, 2, 1, 2]","[1, 1, 1, 1, 1, 1, 1, 1, 0, 0, 2, 0, 0, 1, 1, 0, 0, 2, 0, 0, 1, 1, 0, 0, 2, 0, 0, 1, 1, 0, 0, 0, 0, 0, 1, 1, 0, 0, 2, 0, 5, 1, 1, 1, 1, 1, 1, 1, 1]"
41,6,0.9403061270713806,0.954081654548645,1.0,0.011717249718706378,"[1, 2, 0, 2, 2, 2, 2, 1, 2, 2, 2]","[1, 2, 0, 2, 2, 2, 2, 1, 2, 2, 2]","[1, 1, 1, 1, 1, 1, 1, 1, 0, 2, 0, 0, 0, 1, 1, 0, 0, 0, 0, 0, 1, 1, 0, 2, 0, 0, 0, 1, 1, 0, 2, 0, 0, 0, 1, 1, 0, 2, 0, 0, 5, 1, 1, 1, 1, 1, 1, 1, 1]"
41,7,0.9173469543457031,0.9311224222183228,0.9090909090909091,0.008342849379087884,"[2, 2, 2, 0, 2, 2, 2, 1, 2, 2, 2]","[2, 1, 2, 0, 2, 2, 2, 1, 2, 2, 2]","[1, 1, 1, 1, 1, 1, 1, 1, 0, 0, 0, 2, 0, 1, 1, 0, 0, 0, 0, 0, 1, 1, 0, 0, 0, 2, 0, 1, 1, 0, 0, 0, 2, 0, 1, 1, 0, 0, 0, 2, 5, 1, 1, 1, 1, 1, 1, 1, 1]"
41,8,0.0,0.9494897723197937,0.9090909090909091,0.16102070728730825,"[1, 2, 0, 0, 2, 2, 2, 1, 2, 2, 2]","[1, 2, 0, 2, 2, 2, 2, 1, 2, 2, 2]","[1, 1, 1, 1, 1, 1, 1, 1, 0, 2, 0, 0, 0, 1, 1, 0, 0, 0, 0, 0, 1, 1, 0, 2, 0, 0, 0, 1, 1, 0, 2, 0, 0, 0, 1, 1, 0, 2, 0, 0, 5, 1, 1, 1, 1, 1, 1, 1, 1]"
41,9,0.9494897723197937,0.9265305995941162,0.6363636363636364,0.005854893332897601,"[2, 2, 0, 0, 0, 2, 2, 2, 2, 0, 2]","[1, 2, 2, 2, 0, 2, 2, 2, 2, 1, 2]","[1, 1, 1, 1, 1, 1, 1, 1, 0, 0, 2, 0, 0, 1, 1, 0, 0, 2, 0, 0, 1, 1, 0, 0, 2, 0, 0, 1, 1, 0, 0, 0, 0, 0, 1, 1, 0, 0, 2, 0, 5, 1, 1, 1, 1, 1, 1, 1, 1]"
41,10,0.9494897723197937,0.0,1.0,0.11001178929776263,"[2, 2, 2, 2, 1, 2, 2, 2, 2]","[2, 2, 2, 2, 1, 2, 2, 2, 2]","[1, 1, 1, 1, 1, 1, 1, 1, 0, 0, 0, 0, 0, 1, 1, 0, 2, 0, 0, 0, 1, 1, 0, 2, 0, 0, 0, 1, 1, 0, 2, 0, 0, 0, 1, 1, 0, 2, 0, 0, 5, 1, 1, 1, 1, 1, 1, 1, 1]"
41,11,0.9494897723197937,0.9494897723197937,1.0,0.032166441465960816,"[1, 2, 0, 2, 2, 2, 2, 1, 2, 2, 2]","[1, 2, 0, 2, 2, 2, 2, 1, 2, 2, 2]","[1, 1, 1, 1, 1, 1, 1, 1, 0, 2, 0, 0, 0, 1, 1, 0, 0, 0, 0, 0, 1, 1, 0, 2, 0, 0, 0, 1, 1, 0, 2, 0, 0, 0, 1, 1, 0, 2, 0, 0, 5, 1, 1, 1, 1, 1, 1, 1, 1]"
41,12,0.9127551317214966,0.9494897723197937,0.9090909090909091,0.04911672774125526,"[2, 2, 2, 2, 0, 2, 2, 2, 1, 2, 2]","[2, 1, 2, 2, 0, 2, 2, 2, 1, 2, 2]","[1, 1, 1, 1, 1, 1, 1, 1, 0, 0, 0, 2, 0, 1, 1, 0, 0, 0, 2, 0, 1, 1, 0, 0, 0, 0, 0, 1, 1, 0, 0, 0, 2, 0, 1, 1, 0, 0, 0, 2, 5, 1, 1, 1, 1, 1, 1, 1, 1]"
41,13,0.954081654548645,0.954081654548645,0.8181818181818182,0.002493901779719939,"[2, 2, 2, 2, 2, 0, 2, 2, 2, 0, 2]","[2, 1, 2, 2, 2, 0, 2, 2, 2, 1, 2]","[1, 1, 1, 1, 1, 1, 1, 1, 0, 0, 0, 2, 0, 1, 1, 0, 0, 0, 2, 0, 1, 1, 0, 0, 0, 2, 0, 1, 1, 0, 0, 0, 0, 0, 1, 1, 0, 0, 0, 2, 5, 1, 1, 1, 1, 1, 1, 1, 1]"
41,14,0.9586734771728516,0.954081654548645,1.0,0.006551126870262023,"[2, 2, 2, 2, 1, 2, 2, 2, 2]","[2, 2, 2, 2, 1, 2, 2, 2, 2]","[1, 1, 1, 1, 1, 1, 1, 1, 0, 0, 0, 0, 0, 1, 1, 0, 2, 0, 0, 0, 1, 1, 0, 2, 0, 0, 0, 1, 1, 0, 2, 0, 0, 0, 1, 1, 0, 2, 0, 0, 5, 1, 1, 1, 1, 1, 1, 1, 1]"
41,15,0.9494897723197937,0.9586734771728516,0.8181818181818182,0.004479499587502617,"[2, 2, 2, 2, 2, 0, 2, 2, 2, 0, 2]","[2, 1, 2, 2, 2, 0, 2, 2, 2, 1, 2]","[1, 1, 1, 1, 1, 1, 1, 1, 0, 0, 0, 2, 0, 1, 1, 0, 0, 0, 2, 0, 1, 1, 0, 0, 0, 2, 0, 1, 1, 0, 0, 0, 0, 0, 1, 1, 0, 0, 0, 2, 5, 1, 1, 1, 1, 1, 1, 1, 1]"
41,16,0.9494897723197937,0.9403061270713806,0.9090909090909091,0.019743618335471384,"[2, 2, 0, 2, 2, 2, 2, 1, 2, 2, 2]","[1, 2, 0, 2, 2, 2, 2, 1, 2, 2, 2]","[1, 1, 1, 1, 1, 1, 1, 1, 0, 0, 2, 0, 0, 1, 1, 0, 0, 0, 0, 0, 1, 1, 0, 0, 2, 0, 0, 1, 1, 0, 0, 2, 0, 0, 1, 1, 0, 0, 2, 0, 5, 1, 1, 1, 1, 1, 1, 1, 1]"
41,17,0.954081654548645,0.9403061270713806,1.0,0.008216182648902759,"[2, 2, 2, 2, 1, 2, 2, 2, 2]","[2, 2, 2, 2, 1, 2, 2, 2, 2]","[1, 1, 1, 1, 1, 1, 1, 1, 0, 0, 0, 0, 0, 1, 1, 0, 2, 0, 0, 0, 1, 1, 0, 2, 0, 0, 0, 1, 1, 0, 2, 0, 0, 0, 1, 1, 0, 2, 0, 0, 5, 1, 1, 1, 1, 1, 1, 1, 1]"
41,18,0.9494897723197937,0.9494897723197937,0.8888888888888888,0.007062148906036534,"[2, 2, 2, 2, 0, 2, 2, 2, 2]","[2, 2, 2, 2, 1, 2, 2, 2, 2]","[1, 1, 1, 1, 1, 1, 1, 1, 0, 0, 0, 0, 0, 1, 1, 0, 0, 0, 2, 0, 1, 1, 0, 0, 0, 2, 0, 1, 1, 0, 0, 0, 2, 0, 1, 1, 0, 0, 0, 2, 5, 1, 1, 1, 1, 1, 1, 1, 1]"
41,19,0.9265305995941162,0.954081654548645,1.0,0.0021326106871129014,"[2, 2, 2, 2, 1, 2, 2, 2, 2]","[2, 2, 2, 2, 1, 2, 2, 2, 2]","[1, 1, 1, 1, 1, 1, 1, 1, 0, 0, 0, 0, 0, 1, 1, 0, 0, 0, 2, 0, 1, 1, 0, 0, 0, 2, 0, 1, 1, 0, 0, 0, 2, 0, 1, 1, 0, 0, 0, 2, 5, 1, 1, 1, 1, 1, 1, 1, 1]"
42,0,0.9586734771728516,0.0,0.8181818181818182,0.0698284046491608,"[2, 2, 0, 0, 2, 2, 2, 1, 2, 2, 2]","[2, 1, 2, 0, 2, 2, 2, 1, 2, 2, 2]","[1, 1, 1, 1, 1, 1, 1, 1, 0, 0, 0, 2, 0, 1, 1, 0, 0, 0, 0, 0, 1, 1, 0, 0, 0, 2, 0, 1, 1, 0, 0, 0, 2, 0, 1, 1, 0, 0, 0, 2, 5, 1, 1, 1, 1, 1, 1, 1, 1]"
42,1,0.9494897723197937,0.9403061270713806,0.8,0.015985537444728172,"[2, 0, 2, 2, 2, 0, 2, 2, 2, 2]","[1, 2, 2, 2, 2, 0, 2, 2, 2, 2]","[1, 1, 1, 1, 1, 1, 1, 1, 0, 0, 2, 0, 0, 1, 1, 0, 0, 2, 0, 0, 1, 1, 0, 0, 2, 0, 0, 1, 1, 0, 0, 2, 0, 0, 1, 1, 0, 0, 0, 0, 5, 1, 1, 1, 1, 1, 1, 1, 1]"
42,2,0.9494897723197937,0.9494897723197937,0.9090909090909091,0.004269755495690994,"[1, 2, 2, 2, 0, 2, 2, 2, 2, 0, 2]","[1, 2, 2, 2, 0, 2, 2, 2, 2, 1, 2]","[1, 1, 1, 1, 1, 1, 1, 1, 0, 2, 0, 0, 0, 1, 1, 0, 2, 0, 0, 0, 1, 1, 0, 2, 0, 0, 0, 1, 1, 0, 0, 0, 0, 0, 1, 1, 0, 2, 0, 0, 5, 1, 1, 1, 1, 1, 1, 1, 1]"
42,3,0.9494897723197937,0.954081654548645,1.0,0.048874847359415566,"[1, 2, 2, 0, 2, 2, 2, 2, 1, 2, 2]","[1, 2, 2, 0, 2, 2, 2, 2, 1, 2, 2]","[1, 1, 1, 1, 1, 1, 1, 1, 0, 2, 0, 0, 0, 1, 1, 0, 2, 0, 0, 0, 1, 1, 0, 0, 0, 0, 0, 1, 1, 0, 2, 0, 0, 0, 1, 1, 0, 2, 0, 0, 5, 1, 1, 1, 1, 1, 1, 1, 1]"
42,4,0.9127551317214966,0.9586734771728516,1.0,0.013385528084737334,"[1, 2, 0, 2, 2, 2, 2, 1, 2, 2, 2]","[1, 2, 0, 2, 2, 2, 2, 1, 2, 2, 2]","[1, 1, 1, 1, 1, 1, 1, 1, 0, 2, 0, 0, 0, 1, 1, 0, 0, 0, 0, 0, 1, 1, 0, 2, 0, 0, 0, 1, 1, 0, 2, 0, 0, 0, 1, 1, 0, 2, 0, 0, 5, 1, 1, 1, 1, 1, 1, 1, 1]"
42,5,0.9403061270713806,0.9265305995941162,1.0,0.02362408092250751,"[1, 2, 2, 0, 2, 2, 2, 2, 1, 2, 2]","[1, 2, 2, 0, 2, 2, 2, 2, 1, 2, 2]","[1, 1, 1, 1, 1, 1, 1, 1, 0, 2, 0, 0, 0, 1, 1, 0, 2, 0, 0, 0, 1, 1, 0, 0, 0, 0, 0, 1, 1, 0, 2, 0, 0, 0, 1, 1, 0, 2, 0, 0, 5, 1, 1, 1, 1, 1, 1, 1, 1]"
42,6,0.0,0.954081654548645,1.0,0.011709941200226441,"[1, 2, 2, 0, 2, 2, 2, 2, 1, 2, 2]","[1, 2, 2, 0, 2, 2, 2, 2, 1, 2, 2]","[1, 1, 1, 1, 1, 1, 1, 1, 0, 2, 0, 0, 0, 1, 1, 0, 2, 0, 0, 0, 1, 1, 0, 0, 0, 0, 0, 1, 1, 0, 2, 0, 0, 0, 1, 1, 0, 2, 0, 0, 5, 1, 1, 1, 1, 1, 1, 1, 1]"
42,7,0.9494897723197937,0.9494897723197937,0.9090909090909091,0.07825622408644348,"[1, 2, 2, 2, 0, 2, 2, 2, 2, 0, 2]","[1, 2, 2, 2, 0, 2, 2, 2, 2, 1, 2]","[1, 1, 1, 1, 1, 1, 1, 1, 0, 2, 0, 0, 0, 1, 1, 0, 2, 0, 0, 0, 1, 1, 0, 2, 0, 0, 0, 1, 1, 0, 0, 0, 0, 0, 1, 1, 0, 2, 0, 0, 5, 1, 1, 1, 1, 1, 1, 1, 1]"
42,8,0.9494897723197937,0.954081654548645,0.9090909090909091,0.013855879474166695,"[2, 2, 2, 0, 2, 2, 2, 1, 2, 2, 2]","[2, 1, 2, 0, 2, 2, 2, 1, 2, 2, 2]","[1, 1, 1, 1, 1, 1, 1, 1, 0, 0, 0, 2, 0, 1, 1, 0, 0, 0, 0, 0, 1, 1, 0, 0, 0, 2, 0, 1, 1, 0, 0, 0, 2, 0, 1, 1, 0, 0, 0, 2, 5, 1, 1, 1, 1, 1, 1, 1, 1]"
42,9,0.9494897723197937,0.9403061270713806,0.8888888888888888,0.04025906723505945,"[2, 2, 2, 2, 0, 2, 2, 2, 2]","[2, 2, 2, 2, 1, 2, 2, 2, 2]","[1, 1, 1, 1, 1, 1, 1, 1, 0, 0, 0, 0, 0, 1, 1, 0, 0, 2, 0, 0, 1, 1, 0, 0, 2, 0, 0, 1, 1, 0, 0, 2, 0, 0, 1, 1, 0, 0, 2, 0, 5, 1, 1, 1, 1, 1, 1, 1, 1]"
42,10,0.9494897723197937,0.9035714268684387,1.0,0.07000616616860497,"[2, 2, 2, 2, 1, 2, 2, 2, 2]","[2, 2, 2, 2, 1, 2, 2, 2, 2]","[1, 1, 1, 1, 1, 1, 1, 1, 0, 0, 0, 0, 0, 1, 1, 0, 2, 0, 0, 0, 1, 1, 0, 2, 0, 0, 0, 1, 1, 0, 2, 0, 0, 0, 1, 1, 0, 2, 0, 0, 5, 1, 1, 1, 1, 1, 1, 1, 1]"
42,11,0.9586734771728516,0.9494897723197937,0.8181818181818182,0.011596150469914492,"[2, 2, 2, 0, 0, 2, 2, 2, 1, 2, 2]","[2, 1, 2, 2, 0, 2, 2, 2, 1, 2, 2]","[1, 1, 1, 1, 1, 1, 1, 1, 0, 0, 0, 2, 0, 1, 1, 0, 0, 0, 2, 0, 1, 1, 0, 0, 0, 0, 0, 1, 1, 0, 0, 0, 2, 0, 1, 1, 0, 0, 0, 2, 5, 1, 1, 1, 1, 1, 1, 1, 1]"
42,12,0.954081654548645,0.9494897723197937,1.0,0.01051772820452849,"[2, 2, 2, 2, 1, 2, 2, 2, 2]","[2, 2, 2, 2, 1, 2, 2, 2, 2]","[1, 1, 1, 1, 1, 1, 1, 1, 0, 0, 0, 0, 0, 1, 1, 0, 0, 2, 0, 0, 1, 1, 0, 0, 2, 0, 0, 1, 1, 0, 0, 2, 0, 0, 1, 1, 0, 0, 2, 0, 5, 1, 1, 1, 1, 1, 1, 1, 1]"
42,13,0.9494897723197937,0.954081654548645,1.0,0.015796843626462345,"[1, 2, 2, 0, 2, 2, 2, 2, 1, 2, 2]","[1, 2, 2, 0, 2, 2, 2, 2, 1, 2, 2]","[1, 1, 1, 1, 1, 1, 1, 1, 0, 2, 0, 0, 0, 1, 1, 0, 2, 0, 0, 0, 1, 1, 0, 0, 0, 0, 0, 1, 1, 0, 2, 0, 0, 0, 1, 1, 0, 2, 0, 0, 5, 1, 1, 1, 1, 1, 1, 1, 1]"
42,14,0.954081654548645,0.9494897723197937,0.6363636363636364,0.018172783308810638,"[2, 2, 0, 2, 0, 0, 2, 2, 2, 0, 2]","[2, 1, 2, 2, 2, 0, 2, 2, 2, 1, 2]","[1, 1, 1, 1, 1, 1, 1, 1, 0, 0, 0, 2, 0, 1, 1, 0, 0, 0, 2, 0, 1, 1, 0, 0, 0, 2, 0, 1, 1, 0, 0, 0, 0, 0, 1, 1, 0, 0, 0, 2, 5, 1, 1, 1, 1, 1, 1, 1, 1]"
42,15,0.9403061270713806,0.0,0.7272727272727273,0.004558500932439024,"[2, 2, 2, 2, 2, 2, 2, 2, 2, 0, 2]","[1, 2, 2, 2, 0, 2, 2, 2, 2, 1, 2]","[1, 1, 1, 1, 1, 1, 1, 1, 0, 0, 2, 0, 0, 1, 1, 0, 0, 2, 0, 0, 1, 1, 0, 0, 2, 0, 0, 1, 1, 0, 0, 0, 0, 0, 1, 1, 0, 0, 2, 0, 5, 1, 1, 1, 1, 1, 1, 1, 1]"
42,16,0.9494897723197937,0.9494897723197937,0.9,0.7448674079359804,"[2, 2, 2, 2, 2, 2, 0, 2, 2, 2]","[2, 1, 2, 2, 2, 2, 0, 2, 2, 2]","[1, 1, 1, 1, 1, 1, 1, 1, 0, 0, 0, 2, 0, 1, 1, 0, 0, 0, 2, 0, 1, 1, 0, 0, 0, 2, 0, 1, 1, 0, 0, 0, 2, 0, 1, 1, 0, 0, 0, 0, 5, 1, 1, 1, 1, 1, 1, 1, 1]"
42,17,0.9586734771728516,0.9494897723197937,0.8,0.0037628311919333,"[2, 0, 2, 2, 2, 0, 2, 2, 2, 2]","[1, 2, 2, 2, 2, 0, 2, 2, 2, 2]","[1, 1, 1, 1, 1, 1, 1, 1, 0, 0, 2, 0, 0, 1, 1, 0, 0, 2, 0, 0, 1, 1, 0, 0, 2, 0, 0, 1, 1, 0, 0, 2, 0, 0, 1, 1, 0, 0, 0, 0, 5, 1, 1, 1, 1, 1, 1, 1, 1]"
42,18,0.954081654548645,0.9494897723197937,0.6363636363636364,0.011485226366494317,"[2, 2, 0, 2, 0, 0, 2, 2, 2, 0, 2]","[2, 1, 2, 2, 2, 0, 2, 2, 2, 1, 2]","[1, 1, 1, 1, 1, 1, 1, 1, 0, 0, 0, 2, 0, 1, 1, 0, 0, 0, 2, 0, 1, 1, 0, 0, 0, 2, 0, 1, 1, 0, 0, 0, 0, 0, 1, 1, 0, 0, 0, 2, 5, 1, 1, 1, 1, 1, 1, 1, 1]"
42,19,0.9403061270713806,0.9494897723197937,1.0,0.033653398418788456,"[2, 2, 2, 2, 1, 2, 2, 2, 2]","[2, 2, 2, 2, 1, 2, 2, 2, 2]","[1, 1, 1, 1, 1, 1, 1, 1, 0, 0, 0, 0, 0, 1, 1, 0, 2, 0, 0, 0, 1, 1, 0, 2, 0, 0, 0, 1, 1, 0, 2, 0, 0, 0, 1, 1, 0, 2, 0, 0, 5, 1, 1, 1, 1, 1, 1, 1, 1]"
43,0,0.9403061270713806,0.9586734771728516,0.9090909090909091,0.0031624826644676635,"[2, 2, 2, 0, 2, 2, 2, 2, 1, 2, 2]","[1, 2, 2, 0, 2, 2, 2, 2, 1, 2, 2]","[1, 1, 1, 1, 1, 1, 1, 1, 0, 0, 2, 0, 0, 1, 1, 0, 0, 2, 0, 0, 1, 1, 0, 0, 0, 0, 0, 1, 1, 0, 0, 2, 0, 0, 1, 1, 0, 0, 2, 0, 5, 1, 1, 1, 1, 1, 1, 1, 1]"
43,1,0.954081654548645,0.954081654548645,0.8,0.023648476184462197,"[2, 0, 2, 2, 2, 0, 2, 2, 2, 2]","[1, 2, 2, 2, 2, 0, 2, 2, 2, 2]","[1, 1, 1, 1, 1, 1, 1, 1, 0, 0, 2, 0, 0, 1, 1, 0, 0, 2, 0, 0, 1, 1, 0, 0, 2, 0, 0, 1, 1, 0, 0, 2, 0, 0, 1, 1, 0, 0, 0, 0, 5, 1, 1, 1, 1, 1, 1, 1, 1]"
43,2,0.9403061270713806,0.9494897723197937,0.7272727272727273,0.006756093681178754,"[2, 0, 2, 2, 0, 2, 2, 2, 2, 0, 2]","[1, 2, 2, 2, 0, 2, 2, 2, 2, 1, 2]","[1, 1, 1, 1, 1, 1, 1, 1, 0, 0, 2, 0, 0, 1, 1, 0, 0, 2, 0, 0, 1, 1, 0, 0, 2, 0, 0, 1, 1, 0, 0, 0, 0, 0, 1, 1, 0, 0, 2, 0, 5, 1, 1, 1, 1, 1, 1, 1, 1]"
43,3,0.9494897723197937,0.9494897723197937,1.0,0.028612675915197047,"[1, 2, 2, 2, 2, 0, 2, 2, 2, 2]","[1, 2, 2, 2, 2, 0, 2, 2, 2, 2]","[1, 1, 1, 1, 1, 1, 1, 1, 0, 2, 0, 0, 0, 1, 1, 0, 2, 0, 0, 0, 1, 1, 0, 2, 0, 0, 0, 1, 1, 0, 2, 0, 0, 0, 1, 1, 0, 0, 0, 0, 5, 1, 1, 1, 1, 1, 1, 1, 1]"
43,4,0.9494897723197937,0.954081654548645,1.0,0.011858085091014138,"[1, 2, 2, 2, 2, 0, 2, 2, 2, 2]","[1, 2, 2, 2, 2, 0, 2, 2, 2, 2]","[1, 1, 1, 1, 1, 1, 1, 1, 0, 2, 0, 0, 0, 1, 1, 0, 2, 0, 0, 0, 1, 1, 0, 2, 0, 0, 0, 1, 1, 0, 2, 0, 0, 0, 1, 1, 0, 0, 0, 0, 5, 1, 1, 1, 1, 1, 1, 1, 1]"
43,5,0.9403061270713806,0.0,0.7272727272727273,0.033314582830644215,"[2, 2, 0, 2, 2, 0, 2, 2, 2, 0, 2]","[2, 1, 2, 2, 2, 0, 2, 2, 2, 1, 2]","[1, 1, 1, 1, 1, 1, 1, 1, 0, 0, 0, 2, 0, 1, 1, 0, 0, 0, 2, 0, 1, 1, 0, 0, 0, 2, 0, 1, 1, 0, 0, 0, 0, 0, 1, 1, 0, 0, 0, 2, 5, 1, 1, 1, 1, 1, 1, 1, 1]"
43,6,0.9494897723197937,0.9219387769699097,0.7272727272727273,0.045606943842192944,"[2, 2, 2, 2, 2, 2, 2, 2, 2, 0, 2]","[2, 1, 2, 2, 2, 0, 2, 2, 2, 1, 2]","[1, 1, 1, 1, 1, 1, 1, 1, 0, 0, 0, 2, 0, 1, 1, 0, 0, 0, 2, 0, 1, 1, 0, 0, 0, 2, 0, 1, 1, 0, 0, 0, 0, 0, 1, 1, 0, 0, 0, 2, 5, 1, 1, 1, 1, 1, 1, 1, 1]"
43,7,0.9586734771728516,0.9494897723197937,1.0,0.0053439100971445445,"[1, 2, 0, 2, 2, 2, 2, 1, 2, 2, 2]","[1, 2, 0, 2, 2, 2, 2, 1, 2, 2, 2]","[1, 1, 1, 1, 1, 1, 1, 1, 0, 2, 0, 0, 0, 1, 1, 0, 0, 0, 0, 0, 1, 1, 0, 2, 0, 0, 0, 1, 1, 0, 2, 0, 0, 0, 1, 1, 0, 2, 0, 0, 5, 1, 1, 1, 1, 1, 1, 1, 1]"
43,8,0.9265305995941162,0.954081654548645,0.7,0.6557462416195468,"[2, 0, 2, 2, 2, 0, 0, 2, 2, 2]","[1, 2, 2, 2, 2, 0, 2, 2, 2, 2]","[1, 1, 1, 1, 1, 1, 1, 1, 0, 0, 2, 0, 0, 1, 1, 0, 0, 2, 0, 0, 1, 1, 0, 0, 2, 0, 0, 1, 1, 0, 0, 2, 0, 0, 1, 1, 0, 0, 0, 0, 5, 1, 1, 1, 1, 1, 1, 1, 1]"
43,9,0.9586734771728516,0.954081654548645,1.0,0.5360474998821645,"[2, 2, 2, 2, 1, 2, 2, 2, 2]","[2, 2, 2, 2, 1, 2, 2, 2, 2]","[1, 1, 1, 1, 1, 1, 1, 1, 0, 0, 0, 0, 0, 1, 1, 0, 2, 0, 0, 0, 1, 1, 0, 2, 0, 0, 0, 1, 1, 0, 2, 0, 0, 0, 1, 1, 0, 2, 0, 0, 5, 1, 1, 1, 1, 1, 1, 1, 1]"
43,10,0.0,0.9265305995941162,0.9090909090909091,0.6716844932387324,"[1, 2, 0, 2, 2, 2, 2, 2, 2, 2, 2]","[1, 2, 0, 2, 2, 2, 2, 1, 2, 2, 2]","[1, 1, 1, 1, 1, 1, 1, 1, 0, 2, 0, 0, 0, 1, 1, 0, 0, 0, 0, 0, 1, 1, 0, 2, 0, 0, 0, 1, 1, 0, 2, 0, 0, 0, 1, 1, 0, 2, 0, 0, 5, 1, 1, 1, 1, 1, 1, 1, 1]"
43,11,0.9127551317214966,0.9494897723197937,1.0,0.004002367021813471,"[1, 2, 2, 2, 2, 0, 2, 2, 2, 2]","[1, 2, 2, 2, 2, 0, 2, 2, 2, 2]","[1, 1, 1, 1, 1, 1, 1, 1, 0, 2, 0, 0, 0, 1, 1, 0, 2, 0, 0, 0, 1, 1, 0, 2, 0, 0, 0, 1, 1, 0, 2, 0, 0, 0, 1, 1, 0, 0, 0, 0, 5, 1, 1, 1, 1, 1, 1, 1, 1]"
43,12,0.954081654548645,0.954081654548645,1.0,0.010896040074941184,"[2, 2, 2, 2, 1, 2, 2, 2, 2]","[2, 2, 2, 2, 1, 2, 2, 2, 2]","[1, 1, 1, 1, 1, 1, 1, 1, 0, 0, 0, 0, 0, 1, 1, 0, 0, 2, 0, 0, 1, 1, 0, 0, 2, 0, 0, 1, 1, 0, 0, 2, 0, 0, 1, 1, 0, 0, 2, 0, 5, 1, 1, 1, 1, 1, 1, 1, 1]"
43,13,0.9494897723197937,0.9403061270713806,1.0,0.13183034823037146,"[2, 2, 2, 2, 1, 2, 2, 2, 2]","[2, 2, 2, 2, 1, 2, 2, 2, 2]","[1, 1, 1, 1, 1, 1, 1, 1, 0, 0, 0, 0, 0, 1, 1, 0, 0, 2, 0, 0, 1, 1, 0, 0, 2, 0, 0, 1, 1, 0, 0, 2, 0, 0, 1, 1, 0, 0, 2, 0, 5, 1, 1, 1, 1, 1, 1, 1, 1]"
43,14,0.0,0.954081654548645,0.9,0.05403728151900901,"[2, 2, 2, 2, 2, 0, 2, 2, 2, 2]","[1, 2, 2, 2, 2, 0, 2, 2, 2, 2]","[1, 1, 1, 1, 1, 1, 1, 1, 0, 0, 2, 0, 0, 1, 1, 0, 0, 2, 0, 0, 1, 1, 0, 0, 2, 0, 0, 1, 1, 0, 0, 2, 0, 0, 1, 1, 0, 0, 0, 0, 5, 1, 1, 1, 1, 1, 1, 1, 1]"
43,15,0.9586734771728516,0.9265305995941162,0.9,0.048404132176983694,"[2, 2, 2, 2, 2, 2, 0, 2, 2, 2]","[2, 1, 2, 2, 2, 2, 0, 2, 2, 2]","[1, 1, 1, 1, 1, 1, 1, 1, 0, 0, 0, 2, 0, 1, 1, 0, 0, 0, 2, 0, 1, 1, 0, 0, 0, 2, 0, 1, 1, 0, 0, 0, 2, 0, 1, 1, 0, 0, 0, 0, 5, 1, 1, 1, 1, 1, 1, 1, 1]"
43,16,0.954081654548645,0.954081654548645,1.0,0.008068996568908915,"[1, 2, 2, 2, 2, 0, 2, 2, 2, 2]","[1, 2, 2, 2, 2, 0, 2, 2, 2, 2]","[1, 1, 1, 1, 1, 1, 1, 1, 0, 2, 0, 0, 0, 1, 1, 0, 2, 0, 0, 0, 1, 1, 0, 2, 0, 0, 0, 1, 1, 0, 2, 0, 0, 0, 1, 1, 0, 0, 0, 0, 5, 1, 1, 1, 1, 1, 1, 1, 1]"
43,17,0.9494897723197937,0.954081654548645,1.0,0.004670896682202713,"[2, 2, 2, 2, 1, 2, 2, 2, 2]","[2, 2, 2, 2, 1, 2, 2, 2, 2]","[1, 1, 1, 1, 1, 1, 1, 1, 0, 0, 0, 0, 0, 1, 1, 0, 0, 0, 2, 0, 1, 1, 0, 0, 0, 2, 0, 1, 1, 0, 0, 0, 2, 0, 1, 1, 0, 0, 0, 2, 5, 1, 1, 1, 1, 1, 1, 1, 1]"
43,18,0.9494897723197937,0.954081654548645,0.6363636363636364,0.1847819208201052,"[2, 0, 2, 2, 2, 2, 2, 2, 2, 0, 2]","[1, 2, 2, 2, 0, 2, 2, 2, 2, 1, 2]","[1, 1, 1, 1, 1, 1, 1, 1, 0, 0, 2, 0, 0, 1, 1, 0, 0, 2, 0, 0, 1, 1, 0, 0, 2, 0, 0, 1, 1, 0, 0, 0, 0, 0, 1, 1, 0, 0, 2, 0, 5, 1, 1, 1, 1, 1, 1, 1, 1]"
43,19,0.9403061270713806,0.9127551317214966,0.9090909090909091,0.1285688345179599,"[2, 2, 0, 2, 2, 2, 2, 1, 2, 2, 2]","[1, 2, 0, 2, 2, 2, 2, 1, 2, 2, 2]","[1, 1, 1, 1, 1, 1, 1, 1, 0, 0, 2, 0, 0, 1, 1, 0, 0, 0, 0, 0, 1, 1, 0, 0, 2, 0, 0, 1, 1, 0, 0, 2, 0, 0, 1, 1, 0, 0, 2, 0, 5, 1, 1, 1, 1, 1, 1, 1, 1]"
44,0,0.9403061270713806,0.954081654548645,0.7272727272727273,0.0059338203784136566,"[2, 2, 2, 2, 2, 2, 2, 2, 2, 0, 2]","[2, 1, 2, 2, 2, 0, 2, 2, 2, 1, 2]","[1, 1, 1, 1, 1, 1, 1, 1, 0, 0, 0, 2, 0, 1, 1, 0, 0, 0, 2, 0, 1, 1, 0, 0, 0, 2, 0, 1, 1, 0, 0, 0, 0, 0, 1, 1, 0, 0, 0, 2, 5, 1, 1, 1, 1, 1, 1, 1, 1]"
44,1,0.9127551317214966,0.9403061270713806,0.8181818181818182,0.007316889925277792,"[2, 2, 0, 0, 2, 2, 2, 1, 2, 2, 2]","[2, 1, 2, 0, 2, 2, 2, 1, 2, 2, 2]","[1, 1, 1, 1, 1, 1, 1, 1, 0, 0, 0, 2, 0, 1, 1, 0, 0, 0, 0, 0, 1, 1, 0, 0, 0, 2, 0, 1, 1, 0, 0, 0, 2, 0, 1, 1, 0, 0, 0, 2, 5, 1, 1, 1, 1, 1, 1, 1, 1]"
44,2,0.954081654548645,0.0,0.7272727272727273,0.001700920533039607,"[2, 2, 2, 2, 2, 2, 2, 2, 2, 0, 2]","[2, 1, 2, 2, 2, 0, 2, 2, 2, 1, 2]","[1, 1, 1, 1, 1, 1, 1, 1, 0, 0, 0, 2, 0, 1, 1, 0, 0, 0, 2, 0, 1, 1, 0, 0, 0, 2, 0, 1, 1, 0, 0, 0, 0, 0, 1, 1, 0, 0, 0, 2, 5, 1, 1, 1, 1, 1, 1, 1, 1]"
44,3,0.954081654548645,0.954081654548645,1.0,0.06759520788182272,"[2, 2, 2, 2, 1, 2, 2, 2, 2]","[2, 2, 2, 2, 1, 2, 2, 2, 2]","[1, 1, 1, 1, 1, 1, 1, 1, 0, 0, 0, 0, 0, 1, 1, 0, 0, 0, 2, 0, 1, 1, 0, 0, 0, 2, 0, 1, 1, 0, 0, 0, 2, 0, 1, 1, 0, 0, 0, 2, 5, 1, 1, 1, 1, 1, 1, 1, 1]"
44,4,0.9494897723197937,0.9494897723197937,0.7272727272727273,0.0028056002814661374,"[2, 2, 2, 2, 2, 2, 2, 2, 2, 0, 2]","[2, 1, 2, 2, 2, 0, 2, 2, 2, 1, 2]","[1, 1, 1, 1, 1, 1, 1, 1, 0, 0, 0, 2, 0, 1, 1, 0, 0, 0, 2, 0, 1, 1, 0, 0, 0, 2, 0, 1, 1, 0, 0, 0, 0, 0, 1, 1, 0, 0, 0, 2, 5, 1, 1, 1, 1, 1, 1, 1, 1]"
44,5,0.9494897723197937,0.9265305995941162,0.9090909090909091,0.002131307580566499,"[1, 2, 2, 2, 0, 2, 2, 2, 2, 0, 2]","[1, 2, 2, 2, 0, 2, 2, 2, 2, 1, 2]","[1, 1, 1, 1, 1, 1, 1, 1, 0, 2, 0, 0, 0, 1, 1, 0, 2, 0, 0, 0, 1, 1, 0, 2, 0, 0, 0, 1, 1, 0, 0, 0, 0, 0, 1, 1, 0, 2, 0, 0, 5, 1, 1, 1, 1, 1, 1, 1, 1]"
44,6,0.954081654548645,0.9586734771728516,0.7272727272727273,0.00548893949307967,"[2, 2, 0, 0, 0, 2, 2, 2, 1, 2, 2]","[2, 1, 2, 2, 0, 2, 2, 2, 1, 2, 2]","[1, 1, 1, 1, 1, 1, 1, 1, 0, 0, 0, 2, 0, 1, 1, 0, 0, 0, 2, 0, 1, 1, 0, 0, 0, 0, 0, 1, 1, 0, 0, 0, 2, 0, 1, 1, 0, 0, 0, 2, 5, 1, 1, 1, 1, 1, 1, 1, 1]"
44,7,0.954081654548645,0.9494897723197937,0.8181818181818182,0.009438176164621837,"[2, 2, 2, 2, 0, 2, 2, 2, 2, 0, 2]","[1, 2, 2, 2, 0, 2, 2, 2, 2, 1, 2]","[1, 1, 1, 1, 1, 1, 1, 1, 0, 0, 2, 0, 0, 1, 1, 0, 0, 2, 0, 0, 1, 1, 0, 0, 2, 0, 0, 1, 1, 0, 0, 0, 0, 0, 1, 1, 0, 0, 2, 0, 5, 1, 1, 1, 1, 1, 1, 1, 1]"
44,8,0.9586734771728516,0.9494897723197937,0.7,0.10424463808043297,"[2, 2, 0, 2, 2, 2, 0, 0, 2, 2]","[2, 1, 2, 2, 2, 2, 0, 2, 2, 2]","[1, 1, 1, 1, 1, 1, 1, 1, 0, 0, 0, 2, 0, 1, 1, 0, 0, 0, 2, 0, 1, 1, 0, 0, 0, 2, 0, 1, 1, 0, 0, 0, 2, 0, 1, 1, 0, 0, 0, 0, 5, 1, 1, 1, 1, 1, 1, 1, 1]"
44,9,0.0,0.9403061270713806,1.0,0.1174969768165427,"[1, 2, 2, 2, 2, 0, 2, 2, 2, 2]","[1, 2, 2, 2, 2, 0, 2, 2, 2, 2]","[1, 1, 1, 1, 1, 1, 1, 1, 0, 2, 0, 0, 0, 1, 1, 0, 2, 0, 0, 0, 1, 1, 0, 2, 0, 0, 0, 1, 1, 0, 2, 0, 0, 0, 1, 1, 0, 0, 0, 0, 5, 1, 1, 1, 1, 1, 1, 1, 1]"
44,10,0.9494897723197937,0.9494897723197937,1.0,0.14451579429828135,"[2, 2, 2, 2, 1, 2, 2, 2, 2]","[2, 2, 2, 2, 1, 2, 2, 2, 2]","[1, 1, 1, 1, 1, 1, 1, 1, 0, 0, 0, 0, 0, 1, 1, 0, 0, 2, 0, 0, 1, 1, 0, 0, 2, 0, 0, 1, 1, 0, 0, 2, 0, 0, 1, 1, 0, 0, 2, 0, 5, 1, 1, 1, 1, 1, 1, 1, 1]"
44,11,0.9586734771728516,0.9494897723197937,0.9090909090909091,0.002175102580132751,"[1, 2, 0, 0, 2, 2, 2, 1, 2, 2, 2]","[1, 2, 0, 2, 2, 2, 2, 1, 2, 2, 2]","[1, 1, 1, 1, 1, 1, 1, 1, 0, 2, 0, 0, 0, 1, 1, 0, 0, 0, 0, 0, 1, 1, 0, 2, 0, 0, 0, 1, 1, 0, 2, 0, 0, 0, 1, 1, 0, 2, 0, 0, 5, 1, 1, 1, 1, 1, 1, 1, 1]"
44,12,0.9494897723197937,0.954081654548645,0.9090909090909091,0.0031285065157465974,"[2, 2, 2, 0, 2, 2, 2, 2, 1, 2, 2]","[1, 2, 2, 0, 2, 2, 2, 2, 1, 2, 2]","[1, 1, 1, 1, 1, 1, 1, 1, 0, 0, 2, 0, 0, 1, 1, 0, 0, 2, 0, 0, 1, 1, 0, 0, 0, 0, 0, 1, 1, 0, 0, 2, 0, 0, 1, 1, 0, 0, 2, 0, 5, 1, 1, 1, 1, 1, 1, 1, 1]"
44,13,0.9494897723197937,0.9586734771728516,0.8181818181818182,0.009928871082427742,"[2, 2, 2, 2, 0, 2, 2, 2, 2, 0, 2]","[1, 2, 2, 2, 0, 2, 2, 2, 2, 1, 2]","[1, 1, 1, 1, 1, 1, 1, 1, 0, 0, 2, 0, 0, 1, 1, 0, 0, 2, 0, 0, 1, 1, 0, 0, 2, 0, 0, 1, 1, 0, 0, 0, 0, 0, 1, 1, 0, 0, 2, 0, 5, 1, 1, 1, 1, 1, 1, 1, 1]"
44,14,0.9265305995941162,0.9586734771728516,0.8,0.06427191473267158,"[2, 0, 2, 2, 2, 0, 2, 2, 2, 2]","[1, 2, 2, 2, 2, 0, 2, 2, 2, 2]","[1, 1, 1, 1, 1, 1, 1, 1, 0, 0, 2, 0, 0, 1, 1, 0, 0, 2, 0, 0, 1, 1, 0, 0, 2, 0, 0, 1, 1, 0, 0, 2, 0, 0, 1, 1, 0, 0, 0, 0, 5, 1, 1, 1, 1, 1, 1, 1, 1]"
44,15,0.954081654548645,0.9494897723197937,0.8181818181818182,0.06684948824632946,"[2, 2, 2, 2, 0, 2, 2, 2, 2, 0, 2]","[1, 2, 2, 2, 0, 2, 2, 2, 2, 1, 2]","[1, 1, 1, 1, 1, 1, 1, 1, 0, 0, 2, 0, 0, 1, 1, 0, 0, 2, 0, 0, 1, 1, 0, 0, 2, 0, 0, 1, 1, 0, 0, 0, 0, 0, 1, 1, 0, 0, 2, 0, 5, 1, 1, 1, 1, 1, 1, 1, 1]"
44,16,0.9081632494926453,0.8989796042442322,0.9090909090909091,0.041547076409915465,"[2, 2, 2, 2, 0, 2, 2, 2, 1, 2, 2]","[2, 1, 2, 2, 0, 2, 2, 2, 1, 2, 2]","[1, 1, 1, 1, 1, 1, 1, 1, 0, 0, 0, 2, 0, 1, 1, 0, 0, 0, 2, 0, 1, 1, 0, 0, 0, 0, 0, 1, 1, 0, 0, 0, 2, 0, 1, 1, 0, 0, 0, 2, 5, 1, 1, 1, 1, 1, 1, 1, 1]"
44,17,0.9403061270713806,0.0,1.0,0.02045011535584409,"[2, 2, 2, 2, 1, 2, 2, 2, 2]","[2, 2, 2, 2, 1, 2, 2, 2, 2]","[1, 1, 1, 1, 1, 1, 1, 1, 0, 0, 0, 0, 0, 1, 1, 0, 2, 0, 0, 0, 1, 1, 0, 2, 0, 0, 0, 1, 1, 0, 2, 0, 0, 0, 1, 1, 0, 2, 0, 0, 5, 1, 1, 1, 1, 1, 1, 1, 1]"
44,18,0.954081654548645,0.954081654548645,0.9090909090909091,0.0032891234829245755,"[1, 2, 2, 2, 0, 2, 2, 2, 2, 0, 2]","[1, 2, 2, 2, 0, 2, 2, 2, 2, 1, 2]","[1, 1, 1, 1, 1, 1, 1, 1, 0, 2, 0, 0, 0, 1, 1, 0, 2, 0, 0, 0, 1, 1, 0, 2, 0, 0, 0, 1, 1, 0, 0, 0, 0, 0, 1, 1, 0, 2, 0, 0, 5, 1, 1, 1, 1, 1, 1, 1, 1]"
44,19,0.9494897723197937,0.9494897723197937,0.9090909090909091,0.002305861167349996,"[2, 2, 0, 2, 2, 2, 2, 1, 2, 2, 2]","[1, 2, 0, 2, 2, 2, 2, 1, 2, 2, 2]","[1, 1, 1, 1, 1, 1, 1, 1, 0, 0, 2, 0, 0, 1, 1, 0, 0, 0, 0, 0, 1, 1, 0, 0, 2, 0, 0, 1, 1, 0, 0, 2, 0, 0, 1, 1, 0, 0, 2, 0, 5, 1, 1, 1, 1, 1, 1, 1, 1]"
45,0,0.9494897723197937,0.9403061270713806,1.0,0.004958820763435638,"[1, 2, 2, 2, 2, 0, 2, 2, 2, 2]","[1, 2, 2, 2, 2, 0, 2, 2, 2, 2]","[1, 1, 1, 1, 1, 1, 1, 1, 0, 2, 0, 0, 0, 1, 1, 0, 2, 0, 0, 0, 1, 1, 0, 2, 0, 0, 0, 1, 1, 0, 2, 0, 0, 0, 1, 1, 0, 0, 0, 0, 5, 1, 1, 1, 1, 1, 1, 1, 1]"
45,1,0.9403061270713806,0.9494897723197937,0.7272727272727273,0.009851351962424815,"[2, 2, 0, 0, 0, 2, 2, 2, 1, 2, 2]","[2, 1, 2, 2, 0, 2, 2, 2, 1, 2, 2]","[1, 1, 1, 1, 1, 1, 1, 1, 0, 0, 0, 2, 0, 1, 1, 0, 0, 0, 2, 0, 1, 1, 0, 0, 0, 0, 0, 1, 1, 0, 0, 0, 2, 0, 1, 1, 0, 0, 0, 2, 5, 1, 1, 1, 1, 1, 1, 1, 1]"
45,2,0.954081654548645,0.9586734771728516,0.9,0.009164147372405064,"[1, 2, 2, 2, 2, 0, 2, 2, 2, 1]","[1, 2, 2, 2, 2, 0, 2, 2, 2, 2]","[1, 1, 1, 1, 1, 1, 1, 1, 0, 2, 0, 0, 0, 1, 1, 0, 2, 0, 0, 0, 1, 1, 0, 2, 0, 0, 0, 1, 1, 0, 2, 0, 0, 0, 1, 1, 0, 0, 0, 0, 5, 1, 1, 1, 1, 1, 1, 1, 1]"
45,3,0.9403061270713806,0.9586734771728516,0.9090909090909091,0.019263044004522573,"[1, 2, 2, 2, 0, 2, 2, 2, 2, 0, 2]","[1, 2, 2, 2, 0, 2, 2, 2, 2, 1, 2]","[1, 1, 1, 1, 1, 1, 1, 1, 0, 2, 0, 0, 0, 1, 1, 0, 2, 0, 0, 0, 1, 1, 0, 2, 0, 0, 0, 1, 1, 0, 0, 0, 0, 0, 1, 1, 0, 2, 0, 0, 5, 1, 1, 1, 1, 1, 1, 1, 1]"
45,4,0.9494897723197937,0.954081654548645,0.8181818181818182,0.017337941872855565,"[2, 0, 0, 2, 2, 2, 2, 1, 2, 2, 2]","[1, 2, 0, 2, 2, 2, 2, 1, 2, 2, 2]","[1, 1, 1, 1, 1, 1, 1, 1, 0, 0, 2, 0, 0, 1, 1, 0, 0, 0, 0, 0, 1, 1, 0, 0, 2, 0, 0, 1, 1, 0, 0, 2, 0, 0, 1, 1, 0, 0, 2, 0, 5, 1, 1, 1, 1, 1, 1, 1, 1]"
45,5,0.954081654548645,0.9403061270713806,1.0,0.07011120451815342,"[1, 2, 2, 2, 2, 0, 2, 2, 2, 2]","[1, 2, 2, 2, 2, 0, 2, 2, 2, 2]","[1, 1, 1, 1, 1, 1, 1, 1, 0, 2, 0, 0, 0, 1, 1, 0, 2, 0, 0, 0, 1, 1, 0, 2, 0, 0, 0, 1, 1, 0, 2, 0, 0, 0, 1, 1, 0, 0, 0, 0, 5, 1, 1, 1, 1, 1, 1, 1, 1]"
45,6,0.9403061270713806,0.9127551317214966,0.6363636363636364,0.06808345419435333,"[2, 2, 0, 0, 2, 0, 2, 2, 2, 0, 2]","[2, 1, 2, 2, 2, 0, 2, 2, 2, 1, 2]","[1, 1, 1, 1, 1, 1, 1, 1, 0, 0, 0, 2, 0, 1, 1, 0, 0, 0, 2, 0, 1, 1, 0, 0, 0, 2, 0, 1, 1, 0, 0, 0, 0, 0, 1, 1, 0, 0, 0, 2, 5, 1, 1, 1, 1, 1, 1, 1, 1]"
45,7,0.9494897723197937,0.9127551317214966,0.6363636363636364,0.03584517624585715,"[2, 0, 0, 2, 0, 2, 2, 2, 2, 0, 2]","[1, 2, 2, 2, 0, 2, 2, 2, 2, 1, 2]","[1, 1, 1, 1, 1, 1, 1, 1, 0, 0, 2, 0, 0, 1, 1, 0, 0, 2, 0, 0, 1, 1, 0, 0, 2, 0, 0, 1, 1, 0, 0, 0, 0, 0, 1, 1, 0, 0, 2, 0, 5, 1, 1, 1, 1, 1, 1, 1, 1]"
45,8,0.9494897723197937,0.954081654548645,0.8,0.014731124643003569,"[2, 0, 2, 2, 2, 0, 2, 2, 2, 2]","[1, 2, 2, 2, 2, 0, 2, 2, 2, 2]","[1, 1, 1, 1, 1, 1, 1, 1, 0, 0, 2, 0, 0, 1, 1, 0, 0, 2, 0, 0, 1, 1, 0, 0, 2, 0, 0, 1, 1, 0, 0, 2, 0, 0, 1, 1, 0, 0, 0, 0, 5, 1, 1, 1, 1, 1, 1, 1, 1]"
45,9,0.954081654548645,0.954081654548645,0.7272727272727273,0.05179326890158171,"[2, 2, 0, 0, 0, 2, 2, 2, 1, 2, 2]","[2, 1, 2, 2, 0, 2, 2, 2, 1, 2, 2]","[1, 1, 1, 1, 1, 1, 1, 1, 0, 0, 0, 2, 0, 1, 1, 0, 0, 0, 2, 0, 1, 1, 0, 0, 0, 0, 0, 1, 1, 0, 0, 0, 2, 0, 1, 1, 0, 0, 0, 2, 5, 1, 1, 1, 1, 1, 1, 1, 1]"
45,10,0.9494897723197937,0.954081654548645,0.9090909090909091,0.029352110303443625,"[1, 2, 2, 2, 0, 2, 2, 2, 2, 0, 2]","[1, 2, 2, 2, 0, 2, 2, 2, 2, 1, 2]","[1, 1, 1, 1, 1, 1, 1, 1, 0, 2, 0, 0, 0, 1, 1, 0, 2, 0, 0, 0, 1, 1, 0, 2, 0, 0, 0, 1, 1, 0, 0, 0, 0, 0, 1, 1, 0, 2, 0, 0, 5, 1, 1, 1, 1, 1, 1, 1, 1]"
45,11,0.9586734771728516,0.0,1.0,0.022285259723911603,"[2, 2, 2, 2, 1, 2, 2, 2, 2]","[2, 2, 2, 2, 1, 2, 2, 2, 2]","[1, 1, 1, 1, 1, 1, 1, 1, 0, 0, 0, 0, 0, 1, 1, 0, 0, 2, 0, 0, 1, 1, 0, 0, 2, 0, 0, 1, 1, 0, 0, 2, 0, 0, 1, 1, 0, 0, 2, 0, 5, 1, 1, 1, 1, 1, 1, 1, 1]"
45,12,0.9494897723197937,0.9494897723197937,1.0,0.0053119243651356856,"[1, 2, 0, 2, 2, 2, 2, 1, 2, 2, 2]","[1, 2, 0, 2, 2, 2, 2, 1, 2, 2, 2]","[1, 1, 1, 1, 1, 1, 1, 1, 0, 2, 0, 0, 0, 1, 1, 0, 0, 0, 0, 0, 1, 1, 0, 2, 0, 0, 0, 1, 1, 0, 2, 0, 0, 0, 1, 1, 0, 2, 0, 0, 5, 1, 1, 1, 1, 1, 1, 1, 1]"
45,13,0.954081654548645,0.9586734771728516,0.7272727272727273,0.01294609207120216,"[0, 2, 2, 2, 2, 2, 2, 2, 2, 0, 2]","[1, 2, 2, 2, 0, 2, 2, 2, 2, 1, 2]","[1, 1, 1, 1, 1, 1, 1, 1, 0, 2, 0, 0, 0, 1, 1, 0, 2, 0, 0, 0, 1, 1, 0, 2, 0, 0, 0, 1, 1, 0, 0, 0, 0, 0, 1, 1, 0, 2, 0, 0, 5, 1, 1, 1, 1, 1, 1, 1, 1]"
45,14,0.954081654548645,0.0,1.0,0.003756102158645676,"[2, 2, 2, 2, 1, 2, 2, 2, 2]","[2, 2, 2, 2, 1, 2, 2, 2, 2]","[1, 1, 1, 1, 1, 1, 1, 1, 0, 0, 0, 0, 0, 1, 1, 0, 0, 2, 0, 0, 1, 1, 0, 0, 2, 0, 0, 1, 1, 0, 0, 2, 0, 0, 1, 1, 0, 0, 2, 0, 5, 1, 1, 1, 1, 1, 1, 1, 1]"
45,15,0.9494897723197937,0.9494897723197937,0.7272727272727273,0.014892908411436818,"[2, 0, 0, 2, 0, 2, 2, 1, 2, 2, 2]","[1, 2, 0, 2, 2, 2, 2, 1, 2, 2, 2]","[1, 1, 1, 1, 1, 1, 1, 1, 0, 0, 2, 0, 0, 1, 1, 0, 0, 0, 0, 0, 1, 1, 0, 0, 2, 0, 0, 1, 1, 0, 0, 2, 0, 0, 1, 1, 0, 0, 2, 0, 5, 1, 1, 1, 1, 1, 1, 1, 1]"
45,16,0.0,0.954081654548645,1.0,0.04249898372323845,"[1, 2, 2, 2, 2, 0, 2, 2, 2, 2]","[1, 2, 2, 2, 2, 0, 2, 2, 2, 2]","[1, 1, 1, 1, 1, 1, 1, 1, 0, 2, 0, 0, 0, 1, 1, 0, 2, 0, 0, 0, 1, 1, 0, 2, 0, 0, 0, 1, 1, 0, 2, 0, 0, 0, 1, 1, 0, 0, 0, 0, 5, 1, 1, 1, 1, 1, 1, 1, 1]"
45,17,0.954081654548645,0.9494897723197937,0.7,0.04656179422057572,"[2, 0, 2, 2, 2, 0, 0, 2, 2, 2]","[1, 2, 2, 2, 2, 0, 2, 2, 2, 2]","[1, 1, 1, 1, 1, 1, 1, 1, 0, 0, 2, 0, 0, 1, 1, 0, 0, 2, 0, 0, 1, 1, 0, 0, 2, 0, 0, 1, 1, 0, 0, 2, 0, 0, 1, 1, 0, 0, 0, 0, 5, 1, 1, 1, 1, 1, 1, 1, 1]"
45,18,0.9494897723197937,0.954081654548645,1.0,0.08633836654512884,"[1, 2, 2, 2, 2, 0, 2, 2, 2, 2]","[1, 2, 2, 2, 2, 0, 2, 2, 2, 2]","[1, 1, 1, 1, 1, 1, 1, 1, 0, 2, 0, 0, 0, 1, 1, 0, 2, 0, 0, 0, 1, 1, 0, 2, 0, 0, 0, 1, 1, 0, 2, 0, 0, 0, 1, 1, 0, 0, 0, 0, 5, 1, 1, 1, 1, 1, 1, 1, 1]"
45,19,0.9494897723197937,0.9494897723197937,1.0,0.008320741535862907,"[1, 2, 0, 2, 2, 2, 2, 1, 2, 2, 2]","[1, 2, 0, 2, 2, 2, 2, 1, 2, 2, 2]","[1, 1, 1, 1, 1, 1, 1, 1, 0, 2, 0, 0, 0, 1, 1, 0, 0, 0, 0, 0, 1, 1, 0, 2, 0, 0, 0, 1, 1, 0, 2, 0, 0, 0, 1, 1, 0, 2, 0, 0, 5, 1, 1, 1, 1, 1, 1, 1, 1]"
46,0,0.9494897723197937,0.0,0.6363636363636364,0.12501989196919436,"[2, 2, 0, 2, 0, 0, 2, 2, 2, 0, 2]","[1, 2, 2, 2, 0, 2, 2, 2, 2, 1, 2]","[1, 1, 1, 1, 1, 1, 1, 1, 0, 0, 2, 0, 0, 1, 1, 0, 0, 2, 0, 0, 1, 1, 0, 0, 2, 0, 0, 1, 1, 0, 0, 0, 0, 0, 1, 1, 0, 0, 2, 0, 5, 1, 1, 1, 1, 1, 1, 1, 1]"
46,1,0.9586734771728516,0.9494897723197937,0.6,0.006902488048945088,"[2, 2, 0, 0, 2, 2, 0, 0, 2, 2]","[2, 1, 2, 2, 2, 2, 0, 2, 2, 2]","[1, 1, 1, 1, 1, 1, 1, 1, 0, 0, 0, 2, 0, 1, 1, 0, 0, 0, 2, 0, 1, 1, 0, 0, 0, 2, 0, 1, 1, 0, 0, 0, 2, 0, 1, 1, 0, 0, 0, 0, 5, 1, 1, 1, 1, 1, 1, 1, 1]"
46,2,0.954081654548645,0.9265305995941162,0.8181818181818182,0.034680717913116416,"[2, 2, 0, 0, 2, 2, 2, 1, 2, 2, 2]","[2, 1, 2, 0, 2, 2, 2, 1, 2, 2, 2]","[1, 1, 1, 1, 1, 1, 1, 1, 0, 0, 0, 2, 0, 1, 1, 0, 0, 0, 0, 0, 1, 1, 0, 0, 0, 2, 0, 1, 1, 0, 0, 0, 2, 0, 1, 1, 0, 0, 0, 2, 5, 1, 1, 1, 1, 1, 1, 1, 1]"
46,3,0.9586734771728516,0.9403061270713806,0.8181818181818182,0.004148304501611095,"[2, 2, 0, 0, 2, 2, 2, 1, 2, 2, 2]","[2, 1, 2, 0, 2, 2, 2, 1, 2, 2, 2]","[1, 1, 1, 1, 1, 1, 1, 1, 0, 0, 0, 2, 0, 1, 1, 0, 0, 0, 0, 0, 1, 1, 0, 0, 0, 2, 0, 1, 1, 0, 0, 0, 2, 0, 1, 1, 0, 0, 0, 2, 5, 1, 1, 1, 1, 1, 1, 1, 1]"
46,4,0.954081654548645,0.9494897723197937,1.0,0.004955134115233604,"[2, 2, 2, 2, 1, 2, 2, 2, 2]","[2, 2, 2, 2, 1, 2, 2, 2, 2]","[1, 1, 1, 1, 1, 1, 1, 1, 0, 0, 0, 0, 0, 1, 1, 0, 2, 0, 0, 0, 1, 1, 0, 2, 0, 0, 0, 1, 1, 0, 2, 0, 0, 0, 1, 1, 0, 2, 0, 0, 5, 1, 1, 1, 1, 1, 1, 1, 1]"
46,5,0.0,0.9494897723197937,0.7272727272727273,0.030264719675125725,"[2, 0, 0, 0, 2, 2, 2, 2, 1, 2, 2]","[1, 2, 2, 0, 2, 2, 2, 2, 1, 2, 2]","[1, 1, 1, 1, 1, 1, 1, 1, 0, 0, 2, 0, 0, 1, 1, 0, 0, 2, 0, 0, 1, 1, 0, 0, 0, 0, 0, 1, 1, 0, 0, 2, 0, 0, 1, 1, 0, 0, 2, 0, 5, 1, 1, 1, 1, 1, 1, 1, 1]"
46,6,0.9494897723197937,0.9494897723197937,1.0,0.08258648823862637,"[1, 2, 0, 2, 2, 2, 2, 1, 2, 2, 2]","[1, 2, 0, 2, 2, 2, 2, 1, 2, 2, 2]","[1, 1, 1, 1, 1, 1, 1, 1, 0, 2, 0, 0, 0, 1, 1, 0, 0, 0, 0, 0, 1, 1, 0, 2, 0, 0, 0, 1, 1, 0, 2, 0, 0, 0, 1, 1, 0, 2, 0, 0, 5, 1, 1, 1, 1, 1, 1, 1, 1]"
46,7,0.9265305995941162,0.9586734771728516,1.0,0.009040854581557638,"[1, 2, 2, 0, 2, 2, 2, 2, 1, 2, 2]","[1, 2, 2, 0, 2, 2, 2, 2, 1, 2, 2]","[1, 1, 1, 1, 1, 1, 1, 1, 0, 2, 0, 0, 0, 1, 1, 0, 2, 0, 0, 0, 1, 1, 0, 0, 0, 0, 0, 1, 1, 0, 2, 0, 0, 0, 1, 1, 0, 2, 0, 0, 5, 1, 1, 1, 1, 1, 1, 1, 1]"
46,8,0.954081654548645,0.9494897723197937,1.0,0.006198071349353995,"[2, 2, 2, 2, 1, 2, 2, 2, 2]","[2, 2, 2, 2, 1, 2, 2, 2, 2]","[1, 1, 1, 1, 1, 1, 1, 1, 0, 0, 0, 0, 0, 1, 1, 0, 0, 0, 2, 0, 1, 1, 0, 0, 0, 2, 0, 1, 1, 0, 0, 0, 2, 0, 1, 1, 0, 0, 0, 2, 5, 1, 1, 1, 1, 1, 1, 1, 1]"
46,9,0.9494897723197937,0.9586734771728516,0.7272727272727273,0.007827148780713535,"[2, 0, 0, 0, 2, 2, 2, 2, 1, 2, 2]","[1, 2, 2, 0, 2, 2, 2, 2, 1, 2, 2]","[1, 1, 1, 1, 1, 1, 1, 1, 0, 0, 2, 0, 0, 1, 1, 0, 0, 2, 0, 0, 1, 1, 0, 0, 0, 0, 0, 1, 1, 0, 0, 2, 0, 0, 1, 1, 0, 0, 2, 0, 5, 1, 1, 1, 1, 1, 1, 1, 1]"
46,10,0.9403061270713806,0.954081654548645,0.8181818181818182,0.1891222105993868,"[1, 2, 2, 2, 0, 2, 2, 0, 2, 0, 2]","[1, 2, 2, 2, 0, 2, 2, 2, 2, 1, 2]","[1, 1, 1, 1, 1, 1, 1, 1, 0, 2, 0, 0, 0, 1, 1, 0, 2, 0, 0, 0, 1, 1, 0, 2, 0, 0, 0, 1, 1, 0, 0, 0, 0, 0, 1, 1, 0, 2, 0, 0, 5, 1, 1, 1, 1, 1, 1, 1, 1]"
46,11,0.954081654548645,0.0,0.8181818181818182,0.011661363008897752,"[2, 2, 0, 0, 2, 2, 2, 1, 2, 2, 2]","[2, 1, 2, 0, 2, 2, 2, 1, 2, 2, 2]","[1, 1, 1, 1, 1, 1, 1, 1, 0, 0, 0, 2, 0, 1, 1, 0, 0, 0, 0, 0, 1, 1, 0, 0, 0, 2, 0, 1, 1, 0, 0, 0, 2, 0, 1, 1, 0, 0, 0, 2, 5, 1, 1, 1, 1, 1, 1, 1, 1]"
46,12,0.9494897723197937,0.9494897723197937,0.8181818181818182,0.013510311559498818,"[2, 2, 2, 2, 2, 0, 2, 2, 2, 0, 2]","[2, 1, 2, 2, 2, 0, 2, 2, 2, 1, 2]","[1, 1, 1, 1, 1, 1, 1, 1, 0, 0, 0, 2, 0, 1, 1, 0, 0, 0, 2, 0, 1, 1, 0, 0, 0, 2, 0, 1, 1, 0, 0, 0, 0, 0, 1, 1, 0, 0, 0, 2, 5, 1, 1, 1, 1, 1, 1, 1, 1]"
46,13,0.9494897723197937,0.9494897723197937,0.7272727272727273,0.017103564445278607,"[2, 0, 0, 0, 2, 2, 2, 2, 1, 2, 2]","[1, 2, 2, 0, 2, 2, 2, 2, 1, 2, 2]","[1, 1, 1, 1, 1, 1, 1, 1, 0, 0, 2, 0, 0, 1, 1, 0, 0, 2, 0, 0, 1, 1, 0, 0, 0, 0, 0, 1, 1, 0, 0, 2, 0, 0, 1, 1, 0, 0, 2, 0, 5, 1, 1, 1, 1, 1, 1, 1, 1]"
46,14,0.9586734771728516,0.9494897723197937,0.9090909090909091,0.006588054244639352,"[1, 2, 2, 2, 0, 2, 2, 2, 2, 0, 2]","[1, 2, 2, 2, 0, 2, 2, 2, 2, 1, 2]","[1, 1, 1, 1, 1, 1, 1, 1, 0, 2, 0, 0, 0, 1, 1, 0, 2, 0, 0, 0, 1, 1, 0, 2, 0, 0, 0, 1, 1, 0, 0, 0, 0, 0, 1, 1, 0, 2, 0, 0, 5, 1, 1, 1, 1, 1, 1, 1, 1]"
46,15,0.9586734771728516,0.954081654548645,0.8,0.014774266148581065,"[2, 2, 0, 2, 2, 2, 0, 2, 2, 2]","[2, 1, 2, 2, 2, 2, 0, 2, 2, 2]","[1, 1, 1, 1, 1, 1, 1, 1, 0, 0, 0, 2, 0, 1, 1, 0, 0, 0, 2, 0, 1, 1, 0, 0, 0, 2, 0, 1, 1, 0, 0, 0, 2, 0, 1, 1, 0, 0, 0, 0, 5, 1, 1, 1, 1, 1, 1, 1, 1]"
46,16,0.0,0.9586734771728516,0.7272727272727273,0.03829335254984191,"[2, 0, 0, 0, 2, 2, 2, 2, 1, 2, 2]","[1, 2, 2, 0, 2, 2, 2, 2, 1, 2, 2]","[1, 1, 1, 1, 1, 1, 1, 1, 0, 0, 2, 0, 0, 1, 1, 0, 0, 2, 0, 0, 1, 1, 0, 0, 0, 0, 0, 1, 1, 0, 0, 2, 0, 0, 1, 1, 0, 0, 2, 0, 5, 1, 1, 1, 1, 1, 1, 1, 1]"
46,17,0.9265305995941162,0.9494897723197937,0.7272727272727273,0.03228346226387657,"[2, 0, 0, 0, 2, 2, 2, 2, 1, 2, 2]","[1, 2, 2, 0, 2, 2, 2, 2, 1, 2, 2]","[1, 1, 1, 1, 1, 1, 1, 1, 0, 0, 2, 0, 0, 1, 1, 0, 0, 2, 0, 0, 1, 1, 0, 0, 0, 0, 0, 1, 1, 0, 0, 2, 0, 0, 1, 1, 0, 0, 2, 0, 5, 1, 1, 1, 1, 1, 1, 1, 1]"
46,18,0.9494897723197937,0.9586734771728516,1.0,0.04320915880750611,"[1, 2, 2, 0, 2, 2, 2, 2, 1, 2, 2]","[1, 2, 2, 0, 2, 2, 2, 2, 1, 2, 2]","[1, 1, 1, 1, 1, 1, 1, 1, 0, 2, 0, 0, 0, 1, 1, 0, 2, 0, 0, 0, 1, 1, 0, 0, 0, 0, 0, 1, 1, 0, 2, 0, 0, 0, 1, 1, 0, 2, 0, 0, 5, 1, 1, 1, 1, 1, 1, 1, 1]"
46,19,0.9494897723197937,0.0,0.8181818181818182,0.04933531031499363,"[2, 2, 0, 0, 2, 2, 2, 1, 2, 2, 2]","[2, 1, 2, 0, 2, 2, 2, 1, 2, 2, 2]","[1, 1, 1, 1, 1, 1, 1, 1, 0, 0, 0, 2, 0, 1, 1, 0, 0, 0, 0, 0, 1, 1, 0, 0, 0, 2, 0, 1, 1, 0, 0, 0, 2, 0, 1, 1, 0, 0, 0, 2, 5, 1, 1, 1, 1, 1, 1, 1, 1]"
47,0,0.954081654548645,0.0,0.9090909090909091,0.03793339721001261,"[2, 2, 2, 0, 2, 2, 2, 1, 2, 2, 2]","[2, 1, 2, 0, 2, 2, 2, 1, 2, 2, 2]","[1, 1, 1, 1, 1, 1, 1, 1, 0, 0, 0, 2, 0, 1, 1, 0, 0, 0, 0, 0, 1, 1, 0, 0, 0, 2, 0, 1, 1, 0, 0, 0, 2, 0, 1, 1, 0, 0, 0, 2, 5, 1, 1, 1, 1, 1, 1, 1, 1]"
47,1,0.954081654548645,0.9586734771728516,0.5454545454545454,0.09510920439656316,"[2, 2, 2, 0, 0, 0, 0, 2, 2, 0, 2]","[2, 1, 2, 2, 2, 0, 2, 2, 2, 1, 2]","[1, 1, 1, 1, 1, 1, 1, 1, 0, 0, 0, 2, 0, 1, 1, 0, 0, 0, 2, 0, 1, 1, 0, 0, 0, 2, 0, 1, 1, 0, 0, 0, 0, 0, 1, 1, 0, 0, 0, 2, 5, 1, 1, 1, 1, 1, 1, 1, 1]"
47,2,0.9494897723197937,0.9494897723197937,1.0,0.02827615901333047,"[2, 2, 2, 2, 1, 2, 2, 2, 2]","[2, 2, 2, 2, 1, 2, 2, 2, 2]","[1, 1, 1, 1, 1, 1, 1, 1, 0, 0, 0, 0, 0, 1, 1, 0, 0, 0, 2, 0, 1, 1, 0, 0, 0, 2, 0, 1, 1, 0, 0, 0, 2, 0, 1, 1, 0, 0, 0, 2, 5, 1, 1, 1, 1, 1, 1, 1, 1]"
47,3,0.954081654548645,0.0,1.0,0.024873965902687898,"[2, 2, 2, 2, 1, 2, 2, 2, 2]","[2, 2, 2, 2, 1, 2, 2, 2, 2]","[1, 1, 1, 1, 1, 1, 1, 1, 0, 0, 0, 0, 0, 1, 1, 0, 0, 2, 0, 0, 1, 1, 0, 0, 2, 0, 0, 1, 1, 0, 0, 2, 0, 0, 1, 1, 0, 0, 2, 0, 5, 1, 1, 1, 1, 1, 1, 1, 1]"
47,4,0.9586734771728516,0.9265305995941162,1.0,0.055823230636633525,"[2, 2, 2, 2, 1, 2, 2, 2, 2]","[2, 2, 2, 2, 1, 2, 2, 2, 2]","[1, 1, 1, 1, 1, 1, 1, 1, 0, 0, 0, 0, 0, 1, 1, 0, 0, 2, 0, 0, 1, 1, 0, 0, 2, 0, 0, 1, 1, 0, 0, 2, 0, 0, 1, 1, 0, 0, 2, 0, 5, 1, 1, 1, 1, 1, 1, 1, 1]"
47,5,0.9494897723197937,0.954081654548645,0.6363636363636364,0.02252303747486116,"[2, 2, 0, 0, 0, 2, 2, 2, 2, 0, 2]","[1, 2, 2, 2, 0, 2, 2, 2, 2, 1, 2]","[1, 1, 1, 1, 1, 1, 1, 1, 0, 0, 2, 0, 0, 1, 1, 0, 0, 2, 0, 0, 1, 1, 0, 0, 2, 0, 0, 1, 1, 0, 0, 0, 0, 0, 1, 1, 0, 0, 2, 0, 5, 1, 1, 1, 1, 1, 1, 1, 1]"
47,6,0.9494897723197937,0.9586734771728516,1.0,0.014697051034256054,"[1, 2, 2, 0, 2, 2, 2, 2, 1, 2, 2]","[1, 2, 2, 0, 2, 2, 2, 2, 1, 2, 2]","[1, 1, 1, 1, 1, 1, 1, 1, 0, 2, 0, 0, 0, 1, 1, 0, 2, 0, 0, 0, 1, 1, 0, 0, 0, 0, 0, 1, 1, 0, 2, 0, 0, 0, 1, 1, 0, 2, 0, 0, 5, 1, 1, 1, 1, 1, 1, 1, 1]"
47,7,0.954081654548645,0.9494897723197937,1.0,0.0073253431487087664,"[1, 2, 2, 2, 2, 0, 2, 2, 2, 2]","[1, 2, 2, 2, 2, 0, 2, 2, 2, 2]","[1, 1, 1, 1, 1, 1, 1, 1, 0, 2, 0, 0, 0, 1, 1, 0, 2, 0, 0, 0, 1, 1, 0, 2, 0, 0, 0, 1, 1, 0, 2, 0, 0, 0, 1, 1, 0, 0, 0, 0, 5, 1, 1, 1, 1, 1, 1, 1, 1]"
47,8,0.9311224222183228,0.9586734771728516,0.8,0.009981382589268667,"[2, 2, 0, 2, 2, 2, 0, 2, 2, 2]","[2, 1, 2, 2, 2, 2, 0, 2, 2, 2]","[1, 1, 1, 1, 1, 1, 1, 1, 0, 0, 0, 2, 0, 1, 1, 0, 0, 0, 2, 0, 1, 1, 0, 0, 0, 2, 0, 1, 1, 0, 0, 0, 2, 0, 1, 1, 0, 0, 0, 0, 5, 1, 1, 1, 1, 1, 1, 1, 1]"
47,9,0.9494897723197937,0.9494897723197937,0.8181818181818182,0.09170676175401443,"[2, 2, 0, 0, 2, 2, 2, 1, 2, 2, 2]","[2, 1, 2, 0, 2, 2, 2, 1, 2, 2, 2]","[1, 1, 1, 1, 1, 1, 1, 1, 0, 0, 0, 2, 0, 1, 1, 0, 0, 0, 0, 0, 1, 1, 0, 0, 0, 2, 0, 1, 1, 0, 0, 0, 2, 0, 1, 1, 0, 0, 0, 2, 5, 1, 1, 1, 1, 1, 1, 1, 1]"
47,10,0.9494897723197937,0.0,0.9,0.17616146680859168,"[2, 2, 2, 2, 2, 0, 2, 2, 2, 2]","[1, 2, 2, 2, 2, 0, 2, 2, 2, 2]","[1, 1, 1, 1, 1, 1, 1, 1, 0, 0, 2, 0, 0, 1, 1, 0, 0, 2, 0, 0, 1, 1, 0, 0, 2, 0, 0, 1, 1, 0, 0, 2, 0, 0, 1, 1, 0, 0, 0, 0, 5, 1, 1, 1, 1, 1, 1, 1, 1]"
47,11,0.9494897723197937,0.9494897723197937,0.9090909090909091,0.4005226221087636,"[2, 2, 2, 0, 2, 2, 2, 2, 1, 2, 2]","[1, 2, 2, 0, 2, 2, 2, 2, 1, 2, 2]","[1, 1, 1, 1, 1, 1, 1, 1, 0, 0, 2, 0, 0, 1, 1, 0, 0, 2, 0, 0, 1, 1, 0, 0, 0, 0, 0, 1, 1, 0, 0, 2, 0, 0, 1, 1, 0, 0, 2, 0, 5, 1, 1, 1, 1, 1, 1, 1, 1]"
47,12,0.9586734771728516,0.9357143044471741,0.7272727272727273,0.10314534206150307,"[2, 0, 0, 0, 2, 2, 2, 2, 1, 2, 2]","[1, 2, 2, 0, 2, 2, 2, 2, 1, 2, 2]","[1, 1, 1, 1, 1, 1, 1, 1, 0, 0, 2, 0, 0, 1, 1, 0, 0, 2, 0, 0, 1, 1, 0, 0, 0, 0, 0, 1, 1, 0, 0, 2, 0, 0, 1, 1, 0, 0, 2, 0, 5, 1, 1, 1, 1, 1, 1, 1, 1]"
47,13,0.9586734771728516,0.9586734771728516,0.8,0.08620915582022545,"[2, 0, 2, 2, 2, 0, 2, 2, 2, 2]","[1, 2, 2, 2, 2, 0, 2, 2, 2, 2]","[1, 1, 1, 1, 1, 1, 1, 1, 0, 0, 2, 0, 0, 1, 1, 0, 0, 2, 0, 0, 1, 1, 0, 0, 2, 0, 0, 1, 1, 0, 0, 2, 0, 0, 1, 1, 0, 0, 0, 0, 5, 1, 1, 1, 1, 1, 1, 1, 1]"
47,14,0.0,0.0,0.45454545454545453,0.033367664792523205,"[2, 2, 2, 0, 0, 0, 0, 2, 2, 0, 1]","[2, 1, 2, 2, 2, 0, 2, 2, 2, 1, 2]","[1, 1, 1, 1, 1, 1, 1, 1, 0, 0, 0, 2, 0, 1, 1, 0, 0, 0, 2, 0, 1, 1, 0, 0, 0, 2, 0, 1, 1, 0, 0, 0, 0, 0, 1, 1, 0, 0, 0, 2, 5, 1, 1, 1, 1, 1, 1, 1, 1]"
47,15,0.9586734771728516,0.954081654548645,1.0,0.036063376984272436,"[2, 2, 2, 2, 1, 2, 2, 2, 2]","[2, 2, 2, 2, 1, 2, 2, 2, 2]","[1, 1, 1, 1, 1, 1, 1, 1, 0, 0, 0, 0, 0, 1, 1, 0, 2, 0, 0, 0, 1, 1, 0, 2, 0, 0, 0, 1, 1, 0, 2, 0, 0, 0, 1, 1, 0, 2, 0, 0, 5, 1, 1, 1, 1, 1, 1, 1, 1]"
47,16,0.0,0.9494897723197937,1.0,0.10308181504668176,"[1, 2, 2, 0, 2, 2, 2, 2, 1, 2, 2]","[1, 2, 2, 0, 2, 2, 2, 2, 1, 2, 2]","[1, 1, 1, 1, 1, 1, 1, 1, 0, 2, 0, 0, 0, 1, 1, 0, 2, 0, 0, 0, 1, 1, 0, 0, 0, 0, 0, 1, 1, 0, 2, 0, 0, 0, 1, 1, 0, 2, 0, 0, 5, 1, 1, 1, 1, 1, 1, 1, 1]"
47,17,0.9494897723197937,0.9081632494926453,0.7272727272727273,0.017645550322909417,"[2, 2, 2, 2, 2, 2, 2, 2, 2, 0, 2]","[2, 1, 2, 2, 2, 0, 2, 2, 2, 1, 2]","[1, 1, 1, 1, 1, 1, 1, 1, 0, 0, 0, 2, 0, 1, 1, 0, 0, 0, 2, 0, 1, 1, 0, 0, 0, 2, 0, 1, 1, 0, 0, 0, 0, 0, 1, 1, 0, 0, 0, 2, 5, 1, 1, 1, 1, 1, 1, 1, 1]"
47,18,0.9494897723197937,0.954081654548645,1.0,0.6544942259788513,"[1, 2, 2, 2, 2, 0, 2, 2, 2, 2]","[1, 2, 2, 2, 2, 0, 2, 2, 2, 2]","[1, 1, 1, 1, 1, 1, 1, 1, 0, 2, 0, 0, 0, 1, 1, 0, 2, 0, 0, 0, 1, 1, 0, 2, 0, 0, 0, 1, 1, 0, 2, 0, 0, 0, 1, 1, 0, 0, 0, 0, 5, 1, 1, 1, 1, 1, 1, 1, 1]"
47,19,0.9311224222183228,0.9311224222183228,0.7,0.0016771354825727434,"[2, 0, 2, 0, 2, 0, 2, 2, 2, 2]","[1, 2, 2, 2, 2, 0, 2, 2, 2, 2]","[1, 1, 1, 1, 1, 1, 1, 1, 0, 0, 2, 0, 0, 1, 1, 0, 0, 2, 0, 0, 1, 1, 0, 0, 2, 0, 0, 1, 1, 0, 0, 2, 0, 0, 1, 1, 0, 0, 0, 0, 5, 1, 1, 1, 1, 1, 1, 1, 1]"
48,0,0.9494897723197937,0.9586734771728516,0.7272727272727273,0.012675500090699643,"[2, 2, 0, 0, 0, 2, 2, 2, 1, 2, 2]","[2, 1, 2, 2, 0, 2, 2, 2, 1, 2, 2]","[1, 1, 1, 1, 1, 1, 1, 1, 0, 0, 0, 2, 0, 1, 1, 0, 0, 0, 2, 0, 1, 1, 0, 0, 0, 0, 0, 1, 1, 0, 0, 0, 2, 0, 1, 1, 0, 0, 0, 2, 5, 1, 1, 1, 1, 1, 1, 1, 1]"
48,1,0.9494897723197937,0.0,1.0,0.006431034619001568,"[2, 2, 2, 2, 1, 2, 2, 2, 2]","[2, 2, 2, 2, 1, 2, 2, 2, 2]","[1, 1, 1, 1, 1, 1, 1, 1, 0, 0, 0, 0, 0, 1, 1, 0, 0, 0, 2, 0, 1, 1, 0, 0, 0, 2, 0, 1, 1, 0, 0, 0, 2, 0, 1, 1, 0, 0, 0, 2, 5, 1, 1, 1, 1, 1, 1, 1, 1]"
48,2,0.9494897723197937,0.0,1.0,0.005421009323485619,"[2, 2, 2, 2, 1, 2, 2, 2, 2]","[2, 2, 2, 2, 1, 2, 2, 2, 2]","[1, 1, 1, 1, 1, 1, 1, 1, 0, 0, 0, 0, 0, 1, 1, 0, 0, 2, 0, 0, 1, 1, 0, 0, 2, 0, 0, 1, 1, 0, 0, 2, 0, 0, 1, 1, 0, 0, 2, 0, 5, 1, 1, 1, 1, 1, 1, 1, 1]"
48,3,0.9494897723197937,0.9403061270713806,0.45454545454545453,0.06088882068500177,"[2, 2, 0, 0, 0, 0, 0, 2, 2, 0, 2]","[2, 1, 2, 2, 2, 0, 2, 2, 2, 1, 2]","[1, 1, 1, 1, 1, 1, 1, 1, 0, 0, 0, 2, 0, 1, 1, 0, 0, 0, 2, 0, 1, 1, 0, 0, 0, 2, 0, 1, 1, 0, 0, 0, 0, 0, 1, 1, 0, 0, 0, 2, 5, 1, 1, 1, 1, 1, 1, 1, 1]"
48,4,0.954081654548645,0.9494897723197937,0.2727272727272727,0.003830015694389162,"[0, 2, 0, 0, 0, 2, 2, 0, 2, 0, 2]","[2, 1, 2, 2, 2, 0, 2, 2, 2, 1, 2]","[1, 1, 1, 1, 1, 1, 1, 1, 0, 0, 0, 2, 0, 1, 1, 0, 0, 0, 2, 0, 1, 1, 0, 0, 0, 2, 0, 1, 1, 0, 0, 0, 0, 0, 1, 1, 0, 0, 0, 2, 5, 1, 1, 1, 1, 1, 1, 1, 1]"
48,5,0.9265305995941162,0.954081654548645,0.7272727272727273,0.06918080168155333,"[2, 0, 0, 0, 2, 2, 2, 2, 1, 2, 2]","[1, 2, 2, 0, 2, 2, 2, 2, 1, 2, 2]","[1, 1, 1, 1, 1, 1, 1, 1, 0, 0, 2, 0, 0, 1, 1, 0, 0, 2, 0, 0, 1, 1, 0, 0, 0, 0, 0, 1, 1, 0, 0, 2, 0, 0, 1, 1, 0, 0, 2, 0, 5, 1, 1, 1, 1, 1, 1, 1, 1]"
48,6,0.9265305995941162,0.9494897723197937,0.8181818181818182,0.04283434234358455,"[2, 2, 0, 0, 2, 2, 2, 1, 2, 2, 2]","[2, 1, 2, 0, 2, 2, 2, 1, 2, 2, 2]","[1, 1, 1, 1, 1, 1, 1, 1, 0, 0, 0, 2, 0, 1, 1, 0, 0, 0, 0, 0, 1, 1, 0, 0, 0, 2, 0, 1, 1, 0, 0, 0, 2, 0, 1, 1, 0, 0, 0, 2, 5, 1, 1, 1, 1, 1, 1, 1, 1]"
48,7,0.9586734771728516,0.9494897723197937,0.7,0.07185442924941415,"[2, 2, 0, 2, 0, 2, 0, 2, 2, 2]","[2, 1, 2, 2, 2, 2, 0, 2, 2, 2]","[1, 1, 1, 1, 1, 1, 1, 1, 0, 0, 0, 2, 0, 1, 1, 0, 0, 0, 2, 0, 1, 1, 0, 0, 0, 2, 0, 1, 1, 0, 0, 0, 2, 0, 1, 1, 0, 0, 0, 0, 5, 1, 1, 1, 1, 1, 1, 1, 1]"
48,8,0.9494897723197937,0.954081654548645,0.8181818181818182,0.024910578801710572,"[2, 2, 0, 0, 2, 2, 2, 1, 2, 2, 2]","[2, 1, 2, 0, 2, 2, 2, 1, 2, 2, 2]","[1, 1, 1, 1, 1, 1, 1, 1, 0, 0, 0, 2, 0, 1, 1, 0, 0, 0, 0, 0, 1, 1, 0, 0, 0, 2, 0, 1, 1, 0, 0, 0, 2, 0, 1, 1, 0, 0, 0, 2, 5, 1, 1, 1, 1, 1, 1, 1, 1]"
48,9,0.0,0.954081654548645,1.0,0.11906580147187924,"[1, 2, 0, 2, 2, 2, 2, 1, 2, 2, 2]","[1, 2, 0, 2, 2, 2, 2, 1, 2, 2, 2]","[1, 1, 1, 1, 1, 1, 1, 1, 0, 2, 0, 0, 0, 1, 1, 0, 0, 0, 0, 0, 1, 1, 0, 2, 0, 0, 0, 1, 1, 0, 2, 0, 0, 0, 1, 1, 0, 2, 0, 0, 5, 1, 1, 1, 1, 1, 1, 1, 1]"
48,10,0.9311224222183228,0.9494897723197937,1.0,0.008335498945962172,"[1, 2, 2, 2, 2, 0, 2, 2, 2, 2]","[1, 2, 2, 2, 2, 0, 2, 2, 2, 2]","[1, 1, 1, 1, 1, 1, 1, 1, 0, 2, 0, 0, 0, 1, 1, 0, 2, 0, 0, 0, 1, 1, 0, 2, 0, 0, 0, 1, 1, 0, 2, 0, 0, 0, 1, 1, 0, 0, 0, 0, 5, 1, 1, 1, 1, 1, 1, 1, 1]"
48,11,0.0,0.9494897723197937,0.6363636363636364,0.017786239977188718,"[2, 2, 0, 0, 0, 2, 2, 2, 2, 0, 2]","[1, 2, 2, 2, 0, 2, 2, 2, 2, 1, 2]","[1, 1, 1, 1, 1, 1, 1, 1, 0, 0, 2, 0, 0, 1, 1, 0, 0, 2, 0, 0, 1, 1, 0, 0, 2, 0, 0, 1, 1, 0, 0, 0, 0, 0, 1, 1, 0, 0, 2, 0, 5, 1, 1, 1, 1, 1, 1, 1, 1]"
48,12,0.9494897723197937,0.9586734771728516,0.45454545454545453,0.013263338439917954,"[2, 0, 0, 0, 0, 0, 2, 2, 2, 0, 2]","[1, 2, 2, 2, 0, 2, 2, 2, 2, 1, 2]","[1, 1, 1, 1, 1, 1, 1, 1, 0, 0, 2, 0, 0, 1, 1, 0, 0, 2, 0, 0, 1, 1, 0, 0, 2, 0, 0, 1, 1, 0, 0, 0, 0, 0, 1, 1, 0, 0, 2, 0, 5, 1, 1, 1, 1, 1, 1, 1, 1]"
48,13,0.0,0.9494897723197937,0.45454545454545453,0.005306651938008144,"[2, 0, 0, 0, 0, 0, 2, 2, 2, 0, 2]","[1, 2, 2, 2, 0, 2, 2, 2, 2, 1, 2]","[1, 1, 1, 1, 1, 1, 1, 1, 0, 0, 2, 0, 0, 1, 1, 0, 0, 2, 0, 0, 1, 1, 0, 0, 2, 0, 0, 1, 1, 0, 0, 0, 0, 0, 1, 1, 0, 0, 2, 0, 5, 1, 1, 1, 1, 1, 1, 1, 1]"
48,14,0.9494897723197937,0.9586734771728516,0.7272727272727273,0.0037037573660199997,"[2, 0, 0, 0, 2, 2, 2, 2, 1, 2, 2]","[1, 2, 2, 0, 2, 2, 2, 2, 1, 2, 2]","[1, 1, 1, 1, 1, 1, 1, 1, 0, 0, 2, 0, 0, 1, 1, 0, 0, 2, 0, 0, 1, 1, 0, 0, 0, 0, 0, 1, 1, 0, 0, 2, 0, 0, 1, 1, 0, 0, 2, 0, 5, 1, 1, 1, 1, 1, 1, 1, 1]"
48,15,0.9494897723197937,0.954081654548645,0.8181818181818182,0.024440728961384262,"[2, 0, 0, 2, 2, 2, 2, 1, 2, 2, 2]","[1, 2, 0, 2, 2, 2, 2, 1, 2, 2, 2]","[1, 1, 1, 1, 1, 1, 1, 1, 0, 0, 2, 0, 0, 1, 1, 0, 0, 0, 0, 0, 1, 1, 0, 0, 2, 0, 0, 1, 1, 0, 0, 2, 0, 0, 1, 1, 0, 0, 2, 0, 5, 1, 1, 1, 1, 1, 1, 1, 1]"
48,16,0.954081654548645,0.9586734771728516,1.0,0.012070551721586121,"[1, 2, 2, 0, 2, 2, 2, 2, 1, 2, 2]","[1, 2, 2, 0, 2, 2, 2, 2, 1, 2, 2]","[1, 1, 1, 1, 1, 1, 1, 1, 0, 2, 0, 0, 0, 1, 1, 0, 2, 0, 0, 0, 1, 1, 0, 0, 0, 0, 0, 1, 1, 0, 2, 0, 0, 0, 1, 1, 0, 2, 0, 0, 5, 1, 1, 1, 1, 1, 1, 1, 1]"
48,17,0.9586734771728516,0.9265305995941162,0.5,0.16369961279269774,"[2, 2, 0, 0, 0, 2, 0, 0, 2, 2]","[2, 1, 2, 2, 2, 2, 0, 2, 2, 2]","[1, 1, 1, 1, 1, 1, 1, 1, 0, 0, 0, 2, 0, 1, 1, 0, 0, 0, 2, 0, 1, 1, 0, 0, 0, 2, 0, 1, 1, 0, 0, 0, 2, 0, 1, 1, 0, 0, 0, 0, 5, 1, 1, 1, 1, 1, 1, 1, 1]"
48,18,0.9494897723197937,0.9586734771728516,1.0,0.004528084162633273,"[2, 2, 2, 2, 1, 2, 2, 2, 2]","[2, 2, 2, 2, 1, 2, 2, 2, 2]","[1, 1, 1, 1, 1, 1, 1, 1, 0, 0, 0, 0, 0, 1, 1, 0, 0, 0, 2, 0, 1, 1, 0, 0, 0, 2, 0, 1, 1, 0, 0, 0, 2, 0, 1, 1, 0, 0, 0, 2, 5, 1, 1, 1, 1, 1, 1, 1, 1]"
48,19,0.9494897723197937,0.9494897723197937,1.0,0.07086230876694362,"[1, 2, 0, 2, 2, 2, 2, 1, 2, 2, 2]","[1, 2, 0, 2, 2, 2, 2, 1, 2, 2, 2]","[1, 1, 1, 1, 1, 1, 1, 1, 0, 2, 0, 0, 0, 1, 1, 0, 0, 0, 0, 0, 1, 1, 0, 2, 0, 0, 0, 1, 1, 0, 2, 0, 0, 0, 1, 1, 0, 2, 0, 0, 5, 1, 1, 1, 1, 1, 1, 1, 1]"
49,0,0.9586734771728516,0.0,0.7272727272727273,0.0029095520440023392,"[2, 2, 0, 0, 0, 2, 2, 2, 1, 2, 2]","[2, 1, 2, 2, 0, 2, 2, 2, 1, 2, 2]","[1, 1, 1, 1, 1, 1, 1, 1, 0, 0, 0, 2, 0, 1, 1, 0, 0, 0, 2, 0, 1, 1, 0, 0, 0, 0, 0, 1, 1, 0, 0, 0, 2, 0, 1, 1, 0, 0, 0, 2, 5, 1, 1, 1, 1, 1, 1, 1, 1]"
49,1,0.954081654548645,0.9494897723197937,1.0,0.024863416265526957,"[1, 2, 0, 2, 2, 2, 2, 1, 2, 2, 2]","[1, 2, 0, 2, 2, 2, 2, 1, 2, 2, 2]","[1, 1, 1, 1, 1, 1, 1, 1, 0, 2, 0, 0, 0, 1, 1, 0, 0, 0, 0, 0, 1, 1, 0, 2, 0, 0, 0, 1, 1, 0, 2, 0, 0, 0, 1, 1, 0, 2, 0, 0, 5, 1, 1, 1, 1, 1, 1, 1, 1]"
49,2,0.9494897723197937,0.9494897723197937,0.5454545454545454,0.0019173838267710784,"[2, 0, 0, 0, 0, 2, 2, 2, 2, 0, 2]","[1, 2, 2, 2, 0, 2, 2, 2, 2, 1, 2]","[1, 1, 1, 1, 1, 1, 1, 1, 0, 0, 2, 0, 0, 1, 1, 0, 0, 2, 0, 0, 1, 1, 0, 0, 2, 0, 0, 1, 1, 0, 0, 0, 0, 0, 1, 1, 0, 0, 2, 0, 5, 1, 1, 1, 1, 1, 1, 1, 1]"
49,3,0.9586734771728516,0.9586734771728516,0.7272727272727273,0.005253220550142801,"[2, 0, 0, 0, 2, 2, 2, 2, 1, 2, 2]","[1, 2, 2, 0, 2, 2, 2, 2, 1, 2, 2]","[1, 1, 1, 1, 1, 1, 1, 1, 0, 0, 2, 0, 0, 1, 1, 0, 0, 2, 0, 0, 1, 1, 0, 0, 0, 0, 0, 1, 1, 0, 0, 2, 0, 0, 1, 1, 0, 0, 2, 0, 5, 1, 1, 1, 1, 1, 1, 1, 1]"
49,4,0.9265305995941162,0.9494897723197937,1.0,0.0067091771149231745,"[1, 2, 2, 0, 2, 2, 2, 2, 1, 2, 2]","[1, 2, 2, 0, 2, 2, 2, 2, 1, 2, 2]","[1, 1, 1, 1, 1, 1, 1, 1, 0, 2, 0, 0, 0, 1, 1, 0, 2, 0, 0, 0, 1, 1, 0, 0, 0, 0, 0, 1, 1, 0, 2, 0, 0, 0, 1, 1, 0, 2, 0, 0, 5, 1, 1, 1, 1, 1, 1, 1, 1]"
49,5,0.9265305995941162,0.9494897723197937,0.7,0.09683230495720636,"[2, 2, 0, 2, 2, 2, 0, 0, 2, 2]","[2, 1, 2, 2, 2, 2, 0, 2, 2, 2]","[1, 1, 1, 1, 1, 1, 1, 1, 0, 0, 0, 2, 0, 1, 1, 0, 0, 0, 2, 0, 1, 1, 0, 0, 0, 2, 0, 1, 1, 0, 0, 0, 2, 0, 1, 1, 0, 0, 0, 0, 5, 1, 1, 1, 1, 1, 1, 1, 1]"
49,6,0.9586734771728516,0.954081654548645,0.9090909090909091,0.0203559038703903,"[2, 2, 2, 2, 0, 2, 2, 2, 1, 2, 2]","[2, 1, 2, 2, 0, 2, 2, 2, 1, 2, 2]","[1, 1, 1, 1, 1, 1, 1, 1, 0, 0, 0, 2, 0, 1, 1, 0, 0, 0, 2, 0, 1, 1, 0, 0, 0, 0, 0, 1, 1, 0, 0, 0, 2, 0, 1, 1, 0, 0, 0, 2, 5, 1, 1, 1, 1, 1, 1, 1, 1]"
49,7,0.954081654548645,0.9494897723197937,1.0,0.06163763642887881,"[2, 2, 2, 2, 1, 2, 2, 2, 2]","[2, 2, 2, 2, 1, 2, 2, 2, 2]","[1, 1, 1, 1, 1, 1, 1, 1, 0, 0, 0, 0, 0, 1, 1, 0, 0, 0, 2, 0, 1, 1, 0, 0, 0, 2, 0, 1, 1, 0, 0, 0, 2, 0, 1, 1, 0, 0, 0, 2, 5, 1, 1, 1, 1, 1, 1, 1, 1]"
49,8,0.954081654548645,0.954081654548645,1.0,0.049744566607470765,"[1, 2, 2, 0, 2, 2, 2, 2, 1, 2, 2]","[1, 2, 2, 0, 2, 2, 2, 2, 1, 2, 2]","[1, 1, 1, 1, 1, 1, 1, 1, 0, 2, 0, 0, 0, 1, 1, 0, 2, 0, 0, 0, 1, 1, 0, 0, 0, 0, 0, 1, 1, 0, 2, 0, 0, 0, 1, 1, 0, 2, 0, 0, 5, 1, 1, 1, 1, 1, 1, 1, 1]"
49,9,0.9494897723197937,0.9494897723197937,0.7272727272727273,0.07832857284731952,"[2, 2, 0, 0, 0, 2, 2, 2, 1, 2, 2]","[2, 1, 2, 2, 0, 2, 2, 2, 1, 2, 2]","[1, 1, 1, 1, 1, 1, 1, 1, 0, 0, 0, 2, 0, 1, 1, 0, 0, 0, 2, 0, 1, 1, 0, 0, 0, 0, 0, 1, 1, 0, 0, 0, 2, 0, 1, 1, 0, 0, 0, 2, 5, 1, 1, 1, 1, 1, 1, 1, 1]"
49,10,0.9403061270713806,0.9494897723197937,0.6363636363636364,0.059386952489148825,"[2, 0, 2, 0, 0, 2, 2, 2, 2, 0, 2]","[1, 2, 2, 2, 0, 2, 2, 2, 2, 1, 2]","[1, 1, 1, 1, 1, 1, 1, 1, 0, 0, 2, 0, 0, 1, 1, 0, 0, 2, 0, 0, 1, 1, 0, 0, 2, 0, 0, 1, 1, 0, 0, 0, 0, 0, 1, 1, 0, 0, 2, 0, 5, 1, 1, 1, 1, 1, 1, 1, 1]"
49,11,0.954081654548645,0.954081654548645,0.6363636363636364,0.007940916303778068,"[2, 0, 2, 0, 0, 2, 2, 2, 2, 0, 2]","[1, 2, 2, 2, 0, 2, 2, 2, 2, 1, 2]","[1, 1, 1, 1, 1, 1, 1, 1, 0, 0, 2, 0, 0, 1, 1, 0, 0, 2, 0, 0, 1, 1, 0, 0, 2, 0, 0, 1, 1, 0, 0, 0, 0, 0, 1, 1, 0, 0, 2, 0, 5, 1, 1, 1, 1, 1, 1, 1, 1]"
49,12,0.9586734771728516,0.9586734771728516,0.9090909090909091,0.06876725352049107,"[1, 2, 0, 0, 2, 2, 2, 1, 2, 2, 2]","[1, 2, 0, 2, 2, 2, 2, 1, 2, 2, 2]","[1, 1, 1, 1, 1, 1, 1, 1, 0, 2, 0, 0, 0, 1, 1, 0, 0, 0, 0, 0, 1, 1, 0, 2, 0, 0, 0, 1, 1, 0, 2, 0, 0, 0, 1, 1, 0, 2, 0, 0, 5, 1, 1, 1, 1, 1, 1, 1, 1]"
49,13,0.9586734771728516,0.954081654548645,1.0,0.025290849732383238,"[1, 2, 2, 2, 2, 0, 2, 2, 2, 2]","[1, 2, 2, 2, 2, 0, 2, 2, 2, 2]","[1, 1, 1, 1, 1, 1, 1, 1, 0, 2, 0, 0, 0, 1, 1, 0, 2, 0, 0, 0, 1, 1, 0, 2, 0, 0, 0, 1, 1, 0, 2, 0, 0, 0, 1, 1, 0, 0, 0, 0, 5, 1, 1, 1, 1, 1, 1, 1, 1]"
49,14,0.9494897723197937,0.9494897723197937,0.7272727272727273,0.04489052464778069,"[2, 2, 2, 0, 0, 2, 2, 2, 2, 0, 2]","[1, 2, 2, 2, 0, 2, 2, 2, 2, 1, 2]","[1, 1, 1, 1, 1, 1, 1, 1, 0, 0, 2, 0, 0, 1, 1, 0, 0, 2, 0, 0, 1, 1, 0, 0, 2, 0, 0, 1, 1, 0, 0, 0, 0, 0, 1, 1, 0, 0, 2, 0, 5, 1, 1, 1, 1, 1, 1, 1, 1]"
49,15,0.9311224222183228,0.9494897723197937,0.9090909090909091,0.043889920745806936,"[1, 2, 2, 2, 0, 2, 2, 2, 2, 0, 2]","[1, 2, 2, 2, 0, 2, 2, 2, 2, 1, 2]","[1, 1, 1, 1, 1, 1, 1, 1, 0, 2, 0, 0, 0, 1, 1, 0, 2, 0, 0, 0, 1, 1, 0, 2, 0, 0, 0, 1, 1, 0, 0, 0, 0, 0, 1, 1, 0, 2, 0, 0, 5, 1, 1, 1, 1, 1, 1, 1, 1]"
49,16,0.9494897723197937,0.9494897723197937,1.0,0.004850907873737419,"[2, 2, 2, 2, 1, 2, 2, 2, 2]","[2, 2, 2, 2, 1, 2, 2, 2, 2]","[1, 1, 1, 1, 1, 1, 1, 1, 0, 0, 0, 0, 0, 1, 1, 0, 0, 0, 2, 0, 1, 1, 0, 0, 0, 2, 0, 1, 1, 0, 0, 0, 2, 0, 1, 1, 0, 0, 0, 2, 5, 1, 1, 1, 1, 1, 1, 1, 1]"
49,17,0.954081654548645,0.9311224222183228,0.8181818181818182,0.036710686212505346,"[2, 2, 0, 0, 2, 2, 2, 1, 2, 2, 2]","[2, 1, 2, 0, 2, 2, 2, 1, 2, 2, 2]","[1, 1, 1, 1, 1, 1, 1, 1, 0, 0, 0, 2, 0, 1, 1, 0, 0, 0, 0, 0, 1, 1, 0, 0, 0, 2, 0, 1, 1, 0, 0, 0, 2, 0, 1, 1, 0, 0, 0, 2, 5, 1, 1, 1, 1, 1, 1, 1, 1]"
49,18,0.954081654548645,0.0,0.7272727272727273,0.0016356266310645475,"[2, 2, 2, 0, 0, 2, 2, 2, 2, 0, 2]","[1, 2, 2, 2, 0, 2, 2, 2, 2, 1, 2]","[1, 1, 1, 1, 1, 1, 1, 1, 0, 0, 2, 0, 0, 1, 1, 0, 0, 2, 0, 0, 1, 1, 0, 0, 2, 0, 0, 1, 1, 0, 0, 0, 0, 0, 1, 1, 0, 0, 2, 0, 5, 1, 1, 1, 1, 1, 1, 1, 1]"
49,19,0.9586734771728516,0.954081654548645,1.0,0.0694916375723551,"[1, 2, 2, 0, 2, 2, 2, 2, 1, 2, 2]","[1, 2, 2, 0, 2, 2, 2, 2, 1, 2, 2]","[1, 1, 1, 1, 1, 1, 1, 1, 0, 2, 0, 0, 0, 1, 1, 0, 2, 0, 0, 0, 1, 1, 0, 0, 0, 0, 0, 1, 1, 0, 2, 0, 0, 0, 1, 1, 0, 2, 0, 0, 5, 1, 1, 1, 1, 1, 1, 1, 1]"
50,0,0.0,0.9494897723197937,0.8181818181818182,0.06468184368912427,"[2, 2, 2, 0, 0, 2, 2, 2, 1, 2, 2]","[2, 1, 2, 2, 0, 2, 2, 2, 1, 2, 2]","[1, 1, 1, 1, 1, 1, 1, 1, 0, 0, 0, 2, 0, 1, 1, 0, 0, 0, 2, 0, 1, 1, 0, 0, 0, 0, 0, 1, 1, 0, 0, 0, 2, 0, 1, 1, 0, 0, 0, 2, 5, 1, 1, 1, 1, 1, 1, 1, 1]"
50,1,0.9586734771728516,0.9494897723197937,0.9090909090909091,0.3334449725641337,"[2, 2, 2, 0, 2, 2, 2, 1, 2, 2, 2]","[2, 1, 2, 0, 2, 2, 2, 1, 2, 2, 2]","[1, 1, 1, 1, 1, 1, 1, 1, 0, 0, 0, 2, 0, 1, 1, 0, 0, 0, 0, 0, 1, 1, 0, 0, 0, 2, 0, 1, 1, 0, 0, 0, 2, 0, 1, 1, 0, 0, 0, 2, 5, 1, 1, 1, 1, 1, 1, 1, 1]"
50,2,0.9586734771728516,0.9494897723197937,1.0,0.0036216932947152397,"[1, 2, 2, 2, 2, 0, 2, 2, 2, 2]","[1, 2, 2, 2, 2, 0, 2, 2, 2, 2]","[1, 1, 1, 1, 1, 1, 1, 1, 0, 2, 0, 0, 0, 1, 1, 0, 2, 0, 0, 0, 1, 1, 0, 2, 0, 0, 0, 1, 1, 0, 2, 0, 0, 0, 1, 1, 0, 0, 0, 0, 5, 1, 1, 1, 1, 1, 1, 1, 1]"
50,3,0.9586734771728516,0.9173469543457031,1.0,0.0037863416865649116,"[2, 2, 2, 2, 1, 2, 2, 2, 2]","[2, 2, 2, 2, 1, 2, 2, 2, 2]","[1, 1, 1, 1, 1, 1, 1, 1, 0, 0, 0, 0, 0, 1, 1, 0, 0, 0, 2, 0, 1, 1, 0, 0, 0, 2, 0, 1, 1, 0, 0, 0, 2, 0, 1, 1, 0, 0, 0, 2, 5, 1, 1, 1, 1, 1, 1, 1, 1]"
50,4,0.9494897723197937,0.9494897723197937,0.8181818181818182,0.1360155536544467,"[2, 0, 0, 2, 2, 2, 2, 1, 2, 2, 2]","[1, 2, 0, 2, 2, 2, 2, 1, 2, 2, 2]","[1, 1, 1, 1, 1, 1, 1, 1, 0, 0, 2, 0, 0, 1, 1, 0, 0, 0, 0, 0, 1, 1, 0, 0, 2, 0, 0, 1, 1, 0, 0, 2, 0, 0, 1, 1, 0, 0, 2, 0, 5, 1, 1, 1, 1, 1, 1, 1, 1]"
50,5,0.954081654548645,0.9403061270713806,0.5454545454545454,0.036461857385196104,"[2, 0, 0, 0, 0, 2, 2, 2, 2, 0, 2]","[1, 2, 2, 2, 0, 2, 2, 2, 2, 1, 2]","[1, 1, 1, 1, 1, 1, 1, 1, 0, 0, 2, 0, 0, 1, 1, 0, 0, 2, 0, 0, 1, 1, 0, 0, 2, 0, 0, 1, 1, 0, 0, 0, 0, 0, 1, 1, 0, 0, 2, 0, 5, 1, 1, 1, 1, 1, 1, 1, 1]"
50,6,0.9586734771728516,0.9035714268684387,0.8181818181818182,0.04036993034333136,"[2, 2, 2, 0, 0, 2, 2, 2, 1, 2, 2]","[2, 1, 2, 2, 0, 2, 2, 2, 1, 2, 2]","[1, 1, 1, 1, 1, 1, 1, 1, 0, 0, 0, 2, 0, 1, 1, 0, 0, 0, 2, 0, 1, 1, 0, 0, 0, 0, 0, 1, 1, 0, 0, 0, 2, 0, 1, 1, 0, 0, 0, 2, 5, 1, 1, 1, 1, 1, 1, 1, 1]"
50,7,0.0,0.0,0.9090909090909091,0.4965759284425855,"[1, 2, 2, 2, 0, 2, 2, 2, 2, 0, 2]","[1, 2, 2, 2, 0, 2, 2, 2, 2, 1, 2]","[1, 1, 1, 1, 1, 1, 1, 1, 0, 2, 0, 0, 0, 1, 1, 0, 2, 0, 0, 0, 1, 1, 0, 2, 0, 0, 0, 1, 1, 0, 0, 0, 0, 0, 1, 1, 0, 2, 0, 0, 5, 1, 1, 1, 1, 1, 1, 1, 1]"
50,8,0.9265305995941162,0.954081654548645,0.5454545454545454,0.0100050493611806,"[2, 2, 2, 0, 0, 0, 0, 2, 2, 0, 2]","[2, 1, 2, 2, 2, 0, 2, 2, 2, 1, 2]","[1, 1, 1, 1, 1, 1, 1, 1, 0, 0, 0, 2, 0, 1, 1, 0, 0, 0, 2, 0, 1, 1, 0, 0, 0, 2, 0, 1, 1, 0, 0, 0, 0, 0, 1, 1, 0, 0, 0, 2, 5, 1, 1, 1, 1, 1, 1, 1, 1]"
50,9,0.9494897723197937,0.954081654548645,1.0,0.21407306619221345,"[1, 2, 2, 0, 2, 2, 2, 2, 1, 2, 2]","[1, 2, 2, 0, 2, 2, 2, 2, 1, 2, 2]","[1, 1, 1, 1, 1, 1, 1, 1, 0, 2, 0, 0, 0, 1, 1, 0, 2, 0, 0, 0, 1, 1, 0, 0, 0, 0, 0, 1, 1, 0, 2, 0, 0, 0, 1, 1, 0, 2, 0, 0, 5, 1, 1, 1, 1, 1, 1, 1, 1]"
50,10,0.9494897723197937,0.9494897723197937,0.6363636363636364,0.09427819813241843,"[2, 2, 2, 2, 0, 2, 2, 2, 2, 0, 2]","[2, 1, 2, 2, 2, 0, 2, 2, 2, 1, 2]","[1, 1, 1, 1, 1, 1, 1, 1, 0, 0, 0, 2, 0, 1, 1, 0, 0, 0, 2, 0, 1, 1, 0, 0, 0, 2, 0, 1, 1, 0, 0, 0, 0, 0, 1, 1, 0, 0, 0, 2, 5, 1, 1, 1, 1, 1, 1, 1, 1]"
50,11,0.9173469543457031,0.0,0.7,0.005346651569804332,"[2, 0, 2, 0, 2, 0, 2, 2, 2, 2]","[1, 2, 2, 2, 2, 0, 2, 2, 2, 2]","[1, 1, 1, 1, 1, 1, 1, 1, 0, 0, 2, 0, 0, 1, 1, 0, 0, 2, 0, 0, 1, 1, 0, 0, 2, 0, 0, 1, 1, 0, 0, 2, 0, 0, 1, 1, 0, 0, 0, 0, 5, 1, 1, 1, 1, 1, 1, 1, 1]"
50,12,0.9494897723197937,0.9494897723197937,1.0,0.052843083499862005,"[2, 2, 2, 2, 1, 2, 2, 2, 2]","[2, 2, 2, 2, 1, 2, 2, 2, 2]","[1, 1, 1, 1, 1, 1, 1, 1, 0, 0, 0, 0, 0, 1, 1, 0, 0, 2, 0, 0, 1, 1, 0, 0, 2, 0, 0, 1, 1, 0, 0, 2, 0, 0, 1, 1, 0, 0, 2, 0, 5, 1, 1, 1, 1, 1, 1, 1, 1]"
50,13,0.9173469543457031,0.9494897723197937,0.6363636363636364,0.004094209907634649,"[2, 2, 0, 0, 0, 2, 2, 2, 2, 2, 2]","[2, 1, 2, 2, 0, 2, 2, 2, 1, 2, 2]","[1, 1, 1, 1, 1, 1, 1, 1, 0, 0, 0, 2, 0, 1, 1, 0, 0, 0, 2, 0, 1, 1, 0, 0, 0, 0, 0, 1, 1, 0, 0, 0, 2, 0, 1, 1, 0, 0, 0, 2, 5, 1, 1, 1, 1, 1, 1, 1, 1]"
50,14,0.0,0.9403061270713806,1.0,0.0031914295153304315,"[2, 2, 2, 2, 1, 2, 2, 2, 2]","[2, 2, 2, 2, 1, 2, 2, 2, 2]","[1, 1, 1, 1, 1, 1, 1, 1, 0, 0, 0, 0, 0, 1, 1, 0, 0, 2, 0, 0, 1, 1, 0, 0, 2, 0, 0, 1, 1, 0, 0, 2, 0, 0, 1, 1, 0, 0, 2, 0, 5, 1, 1, 1, 1, 1, 1, 1, 1]"
50,15,0.9494897723197937,0.9494897723197937,0.7272727272727273,0.6659133979331329,"[2, 2, 2, 0, 0, 2, 2, 2, 2, 2, 2]","[2, 1, 2, 2, 0, 2, 2, 2, 1, 2, 2]","[1, 1, 1, 1, 1, 1, 1, 1, 0, 0, 0, 2, 0, 1, 1, 0, 0, 0, 2, 0, 1, 1, 0, 0, 0, 0, 0, 1, 1, 0, 0, 0, 2, 0, 1, 1, 0, 0, 0, 2, 5, 1, 1, 1, 1, 1, 1, 1, 1]"
50,16,0.9494897723197937,0.0,1.0,0.05955486814939202,"[1, 2, 0, 2, 2, 2, 2, 1, 2, 2, 2]","[1, 2, 0, 2, 2, 2, 2, 1, 2, 2, 2]","[1, 1, 1, 1, 1, 1, 1, 1, 0, 2, 0, 0, 0, 1, 1, 0, 0, 0, 0, 0, 1, 1, 0, 2, 0, 0, 0, 1, 1, 0, 2, 0, 0, 0, 1, 1, 0, 2, 0, 0, 5, 1, 1, 1, 1, 1, 1, 1, 1]"
50,17,0.9494897723197937,0.9586734771728516,0.8181818181818182,0.06259624231130477,"[2, 2, 0, 0, 2, 2, 2, 2, 1, 2, 2]","[1, 2, 2, 0, 2, 2, 2, 2, 1, 2, 2]","[1, 1, 1, 1, 1, 1, 1, 1, 0, 0, 2, 0, 0, 1, 1, 0, 0, 2, 0, 0, 1, 1, 0, 0, 0, 0, 0, 1, 1, 0, 0, 2, 0, 0, 1, 1, 0, 0, 2, 0, 5, 1, 1, 1, 1, 1, 1, 1, 1]"
50,18,0.954081654548645,0.954081654548645,0.6363636363636364,0.09991639362587276,"[2, 0, 0, 0, 2, 2, 2, 2, 2, 2, 2]","[1, 2, 2, 0, 2, 2, 2, 2, 1, 2, 2]","[1, 1, 1, 1, 1, 1, 1, 1, 0, 0, 2, 0, 0, 1, 1, 0, 0, 2, 0, 0, 1, 1, 0, 0, 0, 0, 0, 1, 1, 0, 0, 2, 0, 0, 1, 1, 0, 0, 2, 0, 5, 1, 1, 1, 1, 1, 1, 1, 1]"
50,19,0.9586734771728516,0.9494897723197937,0.7272727272727273,0.004340964363816763,"[2, 2, 0, 0, 0, 2, 2, 2, 1, 2, 2]","[2, 1, 2, 2, 0, 2, 2, 2, 1, 2, 2]","[1, 1, 1, 1, 1, 1, 1, 1, 0, 0, 0, 2, 0, 1, 1, 0, 0, 0, 2, 0, 1, 1, 0, 0, 0, 0, 0, 1, 1, 0, 0, 0, 2, 0, 1, 1, 0, 0, 0, 2, 5, 1, 1, 1, 1, 1, 1, 1, 1]"
51,0,0.9494897723197937,0.9586734771728516,1.0,0.009898158485884778,"[1, 2, 2, 2, 0, 2, 2, 2, 2, 1, 2]","[1, 2, 2, 2, 0, 2, 2, 2, 2, 1, 2]","[1, 1, 1, 1, 1, 1, 1, 1, 0, 2, 0, 0, 0, 1, 1, 0, 2, 0, 0, 0, 1, 1, 0, 2, 0, 0, 0, 1, 1, 0, 0, 0, 0, 0, 1, 1, 0, 2, 0, 0, 5, 1, 1, 1, 1, 1, 1, 1, 1]"
51,1,0.9494897723197937,0.9494897723197937,0.7,0.009029175030512059,"[2, 2, 0, 2, 0, 2, 0, 2, 2, 2]","[2, 1, 2, 2, 2, 2, 0, 2, 2, 2]","[1, 1, 1, 1, 1, 1, 1, 1, 0, 0, 0, 2, 0, 1, 1, 0, 0, 0, 2, 0, 1, 1, 0, 0, 0, 2, 0, 1, 1, 0, 0, 0, 2, 0, 1, 1, 0, 0, 0, 0, 5, 1, 1, 1, 1, 1, 1, 1, 1]"
51,2,0.0,0.9586734771728516,1.0,0.02679714920830318,"[2, 2, 2, 2, 1, 2, 2, 2, 2]","[2, 2, 2, 2, 1, 2, 2, 2, 2]","[1, 1, 1, 1, 1, 1, 1, 1, 0, 0, 0, 0, 0, 1, 1, 0, 0, 0, 2, 0, 1, 1, 0, 0, 0, 2, 0, 1, 1, 0, 0, 0, 2, 0, 1, 1, 0, 0, 0, 2, 5, 1, 1, 1, 1, 1, 1, 1, 1]"
51,3,0.9494897723197937,0.9494897723197937,0.7272727272727273,0.02729167698602065,"[2, 0, 0, 0, 2, 2, 2, 2, 1, 2, 2]","[1, 2, 2, 0, 2, 2, 2, 2, 1, 2, 2]","[1, 1, 1, 1, 1, 1, 1, 1, 0, 0, 2, 0, 0, 1, 1, 0, 0, 2, 0, 0, 1, 1, 0, 0, 0, 0, 0, 1, 1, 0, 0, 2, 0, 0, 1, 1, 0, 0, 2, 0, 5, 1, 1, 1, 1, 1, 1, 1, 1]"
51,4,0.954081654548645,0.9494897723197937,0.4,0.034154549647064415,"[2, 0, 0, 0, 0, 0, 0, 2, 2, 2]","[1, 2, 2, 2, 2, 0, 2, 2, 2, 2]","[1, 1, 1, 1, 1, 1, 1, 1, 0, 0, 2, 0, 0, 1, 1, 0, 0, 2, 0, 0, 1, 1, 0, 0, 2, 0, 0, 1, 1, 0, 0, 2, 0, 0, 1, 1, 0, 0, 0, 0, 5, 1, 1, 1, 1, 1, 1, 1, 1]"
51,5,0.0,0.954081654548645,0.9090909090909091,0.08219898520037532,"[1, 2, 2, 2, 0, 2, 2, 2, 2, 0, 2]","[1, 2, 2, 2, 0, 2, 2, 2, 2, 1, 2]","[1, 1, 1, 1, 1, 1, 1, 1, 0, 2, 0, 0, 0, 1, 1, 0, 2, 0, 0, 0, 1, 1, 0, 2, 0, 0, 0, 1, 1, 0, 0, 0, 0, 0, 1, 1, 0, 2, 0, 0, 5, 1, 1, 1, 1, 1, 1, 1, 1]"
51,6,0.9494897723197937,0.9586734771728516,1.0,0.01870637186088557,"[2, 2, 2, 2, 1, 2, 2, 2, 2]","[2, 2, 2, 2, 1, 2, 2, 2, 2]","[1, 1, 1, 1, 1, 1, 1, 1, 0, 0, 0, 0, 0, 1, 1, 0, 0, 0, 2, 0, 1, 1, 0, 0, 0, 2, 0, 1, 1, 0, 0, 0, 2, 0, 1, 1, 0, 0, 0, 2, 5, 1, 1, 1, 1, 1, 1, 1, 1]"
51,7,0.9265305995941162,0.9357143044471741,1.0,0.02760901041223075,"[2, 2, 2, 2, 1, 2, 2, 2, 2]","[2, 2, 2, 2, 1, 2, 2, 2, 2]","[1, 1, 1, 1, 1, 1, 1, 1, 0, 0, 0, 0, 0, 1, 1, 0, 0, 0, 2, 0, 1, 1, 0, 0, 0, 2, 0, 1, 1, 0, 0, 0, 2, 0, 1, 1, 0, 0, 0, 2, 5, 1, 1, 1, 1, 1, 1, 1, 1]"
51,8,0.9494897723197937,0.954081654548645,1.0,0.02551570553359025,"[2, 2, 2, 2, 1, 2, 2, 2, 2]","[2, 2, 2, 2, 1, 2, 2, 2, 2]","[1, 1, 1, 1, 1, 1, 1, 1, 0, 0, 0, 0, 0, 1, 1, 0, 0, 0, 2, 0, 1, 1, 0, 0, 0, 2, 0, 1, 1, 0, 0, 0, 2, 0, 1, 1, 0, 0, 0, 2, 5, 1, 1, 1, 1, 1, 1, 1, 1]"
51,9,0.954081654548645,0.954081654548645,1.0,0.041762818134480365,"[1, 2, 2, 0, 2, 2, 2, 2, 1, 2, 2]","[1, 2, 2, 0, 2, 2, 2, 2, 1, 2, 2]","[1, 1, 1, 1, 1, 1, 1, 1, 0, 2, 0, 0, 0, 1, 1, 0, 2, 0, 0, 0, 1, 1, 0, 0, 0, 0, 0, 1, 1, 0, 2, 0, 0, 0, 1, 1, 0, 2, 0, 0, 5, 1, 1, 1, 1, 1, 1, 1, 1]"
51,10,0.954081654548645,0.9586734771728516,0.8181818181818182,0.010381394496006478,"[2, 2, 2, 0, 0, 2, 2, 2, 2, 1, 2]","[1, 2, 2, 2, 0, 2, 2, 2, 2, 1, 2]","[1, 1, 1, 1, 1, 1, 1, 1, 0, 0, 2, 0, 0, 1, 1, 0, 0, 2, 0, 0, 1, 1, 0, 0, 2, 0, 0, 1, 1, 0, 0, 0, 0, 0, 1, 1, 0, 0, 2, 0, 5, 1, 1, 1, 1, 1, 1, 1, 1]"
51,11,0.0,0.9403061270713806,1.0,0.6685886742837154,"[1, 2, 2, 2, 2, 0, 2, 2, 2, 2]","[1, 2, 2, 2, 2, 0, 2, 2, 2, 2]","[1, 1, 1, 1, 1, 1, 1, 1, 0, 2, 0, 0, 0, 1, 1, 0, 2, 0, 0, 0, 1, 1, 0, 2, 0, 0, 0, 1, 1, 0, 2, 0, 0, 0, 1, 1, 0, 0, 0, 0, 5, 1, 1, 1, 1, 1, 1, 1, 1]"
51,12,0.954081654548645,0.954081654548645,1.0,0.014392678528648421,"[2, 2, 2, 2, 1, 2, 2, 2, 2]","[2, 2, 2, 2, 1, 2, 2, 2, 2]","[1, 1, 1, 1, 1, 1, 1, 1, 0, 0, 0, 0, 0, 1, 1, 0, 0, 0, 2, 0, 1, 1, 0, 0, 0, 2, 0, 1, 1, 0, 0, 0, 2, 0, 1, 1, 0, 0, 0, 2, 5, 1, 1, 1, 1, 1, 1, 1, 1]"
51,13,0.9586734771728516,0.954081654548645,1.0,0.011743161271119283,"[1, 2, 0, 2, 2, 2, 2, 1, 2, 2, 2]","[1, 2, 0, 2, 2, 2, 2, 1, 2, 2, 2]","[1, 1, 1, 1, 1, 1, 1, 1, 0, 2, 0, 0, 0, 1, 1, 0, 0, 0, 0, 0, 1, 1, 0, 2, 0, 0, 0, 1, 1, 0, 2, 0, 0, 0, 1, 1, 0, 2, 0, 0, 5, 1, 1, 1, 1, 1, 1, 1, 1]"
51,14,0.9494897723197937,0.954081654548645,0.8,0.028887691004704473,"[2, 0, 2, 2, 2, 0, 2, 2, 2, 2]","[1, 2, 2, 2, 2, 0, 2, 2, 2, 2]","[1, 1, 1, 1, 1, 1, 1, 1, 0, 0, 2, 0, 0, 1, 1, 0, 0, 2, 0, 0, 1, 1, 0, 0, 2, 0, 0, 1, 1, 0, 0, 2, 0, 0, 1, 1, 0, 0, 0, 0, 5, 1, 1, 1, 1, 1, 1, 1, 1]"
51,15,0.9586734771728516,0.9494897723197937,0.7272727272727273,0.03081823676863375,"[2, 2, 0, 0, 0, 2, 2, 2, 2, 1, 2]","[1, 2, 2, 2, 0, 2, 2, 2, 2, 1, 2]","[1, 1, 1, 1, 1, 1, 1, 1, 0, 0, 2, 0, 0, 1, 1, 0, 0, 2, 0, 0, 1, 1, 0, 0, 2, 0, 0, 1, 1, 0, 0, 0, 0, 0, 1, 1, 0, 0, 2, 0, 5, 1, 1, 1, 1, 1, 1, 1, 1]"
51,16,0.9586734771728516,0.9494897723197937,1.0,0.029489395340946925,"[2, 2, 2, 2, 1, 2, 2, 2, 2]","[2, 2, 2, 2, 1, 2, 2, 2, 2]","[1, 1, 1, 1, 1, 1, 1, 1, 0, 0, 0, 0, 0, 1, 1, 0, 2, 0, 0, 0, 1, 1, 0, 2, 0, 0, 0, 1, 1, 0, 2, 0, 0, 0, 1, 1, 0, 2, 0, 0, 5, 1, 1, 1, 1, 1, 1, 1, 1]"
51,17,0.9586734771728516,0.9494897723197937,0.7272727272727273,0.06938343860383611,"[2, 0, 0, 0, 2, 2, 2, 2, 1, 2, 2]","[1, 2, 2, 0, 2, 2, 2, 2, 1, 2, 2]","[1, 1, 1, 1, 1, 1, 1, 1, 0, 0, 2, 0, 0, 1, 1, 0, 0, 2, 0, 0, 1, 1, 0, 0, 0, 0, 0, 1, 1, 0, 0, 2, 0, 0, 1, 1, 0, 0, 2, 0, 5, 1, 1, 1, 1, 1, 1, 1, 1]"
51,18,0.9403061270713806,0.954081654548645,0.7272727272727273,0.03202052988829867,"[2, 2, 2, 2, 0, 0, 2, 2, 2, 0, 2]","[2, 1, 2, 2, 2, 0, 2, 2, 2, 1, 2]","[1, 1, 1, 1, 1, 1, 1, 1, 0, 0, 0, 2, 0, 1, 1, 0, 0, 0, 2, 0, 1, 1, 0, 0, 0, 2, 0, 1, 1, 0, 0, 0, 0, 0, 1, 1, 0, 0, 0, 2, 5, 1, 1, 1, 1, 1, 1, 1, 1]"
51,19,0.9357143044471741,0.9494897723197937,1.0,0.0466520167267715,"[2, 2, 2, 2, 1, 2, 2, 2, 2]","[2, 2, 2, 2, 1, 2, 2, 2, 2]","[1, 1, 1, 1, 1, 1, 1, 1, 0, 0, 0, 0, 0, 1, 1, 0, 2, 0, 0, 0, 1, 1, 0, 2, 0, 0, 0, 1, 1, 0, 2, 0, 0, 0, 1, 1, 0, 2, 0, 0, 5, 1, 1, 1, 1, 1, 1, 1, 1]"
52,0,0.954081654548645,0.0,0.36363636363636365,0.01640626618609531,"[0, 2, 0, 0, 0, 0, 0, 2, 2, 0, 2]","[2, 1, 2, 2, 2, 0, 2, 2, 2, 1, 2]","[1, 1, 1, 1, 1, 1, 1, 1, 0, 0, 0, 2, 0, 1, 1, 0, 0, 0, 2, 0, 1, 1, 0, 0, 0, 2, 0, 1, 1, 0, 0, 0, 0, 0, 1, 1, 0, 0, 0, 2, 5, 1, 1, 1, 1, 1, 1, 1, 1]"
52,1,0.9494897723197937,0.954081654548645,0.8181818181818182,0.0837641777633347,"[2, 2, 0, 0, 2, 2, 2, 1, 2, 2, 2]","[2, 1, 2, 0, 2, 2, 2, 1, 2, 2, 2]","[1, 1, 1, 1, 1, 1, 1, 1, 0, 0, 0, 2, 0, 1, 1, 0, 0, 0, 0, 0, 1, 1, 0, 0, 0, 2, 0, 1, 1, 0, 0, 0, 2, 0, 1, 1, 0, 0, 0, 2, 5, 1, 1, 1, 1, 1, 1, 1, 1]"
52,2,0.954081654548645,0.9494897723197937,0.5,0.150047352813007,"[2, 2, 0, 0, 0, 2, 0, 0, 2, 2]","[2, 1, 2, 2, 2, 2, 0, 2, 2, 2]","[1, 1, 1, 1, 1, 1, 1, 1, 0, 0, 0, 2, 0, 1, 1, 0, 0, 0, 2, 0, 1, 1, 0, 0, 0, 2, 0, 1, 1, 0, 0, 0, 2, 0, 1, 1, 0, 0, 0, 0, 5, 1, 1, 1, 1, 1, 1, 1, 1]"
52,3,0.9494897723197937,0.9494897723197937,1.0,0.003952511666284408,"[1, 2, 2, 2, 2, 0, 2, 2, 2, 2]","[1, 2, 2, 2, 2, 0, 2, 2, 2, 2]","[1, 1, 1, 1, 1, 1, 1, 1, 0, 2, 0, 0, 0, 1, 1, 0, 2, 0, 0, 0, 1, 1, 0, 2, 0, 0, 0, 1, 1, 0, 2, 0, 0, 0, 1, 1, 0, 0, 0, 0, 5, 1, 1, 1, 1, 1, 1, 1, 1]"
52,4,0.9494897723197937,0.9586734771728516,0.6,0.07764487469103187,"[2, 2, 0, 2, 0, 2, 0, 0, 2, 2]","[2, 1, 2, 2, 2, 2, 0, 2, 2, 2]","[1, 1, 1, 1, 1, 1, 1, 1, 0, 0, 0, 2, 0, 1, 1, 0, 0, 0, 2, 0, 1, 1, 0, 0, 0, 2, 0, 1, 1, 0, 0, 0, 2, 0, 1, 1, 0, 0, 0, 0, 5, 1, 1, 1, 1, 1, 1, 1, 1]"
52,5,0.9494897723197937,0.9494897723197937,0.7,0.01667268624967417,"[2, 2, 0, 2, 0, 2, 0, 2, 2, 2]","[2, 1, 2, 2, 2, 2, 0, 2, 2, 2]","[1, 1, 1, 1, 1, 1, 1, 1, 0, 0, 0, 2, 0, 1, 1, 0, 0, 0, 2, 0, 1, 1, 0, 0, 0, 2, 0, 1, 1, 0, 0, 0, 2, 0, 1, 1, 0, 0, 0, 0, 5, 1, 1, 1, 1, 1, 1, 1, 1]"
52,6,0.9586734771728516,0.954081654548645,0.7272727272727273,0.12830380159324373,"[2, 2, 0, 0, 0, 2, 2, 2, 1, 2, 2]","[2, 1, 2, 2, 0, 2, 2, 2, 1, 2, 2]","[1, 1, 1, 1, 1, 1, 1, 1, 0, 0, 0, 2, 0, 1, 1, 0, 0, 0, 2, 0, 1, 1, 0, 0, 0, 0, 0, 1, 1, 0, 0, 0, 2, 0, 1, 1, 0, 0, 0, 2, 5, 1, 1, 1, 1, 1, 1, 1, 1]"
52,7,0.9494897723197937,0.9494897723197937,0.9090909090909091,0.003829034313093871,"[1, 2, 2, 2, 0, 2, 2, 2, 2, 0, 2]","[1, 2, 2, 2, 0, 2, 2, 2, 2, 1, 2]","[1, 1, 1, 1, 1, 1, 1, 1, 0, 2, 0, 0, 0, 1, 1, 0, 2, 0, 0, 0, 1, 1, 0, 2, 0, 0, 0, 1, 1, 0, 0, 0, 0, 0, 1, 1, 0, 2, 0, 0, 5, 1, 1, 1, 1, 1, 1, 1, 1]"
52,8,0.954081654548645,0.9494897723197937,0.45454545454545453,0.018712167501110922,"[2, 2, 0, 0, 0, 0, 0, 2, 2, 0, 2]","[2, 1, 2, 2, 2, 0, 2, 2, 2, 1, 2]","[1, 1, 1, 1, 1, 1, 1, 1, 0, 0, 0, 2, 0, 1, 1, 0, 0, 0, 2, 0, 1, 1, 0, 0, 0, 2, 0, 1, 1, 0, 0, 0, 0, 0, 1, 1, 0, 0, 0, 2, 5, 1, 1, 1, 1, 1, 1, 1, 1]"
52,9,0.9311224222183228,0.0,0.8,0.027243804679892493,"[2, 0, 2, 2, 2, 0, 2, 2, 2, 2]","[1, 2, 2, 2, 2, 0, 2, 2, 2, 2]","[1, 1, 1, 1, 1, 1, 1, 1, 0, 0, 2, 0, 0, 1, 1, 0, 0, 2, 0, 0, 1, 1, 0, 0, 2, 0, 0, 1, 1, 0, 0, 2, 0, 0, 1, 1, 0, 0, 0, 0, 5, 1, 1, 1, 1, 1, 1, 1, 1]"
52,10,0.9494897723197937,0.9586734771728516,1.0,0.013760483248254539,"[1, 2, 0, 2, 2, 2, 2, 1, 2, 2, 2]","[1, 2, 0, 2, 2, 2, 2, 1, 2, 2, 2]","[1, 1, 1, 1, 1, 1, 1, 1, 0, 2, 0, 0, 0, 1, 1, 0, 0, 0, 0, 0, 1, 1, 0, 2, 0, 0, 0, 1, 1, 0, 2, 0, 0, 0, 1, 1, 0, 2, 0, 0, 5, 1, 1, 1, 1, 1, 1, 1, 1]"
52,11,0.9494897723197937,0.9219387769699097,0.8181818181818182,0.19281284169033935,"[0, 2, 2, 2, 0, 2, 2, 2, 2, 0, 2]","[1, 2, 2, 2, 0, 2, 2, 2, 2, 1, 2]","[1, 1, 1, 1, 1, 1, 1, 1, 0, 2, 0, 0, 0, 1, 1, 0, 2, 0, 0, 0, 1, 1, 0, 2, 0, 0, 0, 1, 1, 0, 0, 0, 0, 0, 1, 1, 0, 2, 0, 0, 5, 1, 1, 1, 1, 1, 1, 1, 1]"
52,12,0.954081654548645,0.9494897723197937,1.0,0.0058938161520119235,"[1, 2, 2, 0, 2, 2, 2, 2, 1, 2, 2]","[1, 2, 2, 0, 2, 2, 2, 2, 1, 2, 2]","[1, 1, 1, 1, 1, 1, 1, 1, 0, 2, 0, 0, 0, 1, 1, 0, 2, 0, 0, 0, 1, 1, 0, 0, 0, 0, 0, 1, 1, 0, 2, 0, 0, 0, 1, 1, 0, 2, 0, 0, 5, 1, 1, 1, 1, 1, 1, 1, 1]"
52,13,0.954081654548645,0.9494897723197937,0.5,0.2749969374595417,"[2, 0, 0, 0, 0, 0, 2, 2, 2, 2]","[1, 2, 2, 2, 2, 0, 2, 2, 2, 2]","[1, 1, 1, 1, 1, 1, 1, 1, 0, 0, 2, 0, 0, 1, 1, 0, 0, 2, 0, 0, 1, 1, 0, 0, 2, 0, 0, 1, 1, 0, 0, 2, 0, 0, 1, 1, 0, 0, 0, 0, 5, 1, 1, 1, 1, 1, 1, 1, 1]"
52,14,0.9403061270713806,0.954081654548645,1.0,0.03724254343185087,"[1, 2, 2, 2, 2, 0, 2, 2, 2, 2]","[1, 2, 2, 2, 2, 0, 2, 2, 2, 2]","[1, 1, 1, 1, 1, 1, 1, 1, 0, 2, 0, 0, 0, 1, 1, 0, 2, 0, 0, 0, 1, 1, 0, 2, 0, 0, 0, 1, 1, 0, 2, 0, 0, 0, 1, 1, 0, 0, 0, 0, 5, 1, 1, 1, 1, 1, 1, 1, 1]"
52,15,0.954081654548645,0.954081654548645,1.0,0.016550241838558577,"[1, 2, 2, 0, 2, 2, 2, 2, 1, 2, 2]","[1, 2, 2, 0, 2, 2, 2, 2, 1, 2, 2]","[1, 1, 1, 1, 1, 1, 1, 1, 0, 2, 0, 0, 0, 1, 1, 0, 2, 0, 0, 0, 1, 1, 0, 0, 0, 0, 0, 1, 1, 0, 2, 0, 0, 0, 1, 1, 0, 2, 0, 0, 5, 1, 1, 1, 1, 1, 1, 1, 1]"
52,16,0.0,0.9494897723197937,1.0,0.024662028577343637,"[2, 2, 2, 2, 1, 2, 2, 2, 2]","[2, 2, 2, 2, 1, 2, 2, 2, 2]","[1, 1, 1, 1, 1, 1, 1, 1, 0, 0, 0, 0, 0, 1, 1, 0, 0, 2, 0, 0, 1, 1, 0, 0, 2, 0, 0, 1, 1, 0, 0, 2, 0, 0, 1, 1, 0, 0, 2, 0, 5, 1, 1, 1, 1, 1, 1, 1, 1]"
52,17,0.9494897723197937,0.9586734771728516,1.0,0.0013621070700335419,"[2, 2, 2, 2, 1, 2, 2, 2, 2]","[2, 2, 2, 2, 1, 2, 2, 2, 2]","[1, 1, 1, 1, 1, 1, 1, 1, 0, 0, 0, 0, 0, 1, 1, 0, 0, 2, 0, 0, 1, 1, 0, 0, 2, 0, 0, 1, 1, 0, 0, 2, 0, 0, 1, 1, 0, 0, 2, 0, 5, 1, 1, 1, 1, 1, 1, 1, 1]"
52,18,0.9494897723197937,0.0,1.0,0.02876345209766772,"[1, 2, 2, 2, 2, 0, 2, 2, 2, 2]","[1, 2, 2, 2, 2, 0, 2, 2, 2, 2]","[1, 1, 1, 1, 1, 1, 1, 1, 0, 2, 0, 0, 0, 1, 1, 0, 2, 0, 0, 0, 1, 1, 0, 2, 0, 0, 0, 1, 1, 0, 2, 0, 0, 0, 1, 1, 0, 0, 0, 0, 5, 1, 1, 1, 1, 1, 1, 1, 1]"
52,19,0.9494897723197937,0.954081654548645,0.4,0.013054380139187237,"[2, 0, 0, 0, 0, 0, 0, 2, 2, 2]","[1, 2, 2, 2, 2, 0, 2, 2, 2, 2]","[1, 1, 1, 1, 1, 1, 1, 1, 0, 0, 2, 0, 0, 1, 1, 0, 0, 2, 0, 0, 1, 1, 0, 0, 2, 0, 0, 1, 1, 0, 0, 2, 0, 0, 1, 1, 0, 0, 0, 0, 5, 1, 1, 1, 1, 1, 1, 1, 1]"
53,0,0.9586734771728516,0.9494897723197937,0.7272727272727273,0.008208077890028816,"[2, 2, 0, 0, 0, 2, 2, 2, 1, 2, 2]","[2, 1, 2, 2, 0, 2, 2, 2, 1, 2, 2]","[1, 1, 1, 1, 1, 1, 1, 1, 0, 0, 0, 2, 0, 1, 1, 0, 0, 0, 2, 0, 1, 1, 0, 0, 0, 0, 0, 1, 1, 0, 0, 0, 2, 0, 1, 1, 0, 0, 0, 2, 5, 1, 1, 1, 1, 1, 1, 1, 1]"
53,1,0.9403061270713806,0.9494897723197937,0.7272727272727273,0.002590476447949186,"[2, 0, 0, 0, 2, 2, 2, 2, 1, 2, 2]","[1, 2, 2, 0, 2, 2, 2, 2, 1, 2, 2]","[1, 1, 1, 1, 1, 1, 1, 1, 0, 0, 2, 0, 0, 1, 1, 0, 0, 2, 0, 0, 1, 1, 0, 0, 0, 0, 0, 1, 1, 0, 0, 2, 0, 0, 1, 1, 0, 0, 2, 0, 5, 1, 1, 1, 1, 1, 1, 1, 1]"
53,2,0.9265305995941162,0.9494897723197937,0.45454545454545453,0.014067742112357255,"[2, 0, 0, 0, 0, 0, 2, 2, 2, 0, 2]","[1, 2, 2, 2, 0, 2, 2, 2, 2, 1, 2]","[1, 1, 1, 1, 1, 1, 1, 1, 0, 0, 2, 0, 0, 1, 1, 0, 0, 2, 0, 0, 1, 1, 0, 0, 2, 0, 0, 1, 1, 0, 0, 0, 0, 0, 1, 1, 0, 0, 2, 0, 5, 1, 1, 1, 1, 1, 1, 1, 1]"
53,3,0.954081654548645,0.9494897723197937,0.7272727272727273,0.024669861676132616,"[2, 2, 0, 0, 0, 2, 2, 2, 1, 2, 2]","[2, 1, 2, 2, 0, 2, 2, 2, 1, 2, 2]","[1, 1, 1, 1, 1, 1, 1, 1, 0, 0, 0, 2, 0, 1, 1, 0, 0, 0, 2, 0, 1, 1, 0, 0, 0, 0, 0, 1, 1, 0, 0, 0, 2, 0, 1, 1, 0, 0, 0, 2, 5, 1, 1, 1, 1, 1, 1, 1, 1]"
53,4,0.9494897723197937,0.9586734771728516,0.8181818181818182,0.0023641507475986147,"[2, 2, 0, 0, 2, 2, 2, 1, 2, 2, 2]","[2, 1, 2, 0, 2, 2, 2, 1, 2, 2, 2]","[1, 1, 1, 1, 1, 1, 1, 1, 0, 0, 0, 2, 0, 1, 1, 0, 0, 0, 0, 0, 1, 1, 0, 0, 0, 2, 0, 1, 1, 0, 0, 0, 2, 0, 1, 1, 0, 0, 0, 2, 5, 1, 1, 1, 1, 1, 1, 1, 1]"
53,5,0.9586734771728516,0.9403061270713806,1.0,0.015412704515090974,"[2, 2, 2, 2, 1, 2, 2, 2, 2]","[2, 2, 2, 2, 1, 2, 2, 2, 2]","[1, 1, 1, 1, 1, 1, 1, 1, 0, 0, 0, 0, 0, 1, 1, 0, 0, 2, 0, 0, 1, 1, 0, 0, 2, 0, 0, 1, 1, 0, 0, 2, 0, 0, 1, 1, 0, 0, 2, 0, 5, 1, 1, 1, 1, 1, 1, 1, 1]"
53,6,0.954081654548645,0.9494897723197937,1.0,0.03477989062845994,"[1, 2, 2, 2, 2, 0, 2, 2, 2, 2]","[1, 2, 2, 2, 2, 0, 2, 2, 2, 2]","[1, 1, 1, 1, 1, 1, 1, 1, 0, 2, 0, 0, 0, 1, 1, 0, 2, 0, 0, 0, 1, 1, 0, 2, 0, 0, 0, 1, 1, 0, 2, 0, 0, 0, 1, 1, 0, 0, 0, 0, 5, 1, 1, 1, 1, 1, 1, 1, 1]"
53,7,0.9494897723197937,0.9494897723197937,0.45454545454545453,0.0056103598530171436,"[2, 0, 0, 0, 0, 0, 2, 2, 2, 0, 2]","[1, 2, 2, 2, 0, 2, 2, 2, 2, 1, 2]","[1, 1, 1, 1, 1, 1, 1, 1, 0, 0, 2, 0, 0, 1, 1, 0, 0, 2, 0, 0, 1, 1, 0, 0, 2, 0, 0, 1, 1, 0, 0, 0, 0, 0, 1, 1, 0, 0, 2, 0, 5, 1, 1, 1, 1, 1, 1, 1, 1]"
53,8,0.9265305995941162,0.9586734771728516,1.0,0.002785151074931491,"[1, 2, 2, 0, 2, 2, 2, 2, 1, 2, 2]","[1, 2, 2, 0, 2, 2, 2, 2, 1, 2, 2]","[1, 1, 1, 1, 1, 1, 1, 1, 0, 2, 0, 0, 0, 1, 1, 0, 2, 0, 0, 0, 1, 1, 0, 0, 0, 0, 0, 1, 1, 0, 2, 0, 0, 0, 1, 1, 0, 2, 0, 0, 5, 1, 1, 1, 1, 1, 1, 1, 1]"
53,9,0.9586734771728516,0.9494897723197937,0.7272727272727273,0.10612074453349445,"[2, 2, 0, 0, 0, 2, 2, 2, 1, 2, 2]","[2, 1, 2, 2, 0, 2, 2, 2, 1, 2, 2]","[1, 1, 1, 1, 1, 1, 1, 1, 0, 0, 0, 2, 0, 1, 1, 0, 0, 0, 2, 0, 1, 1, 0, 0, 0, 0, 0, 1, 1, 0, 0, 0, 2, 0, 1, 1, 0, 0, 0, 2, 5, 1, 1, 1, 1, 1, 1, 1, 1]"
53,10,0.9403061270713806,0.9403061270713806,0.8181818181818182,0.007621303918858758,"[2, 2, 0, 0, 2, 2, 2, 1, 2, 2, 2]","[2, 1, 2, 0, 2, 2, 2, 1, 2, 2, 2]","[1, 1, 1, 1, 1, 1, 1, 1, 0, 0, 0, 2, 0, 1, 1, 0, 0, 0, 0, 0, 1, 1, 0, 0, 0, 2, 0, 1, 1, 0, 0, 0, 2, 0, 1, 1, 0, 0, 0, 2, 5, 1, 1, 1, 1, 1, 1, 1, 1]"
53,11,0.9494897723197937,0.0,1.0,0.06342516491895367,"[1, 2, 2, 2, 2, 0, 2, 2, 2, 2]","[1, 2, 2, 2, 2, 0, 2, 2, 2, 2]","[1, 1, 1, 1, 1, 1, 1, 1, 0, 2, 0, 0, 0, 1, 1, 0, 2, 0, 0, 0, 1, 1, 0, 2, 0, 0, 0, 1, 1, 0, 2, 0, 0, 0, 1, 1, 0, 0, 0, 0, 5, 1, 1, 1, 1, 1, 1, 1, 1]"
53,12,0.954081654548645,0.0,0.7272727272727273,0.14920504876169038,"[2, 2, 0, 0, 0, 2, 2, 2, 1, 2, 2]","[2, 1, 2, 2, 0, 2, 2, 2, 1, 2, 2]","[1, 1, 1, 1, 1, 1, 1, 1, 0, 0, 0, 2, 0, 1, 1, 0, 0, 0, 2, 0, 1, 1, 0, 0, 0, 0, 0, 1, 1, 0, 0, 0, 2, 0, 1, 1, 0, 0, 0, 2, 5, 1, 1, 1, 1, 1, 1, 1, 1]"
53,13,0.954081654548645,0.9586734771728516,1.0,0.011810386313961564,"[1, 2, 0, 2, 2, 2, 2, 1, 2, 2, 2]","[1, 2, 0, 2, 2, 2, 2, 1, 2, 2, 2]","[1, 1, 1, 1, 1, 1, 1, 1, 0, 2, 0, 0, 0, 1, 1, 0, 0, 0, 0, 0, 1, 1, 0, 2, 0, 0, 0, 1, 1, 0, 2, 0, 0, 0, 1, 1, 0, 2, 0, 0, 5, 1, 1, 1, 1, 1, 1, 1, 1]"
53,14,0.954081654548645,0.9265305995941162,1.0,0.009982443686021724,"[1, 2, 2, 0, 2, 2, 2, 2, 1, 2, 2]","[1, 2, 2, 0, 2, 2, 2, 2, 1, 2, 2]","[1, 1, 1, 1, 1, 1, 1, 1, 0, 2, 0, 0, 0, 1, 1, 0, 2, 0, 0, 0, 1, 1, 0, 0, 0, 0, 0, 1, 1, 0, 2, 0, 0, 0, 1, 1, 0, 2, 0, 0, 5, 1, 1, 1, 1, 1, 1, 1, 1]"
53,15,0.9494897723197937,0.9494897723197937,0.45454545454545453,0.03596712217485118,"[2, 0, 0, 0, 0, 0, 2, 2, 2, 0, 2]","[1, 2, 2, 2, 0, 2, 2, 2, 2, 1, 2]","[1, 1, 1, 1, 1, 1, 1, 1, 0, 0, 2, 0, 0, 1, 1, 0, 0, 2, 0, 0, 1, 1, 0, 0, 2, 0, 0, 1, 1, 0, 0, 0, 0, 0, 1, 1, 0, 0, 2, 0, 5, 1, 1, 1, 1, 1, 1, 1, 1]"
53,16,0.9494897723197937,0.9494897723197937,0.8181818181818182,0.2726133087417111,"[2, 2, 0, 0, 2, 2, 2, 1, 2, 2, 2]","[2, 1, 2, 0, 2, 2, 2, 1, 2, 2, 2]","[1, 1, 1, 1, 1, 1, 1, 1, 0, 0, 0, 2, 0, 1, 1, 0, 0, 0, 0, 0, 1, 1, 0, 0, 0, 2, 0, 1, 1, 0, 0, 0, 2, 0, 1, 1, 0, 0, 0, 2, 5, 1, 1, 1, 1, 1, 1, 1, 1]"
53,17,0.9586734771728516,0.954081654548645,1.0,0.002631709276465699,"[2, 2, 2, 2, 1, 2, 2, 2, 2]","[2, 2, 2, 2, 1, 2, 2, 2, 2]","[1, 1, 1, 1, 1, 1, 1, 1, 0, 0, 0, 0, 0, 1, 1, 0, 0, 0, 2, 0, 1, 1, 0, 0, 0, 2, 0, 1, 1, 0, 0, 0, 2, 0, 1, 1, 0, 0, 0, 2, 5, 1, 1, 1, 1, 1, 1, 1, 1]"
53,18,0.9494897723197937,0.954081654548645,0.9090909090909091,0.057372311800877054,"[1, 2, 2, 2, 0, 2, 2, 2, 2, 0, 2]","[1, 2, 2, 2, 0, 2, 2, 2, 2, 1, 2]","[1, 1, 1, 1, 1, 1, 1, 1, 0, 2, 0, 0, 0, 1, 1, 0, 2, 0, 0, 0, 1, 1, 0, 2, 0, 0, 0, 1, 1, 0, 0, 0, 0, 0, 1, 1, 0, 2, 0, 0, 5, 1, 1, 1, 1, 1, 1, 1, 1]"
53,19,0.954081654548645,0.9173469543457031,1.0,0.11748673438301517,"[2, 2, 2, 2, 1, 2, 2, 2, 2]","[2, 2, 2, 2, 1, 2, 2, 2, 2]","[1, 1, 1, 1, 1, 1, 1, 1, 0, 0, 0, 0, 0, 1, 1, 0, 0, 2, 0, 0, 1, 1, 0, 0, 2, 0, 0, 1, 1, 0, 0, 2, 0, 0, 1, 1, 0, 0, 2, 0, 5, 1, 1, 1, 1, 1, 1, 1, 1]"
54,0,0.0,0.954081654548645,0.9090909090909091,0.015786564275913406,"[1, 2, 2, 2, 0, 2, 2, 2, 2, 0, 2]","[1, 2, 2, 2, 0, 2, 2, 2, 2, 1, 2]","[1, 1, 1, 1, 1, 1, 1, 1, 0, 2, 0, 0, 0, 1, 1, 0, 2, 0, 0, 0, 1, 1, 0, 2, 0, 0, 0, 1, 1, 0, 0, 0, 0, 0, 1, 1, 0, 2, 0, 0, 5, 1, 1, 1, 1, 1, 1, 1, 1]"
54,1,0.954081654548645,0.0,0.8,0.001076623236440355,"[2, 2, 0, 2, 2, 2, 0, 2, 2, 2]","[2, 1, 2, 2, 2, 2, 0, 2, 2, 2]","[1, 1, 1, 1, 1, 1, 1, 1, 0, 0, 0, 2, 0, 1, 1, 0, 0, 0, 2, 0, 1, 1, 0, 0, 0, 2, 0, 1, 1, 0, 0, 0, 2, 0, 1, 1, 0, 0, 0, 0, 5, 1, 1, 1, 1, 1, 1, 1, 1]"
54,2,0.9403061270713806,0.954081654548645,1.0,0.04368805011472432,"[1, 2, 2, 2, 2, 0, 2, 2, 2, 2]","[1, 2, 2, 2, 2, 0, 2, 2, 2, 2]","[1, 1, 1, 1, 1, 1, 1, 1, 0, 2, 0, 0, 0, 1, 1, 0, 2, 0, 0, 0, 1, 1, 0, 2, 0, 0, 0, 1, 1, 0, 2, 0, 0, 0, 1, 1, 0, 0, 0, 0, 5, 1, 1, 1, 1, 1, 1, 1, 1]"
54,3,0.9586734771728516,0.0,0.4,0.06856403495112318,"[2, 0, 0, 0, 0, 0, 0, 2, 2, 2]","[1, 2, 2, 2, 2, 0, 2, 2, 2, 2]","[1, 1, 1, 1, 1, 1, 1, 1, 0, 0, 2, 0, 0, 1, 1, 0, 0, 2, 0, 0, 1, 1, 0, 0, 2, 0, 0, 1, 1, 0, 0, 2, 0, 0, 1, 1, 0, 0, 0, 0, 5, 1, 1, 1, 1, 1, 1, 1, 1]"
54,4,0.9494897723197937,0.9494897723197937,1.0,0.01333141495111208,"[2, 2, 2, 2, 1, 2, 2, 2, 2]","[2, 2, 2, 2, 1, 2, 2, 2, 2]","[1, 1, 1, 1, 1, 1, 1, 1, 0, 0, 0, 0, 0, 1, 1, 0, 0, 2, 0, 0, 1, 1, 0, 0, 2, 0, 0, 1, 1, 0, 0, 2, 0, 0, 1, 1, 0, 0, 2, 0, 5, 1, 1, 1, 1, 1, 1, 1, 1]"
54,5,0.9494897723197937,0.9586734771728516,0.7272727272727273,0.0021398734291627384,"[2, 0, 0, 0, 2, 2, 2, 2, 1, 2, 2]","[1, 2, 2, 0, 2, 2, 2, 2, 1, 2, 2]","[1, 1, 1, 1, 1, 1, 1, 1, 0, 0, 2, 0, 0, 1, 1, 0, 0, 2, 0, 0, 1, 1, 0, 0, 0, 0, 0, 1, 1, 0, 0, 2, 0, 0, 1, 1, 0, 0, 2, 0, 5, 1, 1, 1, 1, 1, 1, 1, 1]"
54,6,0.9494897723197937,0.9403061270713806,1.0,0.002704352350620967,"[2, 2, 2, 2, 1, 2, 2, 2, 2]","[2, 2, 2, 2, 1, 2, 2, 2, 2]","[1, 1, 1, 1, 1, 1, 1, 1, 0, 0, 0, 0, 0, 1, 1, 0, 2, 0, 0, 0, 1, 1, 0, 2, 0, 0, 0, 1, 1, 0, 2, 0, 0, 0, 1, 1, 0, 2, 0, 0, 5, 1, 1, 1, 1, 1, 1, 1, 1]"
54,7,0.9494897723197937,0.0,1.0,0.0022788704773120116,"[1, 2, 0, 2, 2, 2, 2, 1, 2, 2, 2]","[1, 2, 0, 2, 2, 2, 2, 1, 2, 2, 2]","[1, 1, 1, 1, 1, 1, 1, 1, 0, 2, 0, 0, 0, 1, 1, 0, 0, 0, 0, 0, 1, 1, 0, 2, 0, 0, 0, 1, 1, 0, 2, 0, 0, 0, 1, 1, 0, 2, 0, 0, 5, 1, 1, 1, 1, 1, 1, 1, 1]"
54,8,0.0,0.9494897723197937,1.0,0.004335791378657127,"[2, 2, 2, 2, 1, 2, 2, 2, 2]","[2, 2, 2, 2, 1, 2, 2, 2, 2]","[1, 1, 1, 1, 1, 1, 1, 1, 0, 0, 0, 0, 0, 1, 1, 0, 0, 2, 0, 0, 1, 1, 0, 0, 2, 0, 0, 1, 1, 0, 0, 2, 0, 0, 1, 1, 0, 0, 2, 0, 5, 1, 1, 1, 1, 1, 1, 1, 1]"
54,9,0.9586734771728516,0.9586734771728516,0.45454545454545453,0.06644481336787486,"[2, 2, 0, 0, 0, 2, 2, 2, 2, 0, 2]","[2, 1, 2, 2, 2, 0, 2, 2, 2, 1, 2]","[1, 1, 1, 1, 1, 1, 1, 1, 0, 0, 0, 2, 0, 1, 1, 0, 0, 0, 2, 0, 1, 1, 0, 0, 0, 2, 0, 1, 1, 0, 0, 0, 0, 0, 1, 1, 0, 0, 0, 2, 5, 1, 1, 1, 1, 1, 1, 1, 1]"
54,10,0.954081654548645,0.9586734771728516,1.0,0.007890544600377325,"[2, 2, 2, 2, 1, 2, 2, 2, 2]","[2, 2, 2, 2, 1, 2, 2, 2, 2]","[1, 1, 1, 1, 1, 1, 1, 1, 0, 0, 0, 0, 0, 1, 1, 0, 2, 0, 0, 0, 1, 1, 0, 2, 0, 0, 0, 1, 1, 0, 2, 0, 0, 0, 1, 1, 0, 2, 0, 0, 5, 1, 1, 1, 1, 1, 1, 1, 1]"
54,11,0.9403061270713806,0.9494897723197937,0.9090909090909091,0.03109441277483711,"[1, 2, 0, 0, 2, 2, 2, 1, 2, 2, 2]","[1, 2, 0, 2, 2, 2, 2, 1, 2, 2, 2]","[1, 1, 1, 1, 1, 1, 1, 1, 0, 2, 0, 0, 0, 1, 1, 0, 0, 0, 0, 0, 1, 1, 0, 2, 0, 0, 0, 1, 1, 0, 2, 0, 0, 0, 1, 1, 0, 2, 0, 0, 5, 1, 1, 1, 1, 1, 1, 1, 1]"
54,12,0.9494897723197937,0.954081654548645,0.8181818181818182,0.05940954471324486,"[2, 0, 0, 2, 2, 2, 2, 1, 2, 2, 2]","[1, 2, 0, 2, 2, 2, 2, 1, 2, 2, 2]","[1, 1, 1, 1, 1, 1, 1, 1, 0, 0, 2, 0, 0, 1, 1, 0, 0, 0, 0, 0, 1, 1, 0, 0, 2, 0, 0, 1, 1, 0, 0, 2, 0, 0, 1, 1, 0, 0, 2, 0, 5, 1, 1, 1, 1, 1, 1, 1, 1]"
54,13,0.9494897723197937,0.9586734771728516,0.8,0.007553484804454704,"[2, 2, 0, 2, 2, 2, 0, 2, 2, 2]","[2, 1, 2, 2, 2, 2, 0, 2, 2, 2]","[1, 1, 1, 1, 1, 1, 1, 1, 0, 0, 0, 2, 0, 1, 1, 0, 0, 0, 2, 0, 1, 1, 0, 0, 0, 2, 0, 1, 1, 0, 0, 0, 2, 0, 1, 1, 0, 0, 0, 0, 5, 1, 1, 1, 1, 1, 1, 1, 1]"
54,14,0.9586734771728516,0.9494897723197937,1.0,0.10531449070773445,"[1, 2, 2, 2, 2, 0, 2, 2, 2, 2]","[1, 2, 2, 2, 2, 0, 2, 2, 2, 2]","[1, 1, 1, 1, 1, 1, 1, 1, 0, 2, 0, 0, 0, 1, 1, 0, 2, 0, 0, 0, 1, 1, 0, 2, 0, 0, 0, 1, 1, 0, 2, 0, 0, 0, 1, 1, 0, 0, 0, 0, 5, 1, 1, 1, 1, 1, 1, 1, 1]"
54,15,0.9494897723197937,0.9494897723197937,1.0,0.0455200297332009,"[2, 2, 2, 2, 1, 2, 2, 2, 2]","[2, 2, 2, 2, 1, 2, 2, 2, 2]","[1, 1, 1, 1, 1, 1, 1, 1, 0, 0, 0, 0, 0, 1, 1, 0, 0, 2, 0, 0, 1, 1, 0, 0, 2, 0, 0, 1, 1, 0, 0, 2, 0, 0, 1, 1, 0, 0, 2, 0, 5, 1, 1, 1, 1, 1, 1, 1, 1]"
54,16,0.954081654548645,0.9265305995941162,0.7272727272727273,0.07856831073149806,"[2, 0, 0, 0, 2, 2, 2, 2, 1, 2, 2]","[1, 2, 2, 0, 2, 2, 2, 2, 1, 2, 2]","[1, 1, 1, 1, 1, 1, 1, 1, 0, 0, 2, 0, 0, 1, 1, 0, 0, 2, 0, 0, 1, 1, 0, 0, 0, 0, 0, 1, 1, 0, 0, 2, 0, 0, 1, 1, 0, 0, 2, 0, 5, 1, 1, 1, 1, 1, 1, 1, 1]"
54,17,0.9494897723197937,0.9586734771728516,1.0,0.01561493758477313,"[1, 2, 2, 2, 2, 0, 2, 2, 2, 2]","[1, 2, 2, 2, 2, 0, 2, 2, 2, 2]","[1, 1, 1, 1, 1, 1, 1, 1, 0, 2, 0, 0, 0, 1, 1, 0, 2, 0, 0, 0, 1, 1, 0, 2, 0, 0, 0, 1, 1, 0, 2, 0, 0, 0, 1, 1, 0, 0, 0, 0, 5, 1, 1, 1, 1, 1, 1, 1, 1]"
54,18,0.9494897723197937,0.9494897723197937,0.45454545454545453,0.0049917972978113945,"[2, 0, 0, 0, 0, 0, 2, 2, 2, 0, 2]","[1, 2, 2, 2, 0, 2, 2, 2, 2, 1, 2]","[1, 1, 1, 1, 1, 1, 1, 1, 0, 0, 2, 0, 0, 1, 1, 0, 0, 2, 0, 0, 1, 1, 0, 0, 2, 0, 0, 1, 1, 0, 0, 0, 0, 0, 1, 1, 0, 0, 2, 0, 5, 1, 1, 1, 1, 1, 1, 1, 1]"
54,19,0.954081654548645,0.9586734771728516,0.6,0.024032256895721235,"[2, 0, 0, 0, 2, 0, 2, 2, 2, 2]","[1, 2, 2, 2, 2, 0, 2, 2, 2, 2]","[1, 1, 1, 1, 1, 1, 1, 1, 0, 0, 2, 0, 0, 1, 1, 0, 0, 2, 0, 0, 1, 1, 0, 0, 2, 0, 0, 1, 1, 0, 0, 2, 0, 0, 1, 1, 0, 0, 0, 0, 5, 1, 1, 1, 1, 1, 1, 1, 1]"
55,0,0.9494897723197937,0.954081654548645,0.8181818181818182,0.023625054908651775,"[2, 2, 0, 0, 2, 2, 2, 1, 2, 2, 2]","[2, 1, 2, 0, 2, 2, 2, 1, 2, 2, 2]","[1, 1, 1, 1, 1, 1, 1, 1, 0, 0, 0, 2, 0, 1, 1, 0, 0, 0, 0, 0, 1, 1, 0, 0, 0, 2, 0, 1, 1, 0, 0, 0, 2, 0, 1, 1, 0, 0, 0, 2, 5, 1, 1, 1, 1, 1, 1, 1, 1]"
55,1,0.9494897723197937,0.954081654548645,0.8181818181818182,0.012668303313892631,"[2, 2, 0, 0, 2, 2, 2, 1, 2, 2, 2]","[2, 1, 2, 0, 2, 2, 2, 1, 2, 2, 2]","[1, 1, 1, 1, 1, 1, 1, 1, 0, 0, 0, 2, 0, 1, 1, 0, 0, 0, 0, 0, 1, 1, 0, 0, 0, 2, 0, 1, 1, 0, 0, 0, 2, 0, 1, 1, 0, 0, 0, 2, 5, 1, 1, 1, 1, 1, 1, 1, 1]"
55,2,0.0,0.0,0.45454545454545453,0.01032652238063747,"[2, 0, 0, 0, 0, 0, 2, 2, 2, 0, 2]","[1, 2, 2, 2, 0, 2, 2, 2, 2, 1, 2]","[1, 1, 1, 1, 1, 1, 1, 1, 0, 0, 2, 0, 0, 1, 1, 0, 0, 2, 0, 0, 1, 1, 0, 0, 2, 0, 0, 1, 1, 0, 0, 0, 0, 0, 1, 1, 0, 0, 2, 0, 5, 1, 1, 1, 1, 1, 1, 1, 1]"
55,3,0.9494897723197937,0.9311224222183228,1.0,0.04101579445308413,"[2, 2, 2, 2, 1, 2, 2, 2, 2]","[2, 2, 2, 2, 1, 2, 2, 2, 2]","[1, 1, 1, 1, 1, 1, 1, 1, 0, 0, 0, 0, 0, 1, 1, 0, 0, 0, 2, 0, 1, 1, 0, 0, 0, 2, 0, 1, 1, 0, 0, 0, 2, 0, 1, 1, 0, 0, 0, 2, 5, 1, 1, 1, 1, 1, 1, 1, 1]"
55,4,0.9586734771728516,0.954081654548645,1.0,0.010623675658610988,"[2, 2, 2, 2, 1, 2, 2, 2, 2]","[2, 2, 2, 2, 1, 2, 2, 2, 2]","[1, 1, 1, 1, 1, 1, 1, 1, 0, 0, 0, 0, 0, 1, 1, 0, 2, 0, 0, 0, 1, 1, 0, 2, 0, 0, 0, 1, 1, 0, 2, 0, 0, 0, 1, 1, 0, 2, 0, 0, 5, 1, 1, 1, 1, 1, 1, 1, 1]"
55,5,0.0,0.9265305995941162,1.0,0.03763154372228945,"[2, 2, 2, 2, 1, 2, 2, 2, 2]","[2, 2, 2, 2, 1, 2, 2, 2, 2]","[1, 1, 1, 1, 1, 1, 1, 1, 0, 0, 0, 0, 0, 1, 1, 0, 2, 0, 0, 0, 1, 1, 0, 2, 0, 0, 0, 1, 1, 0, 2, 0, 0, 0, 1, 1, 0, 2, 0, 0, 5, 1, 1, 1, 1, 1, 1, 1, 1]"
55,6,0.0,0.9494897723197937,1.0,0.08696580110881769,"[2, 2, 2, 2, 1, 2, 2, 2, 2]","[2, 2, 2, 2, 1, 2, 2, 2, 2]","[1, 1, 1, 1, 1, 1, 1, 1, 0, 0, 0, 0, 0, 1, 1, 0, 0, 2, 0, 0, 1, 1, 0, 0, 2, 0, 0, 1, 1, 0, 0, 2, 0, 0, 1, 1, 0, 0, 2, 0, 5, 1, 1, 1, 1, 1, 1, 1, 1]"
55,7,0.9265305995941162,0.9494897723197937,1.0,0.0018642278897459618,"[2, 2, 2, 2, 1, 2, 2, 2, 2]","[2, 2, 2, 2, 1, 2, 2, 2, 2]","[1, 1, 1, 1, 1, 1, 1, 1, 0, 0, 0, 0, 0, 1, 1, 0, 0, 0, 2, 0, 1, 1, 0, 0, 0, 2, 0, 1, 1, 0, 0, 0, 2, 0, 1, 1, 0, 0, 0, 2, 5, 1, 1, 1, 1, 1, 1, 1, 1]"
55,8,0.9494897723197937,0.9403061270713806,0.8888888888888888,0.2916443141743633,"[2, 1, 2, 2, 1, 2, 2, 2, 2]","[2, 2, 2, 2, 1, 2, 2, 2, 2]","[1, 1, 1, 1, 1, 1, 1, 1, 0, 0, 0, 0, 0, 1, 1, 0, 0, 2, 0, 0, 1, 1, 0, 0, 2, 0, 0, 1, 1, 0, 0, 2, 0, 0, 1, 1, 0, 0, 2, 0, 5, 1, 1, 1, 1, 1, 1, 1, 1]"
55,9,0.9494897723197937,0.9403061270713806,0.8181818181818182,0.11787414220788588,"[2, 2, 0, 0, 2, 2, 2, 1, 2, 2, 2]","[2, 1, 2, 0, 2, 2, 2, 1, 2, 2, 2]","[1, 1, 1, 1, 1, 1, 1, 1, 0, 0, 0, 2, 0, 1, 1, 0, 0, 0, 0, 0, 1, 1, 0, 0, 0, 2, 0, 1, 1, 0, 0, 0, 2, 0, 1, 1, 0, 0, 0, 2, 5, 1, 1, 1, 1, 1, 1, 1, 1]"
55,10,0.0,0.9586734771728516,1.0,0.004023962993232999,"[2, 2, 2, 2, 1, 2, 2, 2, 2]","[2, 2, 2, 2, 1, 2, 2, 2, 2]","[1, 1, 1, 1, 1, 1, 1, 1, 0, 0, 0, 0, 0, 1, 1, 0, 0, 0, 2, 0, 1, 1, 0, 0, 0, 2, 0, 1, 1, 0, 0, 0, 2, 0, 1, 1, 0, 0, 0, 2, 5, 1, 1, 1, 1, 1, 1, 1, 1]"
55,11,0.9494897723197937,0.954081654548645,1.0,0.38026224076747894,"[1, 2, 2, 2, 2, 0, 2, 2, 2, 2]","[1, 2, 2, 2, 2, 0, 2, 2, 2, 2]","[1, 1, 1, 1, 1, 1, 1, 1, 0, 2, 0, 0, 0, 1, 1, 0, 2, 0, 0, 0, 1, 1, 0, 2, 0, 0, 0, 1, 1, 0, 2, 0, 0, 0, 1, 1, 0, 0, 0, 0, 5, 1, 1, 1, 1, 1, 1, 1, 1]"
55,12,0.954081654548645,0.9494897723197937,1.0,0.013824785056137691,"[1, 2, 0, 2, 2, 2, 2, 1, 2, 2, 2]","[1, 2, 0, 2, 2, 2, 2, 1, 2, 2, 2]","[1, 1, 1, 1, 1, 1, 1, 1, 0, 2, 0, 0, 0, 1, 1, 0, 0, 0, 0, 0, 1, 1, 0, 2, 0, 0, 0, 1, 1, 0, 2, 0, 0, 0, 1, 1, 0, 2, 0, 0, 5, 1, 1, 1, 1, 1, 1, 1, 1]"
55,13,0.9494897723197937,0.954081654548645,1.0,0.0011185353893476229,"[2, 2, 2, 2, 1, 2, 2, 2, 2]","[2, 2, 2, 2, 1, 2, 2, 2, 2]","[1, 1, 1, 1, 1, 1, 1, 1, 0, 0, 0, 0, 0, 1, 1, 0, 0, 2, 0, 0, 1, 1, 0, 0, 2, 0, 0, 1, 1, 0, 0, 2, 0, 0, 1, 1, 0, 0, 2, 0, 5, 1, 1, 1, 1, 1, 1, 1, 1]"
55,14,0.9403061270713806,0.9403061270713806,0.45454545454545453,0.051951524151393515,"[2, 2, 0, 0, 0, 0, 0, 2, 2, 0, 2]","[2, 1, 2, 2, 2, 0, 2, 2, 2, 1, 2]","[1, 1, 1, 1, 1, 1, 1, 1, 0, 0, 0, 2, 0, 1, 1, 0, 0, 0, 2, 0, 1, 1, 0, 0, 0, 2, 0, 1, 1, 0, 0, 0, 0, 0, 1, 1, 0, 0, 0, 2, 5, 1, 1, 1, 1, 1, 1, 1, 1]"
55,15,0.0,0.954081654548645,1.0,0.03679454907780217,"[2, 2, 2, 2, 1, 2, 2, 2, 2]","[2, 2, 2, 2, 1, 2, 2, 2, 2]","[1, 1, 1, 1, 1, 1, 1, 1, 0, 0, 0, 0, 0, 1, 1, 0, 0, 2, 0, 0, 1, 1, 0, 0, 2, 0, 0, 1, 1, 0, 0, 2, 0, 0, 1, 1, 0, 0, 2, 0, 5, 1, 1, 1, 1, 1, 1, 1, 1]"
55,16,0.9586734771728516,0.9494897723197937,0.7272727272727273,0.017124105133751236,"[2, 0, 0, 0, 2, 2, 2, 2, 1, 2, 2]","[1, 2, 2, 0, 2, 2, 2, 2, 1, 2, 2]","[1, 1, 1, 1, 1, 1, 1, 1, 0, 0, 2, 0, 0, 1, 1, 0, 0, 2, 0, 0, 1, 1, 0, 0, 0, 0, 0, 1, 1, 0, 0, 2, 0, 0, 1, 1, 0, 0, 2, 0, 5, 1, 1, 1, 1, 1, 1, 1, 1]"
55,17,0.9586734771728516,0.9494897723197937,1.0,0.016098954339718655,"[1, 2, 2, 0, 2, 2, 2, 2, 1, 2, 2]","[1, 2, 2, 0, 2, 2, 2, 2, 1, 2, 2]","[1, 1, 1, 1, 1, 1, 1, 1, 0, 2, 0, 0, 0, 1, 1, 0, 2, 0, 0, 0, 1, 1, 0, 0, 0, 0, 0, 1, 1, 0, 2, 0, 0, 0, 1, 1, 0, 2, 0, 0, 5, 1, 1, 1, 1, 1, 1, 1, 1]"
55,18,0.9403061270713806,0.9494897723197937,0.6363636363636364,0.015496905872582416,"[2, 2, 0, 0, 0, 2, 2, 2, 2, 0, 2]","[1, 2, 2, 2, 0, 2, 2, 2, 2, 1, 2]","[1, 1, 1, 1, 1, 1, 1, 1, 0, 0, 2, 0, 0, 1, 1, 0, 0, 2, 0, 0, 1, 1, 0, 0, 2, 0, 0, 1, 1, 0, 0, 0, 0, 0, 1, 1, 0, 0, 2, 0, 5, 1, 1, 1, 1, 1, 1, 1, 1]"
55,19,0.9494897723197937,0.9494897723197937,0.7,0.004953841322276276,"[2, 0, 2, 2, 0, 0, 2, 2, 2, 2]","[1, 2, 2, 2, 2, 0, 2, 2, 2, 2]","[1, 1, 1, 1, 1, 1, 1, 1, 0, 0, 2, 0, 0, 1, 1, 0, 0, 2, 0, 0, 1, 1, 0, 0, 2, 0, 0, 1, 1, 0, 0, 2, 0, 0, 1, 1, 0, 0, 0, 0, 5, 1, 1, 1, 1, 1, 1, 1, 1]"
56,0,0.9586734771728516,0.9403061270713806,1.0,0.003177670358127216,"[2, 2, 2, 2, 1, 2, 2, 2, 2]","[2, 2, 2, 2, 1, 2, 2, 2, 2]","[1, 1, 1, 1, 1, 1, 1, 1, 0, 0, 0, 0, 0, 1, 1, 0, 2, 0, 0, 0, 1, 1, 0, 2, 0, 0, 0, 1, 1, 0, 2, 0, 0, 0, 1, 1, 0, 2, 0, 0, 5, 1, 1, 1, 1, 1, 1, 1, 1]"
56,1,0.9357143044471741,0.9265305995941162,0.6,0.0687027978979481,"[2, 0, 2, 0, 0, 0, 2, 2, 2, 2]","[1, 2, 2, 2, 2, 0, 2, 2, 2, 2]","[1, 1, 1, 1, 1, 1, 1, 1, 0, 0, 2, 0, 0, 1, 1, 0, 0, 2, 0, 0, 1, 1, 0, 0, 2, 0, 0, 1, 1, 0, 0, 2, 0, 0, 1, 1, 0, 0, 0, 0, 5, 1, 1, 1, 1, 1, 1, 1, 1]"
56,2,0.9586734771728516,0.0,0.5,0.06637159205678876,"[2, 0, 0, 0, 0, 0, 2, 2, 2, 2]","[1, 2, 2, 2, 2, 0, 2, 2, 2, 2]","[1, 1, 1, 1, 1, 1, 1, 1, 0, 0, 2, 0, 0, 1, 1, 0, 0, 2, 0, 0, 1, 1, 0, 0, 2, 0, 0, 1, 1, 0, 0, 2, 0, 0, 1, 1, 0, 0, 0, 0, 5, 1, 1, 1, 1, 1, 1, 1, 1]"
56,3,0.954081654548645,0.954081654548645,0.6363636363636364,0.02671191474523353,"[2, 2, 0, 0, 0, 2, 2, 2, 2, 0, 2]","[1, 2, 2, 2, 0, 2, 2, 2, 2, 1, 2]","[1, 1, 1, 1, 1, 1, 1, 1, 0, 0, 2, 0, 0, 1, 1, 0, 0, 2, 0, 0, 1, 1, 0, 0, 2, 0, 0, 1, 1, 0, 0, 0, 0, 0, 1, 1, 0, 0, 2, 0, 5, 1, 1, 1, 1, 1, 1, 1, 1]"
56,4,0.9403061270713806,0.9494897723197937,0.6,0.0023883614380287733,"[2, 0, 2, 0, 0, 0, 2, 2, 2, 2]","[1, 2, 2, 2, 2, 0, 2, 2, 2, 2]","[1, 1, 1, 1, 1, 1, 1, 1, 0, 0, 2, 0, 0, 1, 1, 0, 0, 2, 0, 0, 1, 1, 0, 0, 2, 0, 0, 1, 1, 0, 0, 2, 0, 0, 1, 1, 0, 0, 0, 0, 5, 1, 1, 1, 1, 1, 1, 1, 1]"
56,5,0.954081654548645,0.9494897723197937,0.7272727272727273,0.0011055076975026168,"[2, 0, 0, 0, 2, 2, 2, 2, 1, 2, 2]","[1, 2, 2, 0, 2, 2, 2, 2, 1, 2, 2]","[1, 1, 1, 1, 1, 1, 1, 1, 0, 0, 2, 0, 0, 1, 1, 0, 0, 2, 0, 0, 1, 1, 0, 0, 0, 0, 0, 1, 1, 0, 0, 2, 0, 0, 1, 1, 0, 0, 2, 0, 5, 1, 1, 1, 1, 1, 1, 1, 1]"
56,6,0.9586734771728516,0.9586734771728516,0.9090909090909091,0.05114344472804078,"[1, 2, 2, 2, 0, 2, 2, 2, 2, 0, 2]","[1, 2, 2, 2, 0, 2, 2, 2, 2, 1, 2]","[1, 1, 1, 1, 1, 1, 1, 1, 0, 2, 0, 0, 0, 1, 1, 0, 2, 0, 0, 0, 1, 1, 0, 2, 0, 0, 0, 1, 1, 0, 0, 0, 0, 0, 1, 1, 0, 2, 0, 0, 5, 1, 1, 1, 1, 1, 1, 1, 1]"
56,7,0.9403061270713806,0.9494897723197937,0.6363636363636364,0.014012372357683489,"[2, 2, 2, 0, 0, 0, 2, 2, 2, 0, 2]","[2, 1, 2, 2, 2, 0, 2, 2, 2, 1, 2]","[1, 1, 1, 1, 1, 1, 1, 1, 0, 0, 0, 2, 0, 1, 1, 0, 0, 0, 2, 0, 1, 1, 0, 0, 0, 2, 0, 1, 1, 0, 0, 0, 0, 0, 1, 1, 0, 0, 0, 2, 5, 1, 1, 1, 1, 1, 1, 1, 1]"
56,8,0.9586734771728516,0.0,1.0,0.005047914930037223,"[1, 2, 0, 2, 2, 2, 2, 1, 2, 2, 2]","[1, 2, 0, 2, 2, 2, 2, 1, 2, 2, 2]","[1, 1, 1, 1, 1, 1, 1, 1, 0, 2, 0, 0, 0, 1, 1, 0, 0, 0, 0, 0, 1, 1, 0, 2, 0, 0, 0, 1, 1, 0, 2, 0, 0, 0, 1, 1, 0, 2, 0, 0, 5, 1, 1, 1, 1, 1, 1, 1, 1]"
56,9,0.9494897723197937,0.9403061270713806,0.7272727272727273,0.043812475455607375,"[2, 2, 0, 0, 0, 2, 2, 2, 1, 2, 2]","[2, 1, 2, 2, 0, 2, 2, 2, 1, 2, 2]","[1, 1, 1, 1, 1, 1, 1, 1, 0, 0, 0, 2, 0, 1, 1, 0, 0, 0, 2, 0, 1, 1, 0, 0, 0, 0, 0, 1, 1, 0, 0, 0, 2, 0, 1, 1, 0, 0, 0, 2, 5, 1, 1, 1, 1, 1, 1, 1, 1]"
56,10,0.0,0.9494897723197937,0.8181818181818182,0.015314101397234482,"[2, 2, 0, 0, 2, 2, 2, 1, 2, 2, 2]","[2, 1, 2, 0, 2, 2, 2, 1, 2, 2, 2]","[1, 1, 1, 1, 1, 1, 1, 1, 0, 0, 0, 2, 0, 1, 1, 0, 0, 0, 0, 0, 1, 1, 0, 0, 0, 2, 0, 1, 1, 0, 0, 0, 2, 0, 1, 1, 0, 0, 0, 2, 5, 1, 1, 1, 1, 1, 1, 1, 1]"
56,11,0.0,0.9494897723197937,0.7272727272727273,0.016559900774154812,"[2, 2, 0, 0, 0, 2, 2, 2, 1, 2, 2]","[2, 1, 2, 2, 0, 2, 2, 2, 1, 2, 2]","[1, 1, 1, 1, 1, 1, 1, 1, 0, 0, 0, 2, 0, 1, 1, 0, 0, 0, 2, 0, 1, 1, 0, 0, 0, 0, 0, 1, 1, 0, 0, 0, 2, 0, 1, 1, 0, 0, 0, 2, 5, 1, 1, 1, 1, 1, 1, 1, 1]"
56,12,0.9494897723197937,0.954081654548645,0.8181818181818182,0.0028047012368915603,"[2, 2, 0, 0, 2, 2, 2, 1, 2, 2, 2]","[2, 1, 2, 0, 2, 2, 2, 1, 2, 2, 2]","[1, 1, 1, 1, 1, 1, 1, 1, 0, 0, 0, 2, 0, 1, 1, 0, 0, 0, 0, 0, 1, 1, 0, 0, 0, 2, 0, 1, 1, 0, 0, 0, 2, 0, 1, 1, 0, 0, 0, 2, 5, 1, 1, 1, 1, 1, 1, 1, 1]"
56,13,0.9586734771728516,0.9265305995941162,0.8,0.13283768981636968,"[2, 2, 0, 2, 2, 2, 0, 2, 2, 2]","[2, 1, 2, 2, 2, 2, 0, 2, 2, 2]","[1, 1, 1, 1, 1, 1, 1, 1, 0, 0, 0, 2, 0, 1, 1, 0, 0, 0, 2, 0, 1, 1, 0, 0, 0, 2, 0, 1, 1, 0, 0, 0, 2, 0, 1, 1, 0, 0, 0, 0, 5, 1, 1, 1, 1, 1, 1, 1, 1]"
56,14,0.9494897723197937,0.9494897723197937,0.8181818181818182,0.060579866533561684,"[2, 2, 0, 0, 2, 2, 2, 1, 2, 2, 2]","[2, 1, 2, 0, 2, 2, 2, 1, 2, 2, 2]","[1, 1, 1, 1, 1, 1, 1, 1, 0, 0, 0, 2, 0, 1, 1, 0, 0, 0, 0, 0, 1, 1, 0, 0, 0, 2, 0, 1, 1, 0, 0, 0, 2, 0, 1, 1, 0, 0, 0, 2, 5, 1, 1, 1, 1, 1, 1, 1, 1]"
56,15,0.9586734771728516,0.9494897723197937,0.7272727272727273,0.0695959488697223,"[2, 2, 0, 0, 0, 2, 2, 2, 1, 2, 2]","[2, 1, 2, 2, 0, 2, 2, 2, 1, 2, 2]","[1, 1, 1, 1, 1, 1, 1, 1, 0, 0, 0, 2, 0, 1, 1, 0, 0, 0, 2, 0, 1, 1, 0, 0, 0, 0, 0, 1, 1, 0, 0, 0, 2, 0, 1, 1, 0, 0, 0, 2, 5, 1, 1, 1, 1, 1, 1, 1, 1]"
56,16,0.9403061270713806,0.9494897723197937,1.0,0.003862684837341393,"[1, 2, 2, 0, 2, 2, 2, 2, 1, 2, 2]","[1, 2, 2, 0, 2, 2, 2, 2, 1, 2, 2]","[1, 1, 1, 1, 1, 1, 1, 1, 0, 2, 0, 0, 0, 1, 1, 0, 2, 0, 0, 0, 1, 1, 0, 0, 0, 0, 0, 1, 1, 0, 2, 0, 0, 0, 1, 1, 0, 2, 0, 0, 5, 1, 1, 1, 1, 1, 1, 1, 1]"
56,17,0.9586734771728516,0.9265305995941162,1.0,0.02403066243740878,"[2, 2, 2, 2, 1, 2, 2, 2, 2]","[2, 2, 2, 2, 1, 2, 2, 2, 2]","[1, 1, 1, 1, 1, 1, 1, 1, 0, 0, 0, 0, 0, 1, 1, 0, 0, 2, 0, 0, 1, 1, 0, 0, 2, 0, 0, 1, 1, 0, 0, 2, 0, 0, 1, 1, 0, 0, 2, 0, 5, 1, 1, 1, 1, 1, 1, 1, 1]"
56,18,0.9586734771728516,0.9403061270713806,0.6363636363636364,0.13529143018800263,"[2, 2, 2, 2, 0, 2, 2, 2, 2, 0, 2]","[2, 1, 2, 2, 2, 0, 2, 2, 2, 1, 2]","[1, 1, 1, 1, 1, 1, 1, 1, 0, 0, 0, 2, 0, 1, 1, 0, 0, 0, 2, 0, 1, 1, 0, 0, 0, 2, 0, 1, 1, 0, 0, 0, 0, 0, 1, 1, 0, 0, 0, 2, 5, 1, 1, 1, 1, 1, 1, 1, 1]"
56,19,0.9586734771728516,0.954081654548645,0.7272727272727273,0.010929860077643147,"[2, 0, 0, 0, 2, 2, 2, 2, 1, 2, 2]","[1, 2, 2, 0, 2, 2, 2, 2, 1, 2, 2]","[1, 1, 1, 1, 1, 1, 1, 1, 0, 0, 2, 0, 0, 1, 1, 0, 0, 2, 0, 0, 1, 1, 0, 0, 0, 0, 0, 1, 1, 0, 0, 2, 0, 0, 1, 1, 0, 0, 2, 0, 5, 1, 1, 1, 1, 1, 1, 1, 1]"
57,0,0.9494897723197937,0.9403061270713806,0.8,0.0023439536711925436,"[2, 2, 0, 2, 2, 2, 0, 2, 2, 2]","[2, 1, 2, 2, 2, 2, 0, 2, 2, 2]","[1, 1, 1, 1, 1, 1, 1, 1, 0, 0, 0, 2, 0, 1, 1, 0, 0, 0, 2, 0, 1, 1, 0, 0, 0, 2, 0, 1, 1, 0, 0, 0, 2, 0, 1, 1, 0, 0, 0, 0, 5, 1, 1, 1, 1, 1, 1, 1, 1]"
57,1,0.9494897723197937,0.954081654548645,0.8181818181818182,0.1034365040230279,"[2, 2, 0, 0, 2, 2, 2, 1, 2, 2, 2]","[2, 1, 2, 0, 2, 2, 2, 1, 2, 2, 2]","[1, 1, 1, 1, 1, 1, 1, 1, 0, 0, 0, 2, 0, 1, 1, 0, 0, 0, 0, 0, 1, 1, 0, 0, 0, 2, 0, 1, 1, 0, 0, 0, 2, 0, 1, 1, 0, 0, 0, 2, 5, 1, 1, 1, 1, 1, 1, 1, 1]"
57,2,0.9494897723197937,0.954081654548645,1.0,0.04575615531121002,"[1, 2, 2, 0, 2, 2, 2, 2, 1, 2, 2]","[1, 2, 2, 0, 2, 2, 2, 2, 1, 2, 2]","[1, 1, 1, 1, 1, 1, 1, 1, 0, 2, 0, 0, 0, 1, 1, 0, 2, 0, 0, 0, 1, 1, 0, 0, 0, 0, 0, 1, 1, 0, 2, 0, 0, 0, 1, 1, 0, 2, 0, 0, 5, 1, 1, 1, 1, 1, 1, 1, 1]"
57,3,0.9265305995941162,0.9494897723197937,0.5454545454545454,0.004286689218133688,"[2, 2, 2, 0, 0, 0, 0, 2, 2, 0, 2]","[2, 1, 2, 2, 2, 0, 2, 2, 2, 1, 2]","[1, 1, 1, 1, 1, 1, 1, 1, 0, 0, 0, 2, 0, 1, 1, 0, 0, 0, 2, 0, 1, 1, 0, 0, 0, 2, 0, 1, 1, 0, 0, 0, 0, 0, 1, 1, 0, 0, 0, 2, 5, 1, 1, 1, 1, 1, 1, 1, 1]"
57,4,0.954081654548645,0.9586734771728516,1.0,0.01029738763132958,"[2, 2, 2, 2, 1, 2, 2, 2, 2]","[2, 2, 2, 2, 1, 2, 2, 2, 2]","[1, 1, 1, 1, 1, 1, 1, 1, 0, 0, 0, 0, 0, 1, 1, 0, 0, 2, 0, 0, 1, 1, 0, 0, 2, 0, 0, 1, 1, 0, 0, 2, 0, 0, 1, 1, 0, 0, 2, 0, 5, 1, 1, 1, 1, 1, 1, 1, 1]"
57,5,0.9494897723197937,0.954081654548645,0.8181818181818182,0.06488855075713218,"[2, 0, 0, 2, 2, 2, 2, 1, 2, 2, 2]","[1, 2, 0, 2, 2, 2, 2, 1, 2, 2, 2]","[1, 1, 1, 1, 1, 1, 1, 1, 0, 0, 2, 0, 0, 1, 1, 0, 0, 0, 0, 0, 1, 1, 0, 0, 2, 0, 0, 1, 1, 0, 0, 2, 0, 0, 1, 1, 0, 0, 2, 0, 5, 1, 1, 1, 1, 1, 1, 1, 1]"
57,6,0.9494897723197937,0.0,0.5454545454545454,0.11566680285613984,"[2, 2, 0, 0, 0, 0, 2, 2, 2, 0, 2]","[1, 2, 2, 2, 0, 2, 2, 2, 2, 1, 2]","[1, 1, 1, 1, 1, 1, 1, 1, 0, 0, 2, 0, 0, 1, 1, 0, 0, 2, 0, 0, 1, 1, 0, 0, 2, 0, 0, 1, 1, 0, 0, 0, 0, 0, 1, 1, 0, 0, 2, 0, 5, 1, 1, 1, 1, 1, 1, 1, 1]"
57,7,0.954081654548645,0.9494897723197937,0.6363636363636364,0.007299741755964028,"[2, 2, 2, 0, 0, 0, 2, 2, 2, 0, 2]","[2, 1, 2, 2, 2, 0, 2, 2, 2, 1, 2]","[1, 1, 1, 1, 1, 1, 1, 1, 0, 0, 0, 2, 0, 1, 1, 0, 0, 0, 2, 0, 1, 1, 0, 0, 0, 2, 0, 1, 1, 0, 0, 0, 0, 0, 1, 1, 0, 0, 0, 2, 5, 1, 1, 1, 1, 1, 1, 1, 1]"
57,8,0.954081654548645,0.954081654548645,1.0,0.02083990810057671,"[2, 2, 2, 2, 1, 2, 2, 2, 2]","[2, 2, 2, 2, 1, 2, 2, 2, 2]","[1, 1, 1, 1, 1, 1, 1, 1, 0, 0, 0, 0, 0, 1, 1, 0, 2, 0, 0, 0, 1, 1, 0, 2, 0, 0, 0, 1, 1, 0, 2, 0, 0, 0, 1, 1, 0, 2, 0, 0, 5, 1, 1, 1, 1, 1, 1, 1, 1]"
57,9,0.9586734771728516,0.9586734771728516,1.0,0.008236175161275443,"[2, 2, 2, 2, 1, 2, 2, 2, 2]","[2, 2, 2, 2, 1, 2, 2, 2, 2]","[1, 1, 1, 1, 1, 1, 1, 1, 0, 0, 0, 0, 0, 1, 1, 0, 0, 2, 0, 0, 1, 1, 0, 0, 2, 0, 0, 1, 1, 0, 0, 2, 0, 0, 1, 1, 0, 0, 2, 0, 5, 1, 1, 1, 1, 1, 1, 1, 1]"
57,10,0.9494897723197937,0.9586734771728516,1.0,0.0064455325817107225,"[2, 2, 2, 2, 1, 2, 2, 2, 2]","[2, 2, 2, 2, 1, 2, 2, 2, 2]","[1, 1, 1, 1, 1, 1, 1, 1, 0, 0, 0, 0, 0, 1, 1, 0, 0, 0, 2, 0, 1, 1, 0, 0, 0, 2, 0, 1, 1, 0, 0, 0, 2, 0, 1, 1, 0, 0, 0, 2, 5, 1, 1, 1, 1, 1, 1, 1, 1]"
57,11,0.9494897723197937,0.954081654548645,0.8181818181818182,0.008506582894452467,"[2, 2, 0, 0, 2, 2, 2, 1, 2, 2, 2]","[2, 1, 2, 0, 2, 2, 2, 1, 2, 2, 2]","[1, 1, 1, 1, 1, 1, 1, 1, 0, 0, 0, 2, 0, 1, 1, 0, 0, 0, 0, 0, 1, 1, 0, 0, 0, 2, 0, 1, 1, 0, 0, 0, 2, 0, 1, 1, 0, 0, 0, 2, 5, 1, 1, 1, 1, 1, 1, 1, 1]"
57,12,0.9494897723197937,0.9494897723197937,1.0,0.025880498625073498,"[2, 2, 2, 2, 1, 2, 2, 2, 2]","[2, 2, 2, 2, 1, 2, 2, 2, 2]","[1, 1, 1, 1, 1, 1, 1, 1, 0, 0, 0, 0, 0, 1, 1, 0, 0, 0, 2, 0, 1, 1, 0, 0, 0, 2, 0, 1, 1, 0, 0, 0, 2, 0, 1, 1, 0, 0, 0, 2, 5, 1, 1, 1, 1, 1, 1, 1, 1]"
57,13,0.9494897723197937,0.9494897723197937,1.0,0.0035371666494433563,"[2, 2, 2, 2, 1, 2, 2, 2, 2]","[2, 2, 2, 2, 1, 2, 2, 2, 2]","[1, 1, 1, 1, 1, 1, 1, 1, 0, 0, 0, 0, 0, 1, 1, 0, 0, 0, 2, 0, 1, 1, 0, 0, 0, 2, 0, 1, 1, 0, 0, 0, 2, 0, 1, 1, 0, 0, 0, 2, 5, 1, 1, 1, 1, 1, 1, 1, 1]"
57,14,0.954081654548645,0.9403061270713806,1.0,0.047652930591456505,"[1, 2, 2, 2, 2, 0, 2, 2, 2, 2]","[1, 2, 2, 2, 2, 0, 2, 2, 2, 2]","[1, 1, 1, 1, 1, 1, 1, 1, 0, 2, 0, 0, 0, 1, 1, 0, 2, 0, 0, 0, 1, 1, 0, 2, 0, 0, 0, 1, 1, 0, 2, 0, 0, 0, 1, 1, 0, 0, 0, 0, 5, 1, 1, 1, 1, 1, 1, 1, 1]"
57,15,0.954081654548645,0.954081654548645,0.7272727272727273,0.04300413197698719,"[2, 0, 0, 0, 2, 2, 2, 2, 1, 2, 2]","[1, 2, 2, 0, 2, 2, 2, 2, 1, 2, 2]","[1, 1, 1, 1, 1, 1, 1, 1, 0, 0, 2, 0, 0, 1, 1, 0, 0, 2, 0, 0, 1, 1, 0, 0, 0, 0, 0, 1, 1, 0, 0, 2, 0, 0, 1, 1, 0, 0, 2, 0, 5, 1, 1, 1, 1, 1, 1, 1, 1]"
57,16,0.9494897723197937,0.0,0.8181818181818182,0.3451764216297306,"[1, 0, 0, 2, 2, 0, 2, 1, 2, 2, 2]","[1, 2, 0, 2, 2, 2, 2, 1, 2, 2, 2]","[1, 1, 1, 1, 1, 1, 1, 1, 0, 2, 0, 0, 0, 1, 1, 0, 0, 0, 0, 0, 1, 1, 0, 2, 0, 0, 0, 1, 1, 0, 2, 0, 0, 0, 1, 1, 0, 2, 0, 0, 5, 1, 1, 1, 1, 1, 1, 1, 1]"
57,17,0.9494897723197937,0.9173469543457031,1.0,0.030943937828520906,"[1, 2, 2, 0, 2, 2, 2, 2, 1, 2, 2]","[1, 2, 2, 0, 2, 2, 2, 2, 1, 2, 2]","[1, 1, 1, 1, 1, 1, 1, 1, 0, 2, 0, 0, 0, 1, 1, 0, 2, 0, 0, 0, 1, 1, 0, 0, 0, 0, 0, 1, 1, 0, 2, 0, 0, 0, 1, 1, 0, 2, 0, 0, 5, 1, 1, 1, 1, 1, 1, 1, 1]"
57,18,0.9494897723197937,0.9403061270713806,1.0,0.0034154231514548885,"[1, 2, 2, 2, 2, 0, 2, 2, 2, 2]","[1, 2, 2, 2, 2, 0, 2, 2, 2, 2]","[1, 1, 1, 1, 1, 1, 1, 1, 0, 2, 0, 0, 0, 1, 1, 0, 2, 0, 0, 0, 1, 1, 0, 2, 0, 0, 0, 1, 1, 0, 2, 0, 0, 0, 1, 1, 0, 0, 0, 0, 5, 1, 1, 1, 1, 1, 1, 1, 1]"
57,19,0.9494897723197937,0.9494897723197937,0.9090909090909091,0.052911619507995056,"[1, 2, 0, 0, 2, 2, 2, 1, 2, 2, 2]","[1, 2, 0, 2, 2, 2, 2, 1, 2, 2, 2]","[1, 1, 1, 1, 1, 1, 1, 1, 0, 2, 0, 0, 0, 1, 1, 0, 0, 0, 0, 0, 1, 1, 0, 2, 0, 0, 0, 1, 1, 0, 2, 0, 0, 0, 1, 1, 0, 2, 0, 0, 5, 1, 1, 1, 1, 1, 1, 1, 1]"
58,0,0.9586734771728516,0.954081654548645,0.7272727272727273,0.025232944989428772,"[2, 0, 0, 0, 2, 2, 2, 2, 1, 2, 2]","[1, 2, 2, 0, 2, 2, 2, 2, 1, 2, 2]","[1, 1, 1, 1, 1, 1, 1, 1, 0, 0, 2, 0, 0, 1, 1, 0, 0, 2, 0, 0, 1, 1, 0, 0, 0, 0, 0, 1, 1, 0, 0, 2, 0, 0, 1, 1, 0, 0, 2, 0, 5, 1, 1, 1, 1, 1, 1, 1, 1]"
58,1,0.9586734771728516,0.954081654548645,0.9,0.003408885805887015,"[1, 2, 2, 2, 2, 0, 2, 2, 2, 0]","[1, 2, 2, 2, 2, 0, 2, 2, 2, 2]","[1, 1, 1, 1, 1, 1, 1, 1, 0, 2, 0, 0, 0, 1, 1, 0, 2, 0, 0, 0, 1, 1, 0, 2, 0, 0, 0, 1, 1, 0, 2, 0, 0, 0, 1, 1, 0, 0, 0, 0, 5, 1, 1, 1, 1, 1, 1, 1, 1]"
58,2,0.9265305995941162,0.9494897723197937,0.5,0.019256029246290298,"[2, 2, 0, 0, 2, 0, 0, 0, 2, 2]","[2, 1, 2, 2, 2, 2, 0, 2, 2, 2]","[1, 1, 1, 1, 1, 1, 1, 1, 0, 0, 0, 2, 0, 1, 1, 0, 0, 0, 2, 0, 1, 1, 0, 0, 0, 2, 0, 1, 1, 0, 0, 0, 2, 0, 1, 1, 0, 0, 0, 0, 5, 1, 1, 1, 1, 1, 1, 1, 1]"
58,3,0.9403061270713806,0.9494897723197937,0.8181818181818182,0.0409846871814807,"[2, 2, 0, 0, 2, 2, 2, 1, 2, 2, 2]","[2, 1, 2, 0, 2, 2, 2, 1, 2, 2, 2]","[1, 1, 1, 1, 1, 1, 1, 1, 0, 0, 0, 2, 0, 1, 1, 0, 0, 0, 0, 0, 1, 1, 0, 0, 0, 2, 0, 1, 1, 0, 0, 0, 2, 0, 1, 1, 0, 0, 0, 2, 5, 1, 1, 1, 1, 1, 1, 1, 1]"
58,4,0.0,0.9494897723197937,1.0,0.003423941820404831,"[1, 2, 0, 2, 2, 2, 2, 1, 2, 2, 2]","[1, 2, 0, 2, 2, 2, 2, 1, 2, 2, 2]","[1, 1, 1, 1, 1, 1, 1, 1, 0, 2, 0, 0, 0, 1, 1, 0, 0, 0, 0, 0, 1, 1, 0, 2, 0, 0, 0, 1, 1, 0, 2, 0, 0, 0, 1, 1, 0, 2, 0, 0, 5, 1, 1, 1, 1, 1, 1, 1, 1]"
58,5,0.9586734771728516,0.954081654548645,1.0,0.24761104384938684,"[1, 2, 2, 2, 2, 0, 2, 2, 2, 2]","[1, 2, 2, 2, 2, 0, 2, 2, 2, 2]","[1, 1, 1, 1, 1, 1, 1, 1, 0, 2, 0, 0, 0, 1, 1, 0, 2, 0, 0, 0, 1, 1, 0, 2, 0, 0, 0, 1, 1, 0, 2, 0, 0, 0, 1, 1, 0, 0, 0, 0, 5, 1, 1, 1, 1, 1, 1, 1, 1]"
58,6,0.0,0.0,0.7272727272727273,0.04623307518274735,"[2, 0, 0, 0, 2, 2, 2, 2, 1, 2, 2]","[1, 2, 2, 0, 2, 2, 2, 2, 1, 2, 2]","[1, 1, 1, 1, 1, 1, 1, 1, 0, 0, 2, 0, 0, 1, 1, 0, 0, 2, 0, 0, 1, 1, 0, 0, 0, 0, 0, 1, 1, 0, 0, 2, 0, 0, 1, 1, 0, 0, 2, 0, 5, 1, 1, 1, 1, 1, 1, 1, 1]"
58,7,0.0,0.0,1.0,0.0768847929337591,"[2, 2, 2, 2, 1, 2, 2, 2, 2]","[2, 2, 2, 2, 1, 2, 2, 2, 2]","[1, 1, 1, 1, 1, 1, 1, 1, 0, 0, 0, 0, 0, 1, 1, 0, 0, 2, 0, 0, 1, 1, 0, 0, 2, 0, 0, 1, 1, 0, 0, 2, 0, 0, 1, 1, 0, 0, 2, 0, 5, 1, 1, 1, 1, 1, 1, 1, 1]"
58,8,0.0,0.954081654548645,1.0,0.005315365093701984,"[2, 2, 2, 2, 1, 2, 2, 2, 2]","[2, 2, 2, 2, 1, 2, 2, 2, 2]","[1, 1, 1, 1, 1, 1, 1, 1, 0, 0, 0, 0, 0, 1, 1, 0, 0, 0, 2, 0, 1, 1, 0, 0, 0, 2, 0, 1, 1, 0, 0, 0, 2, 0, 1, 1, 0, 0, 0, 2, 5, 1, 1, 1, 1, 1, 1, 1, 1]"
58,9,0.9586734771728516,0.9265305995941162,1.0,0.020685819955278104,"[2, 2, 2, 2, 1, 2, 2, 2, 2]","[2, 2, 2, 2, 1, 2, 2, 2, 2]","[1, 1, 1, 1, 1, 1, 1, 1, 0, 0, 0, 0, 0, 1, 1, 0, 2, 0, 0, 0, 1, 1, 0, 2, 0, 0, 0, 1, 1, 0, 2, 0, 0, 0, 1, 1, 0, 2, 0, 0, 5, 1, 1, 1, 1, 1, 1, 1, 1]"
58,10,0.9494897723197937,0.9494897723197937,0.8181818181818182,0.056612340643187056,"[2, 2, 0, 0, 2, 2, 2, 1, 2, 2, 2]","[2, 1, 2, 0, 2, 2, 2, 1, 2, 2, 2]","[1, 1, 1, 1, 1, 1, 1, 1, 0, 0, 0, 2, 0, 1, 1, 0, 0, 0, 0, 0, 1, 1, 0, 0, 0, 2, 0, 1, 1, 0, 0, 0, 2, 0, 1, 1, 0, 0, 0, 2, 5, 1, 1, 1, 1, 1, 1, 1, 1]"
58,11,0.9494897723197937,0.0,0.4,0.30522554580951394,"[2, 0, 0, 0, 0, 0, 0, 2, 2, 2]","[1, 2, 2, 2, 2, 0, 2, 2, 2, 2]","[1, 1, 1, 1, 1, 1, 1, 1, 0, 0, 2, 0, 0, 1, 1, 0, 0, 2, 0, 0, 1, 1, 0, 0, 2, 0, 0, 1, 1, 0, 0, 2, 0, 0, 1, 1, 0, 0, 0, 0, 5, 1, 1, 1, 1, 1, 1, 1, 1]"
58,12,0.9586734771728516,0.9403061270713806,0.7272727272727273,0.03303018338126342,"[2, 0, 0, 0, 2, 2, 2, 2, 1, 2, 2]","[1, 2, 2, 0, 2, 2, 2, 2, 1, 2, 2]","[1, 1, 1, 1, 1, 1, 1, 1, 0, 0, 2, 0, 0, 1, 1, 0, 0, 2, 0, 0, 1, 1, 0, 0, 0, 0, 0, 1, 1, 0, 0, 2, 0, 0, 1, 1, 0, 0, 2, 0, 5, 1, 1, 1, 1, 1, 1, 1, 1]"
58,13,0.954081654548645,0.9403061270713806,0.7,0.03622611452804201,"[2, 2, 0, 2, 2, 2, 0, 0, 2, 2]","[2, 1, 2, 2, 2, 2, 0, 2, 2, 2]","[1, 1, 1, 1, 1, 1, 1, 1, 0, 0, 0, 2, 0, 1, 1, 0, 0, 0, 2, 0, 1, 1, 0, 0, 0, 2, 0, 1, 1, 0, 0, 0, 2, 0, 1, 1, 0, 0, 0, 0, 5, 1, 1, 1, 1, 1, 1, 1, 1]"
58,14,0.9494897723197937,0.954081654548645,0.8181818181818182,0.03563442101850259,"[2, 2, 0, 0, 2, 2, 2, 1, 2, 2, 2]","[2, 1, 2, 0, 2, 2, 2, 1, 2, 2, 2]","[1, 1, 1, 1, 1, 1, 1, 1, 0, 0, 0, 2, 0, 1, 1, 0, 0, 0, 0, 0, 1, 1, 0, 0, 0, 2, 0, 1, 1, 0, 0, 0, 2, 0, 1, 1, 0, 0, 0, 2, 5, 1, 1, 1, 1, 1, 1, 1, 1]"
58,15,0.9586734771728516,0.9265305995941162,1.0,0.14864113283414443,"[1, 2, 2, 0, 2, 2, 2, 2, 1, 2, 2]","[1, 2, 2, 0, 2, 2, 2, 2, 1, 2, 2]","[1, 1, 1, 1, 1, 1, 1, 1, 0, 2, 0, 0, 0, 1, 1, 0, 2, 0, 0, 0, 1, 1, 0, 0, 0, 0, 0, 1, 1, 0, 2, 0, 0, 0, 1, 1, 0, 2, 0, 0, 5, 1, 1, 1, 1, 1, 1, 1, 1]"
58,16,0.9494897723197937,0.0,1.0,0.007538749639272944,"[1, 2, 2, 0, 2, 2, 2, 2, 1, 2, 2]","[1, 2, 2, 0, 2, 2, 2, 2, 1, 2, 2]","[1, 1, 1, 1, 1, 1, 1, 1, 0, 2, 0, 0, 0, 1, 1, 0, 2, 0, 0, 0, 1, 1, 0, 0, 0, 0, 0, 1, 1, 0, 2, 0, 0, 0, 1, 1, 0, 2, 0, 0, 5, 1, 1, 1, 1, 1, 1, 1, 1]"
58,17,0.9494897723197937,0.9586734771728516,1.0,0.04171082816901617,"[1, 2, 2, 0, 2, 2, 2, 2, 1, 2, 2]","[1, 2, 2, 0, 2, 2, 2, 2, 1, 2, 2]","[1, 1, 1, 1, 1, 1, 1, 1, 0, 2, 0, 0, 0, 1, 1, 0, 2, 0, 0, 0, 1, 1, 0, 0, 0, 0, 0, 1, 1, 0, 2, 0, 0, 0, 1, 1, 0, 2, 0, 0, 5, 1, 1, 1, 1, 1, 1, 1, 1]"
58,18,0.9494897723197937,0.9586734771728516,1.0,0.18977074162570975,"[2, 2, 2, 2, 1, 2, 2, 2, 2]","[2, 2, 2, 2, 1, 2, 2, 2, 2]","[1, 1, 1, 1, 1, 1, 1, 1, 0, 0, 0, 0, 0, 1, 1, 0, 0, 0, 2, 0, 1, 1, 0, 0, 0, 2, 0, 1, 1, 0, 0, 0, 2, 0, 1, 1, 0, 0, 0, 2, 5, 1, 1, 1, 1, 1, 1, 1, 1]"
58,19,0.9494897723197937,0.954081654548645,1.0,0.05250995043248762,"[2, 2, 2, 2, 1, 2, 2, 2, 2]","[2, 2, 2, 2, 1, 2, 2, 2, 2]","[1, 1, 1, 1, 1, 1, 1, 1, 0, 0, 0, 0, 0, 1, 1, 0, 0, 0, 2, 0, 1, 1, 0, 0, 0, 2, 0, 1, 1, 0, 0, 0, 2, 0, 1, 1, 0, 0, 0, 2, 5, 1, 1, 1, 1, 1, 1, 1, 1]"
59,0,0.9403061270713806,0.9265305995941162,0.9090909090909091,0.013478594863871958,"[1, 2, 2, 2, 0, 2, 2, 2, 2, 0, 2]","[1, 2, 2, 2, 0, 2, 2, 2, 2, 1, 2]","[1, 1, 1, 1, 1, 1, 1, 1, 0, 2, 0, 0, 0, 1, 1, 0, 2, 0, 0, 0, 1, 1, 0, 2, 0, 0, 0, 1, 1, 0, 0, 0, 0, 0, 1, 1, 0, 2, 0, 0, 5, 1, 1, 1, 1, 1, 1, 1, 1]"
59,1,0.9586734771728516,0.954081654548645,0.8181818181818182,0.0624386978128718,"[2, 2, 0, 0, 2, 2, 2, 1, 2, 2, 2]","[2, 1, 2, 0, 2, 2, 2, 1, 2, 2, 2]","[1, 1, 1, 1, 1, 1, 1, 1, 0, 0, 0, 2, 0, 1, 1, 0, 0, 0, 0, 0, 1, 1, 0, 0, 0, 2, 0, 1, 1, 0, 0, 0, 2, 0, 1, 1, 0, 0, 0, 2, 5, 1, 1, 1, 1, 1, 1, 1, 1]"
59,2,0.9586734771728516,0.9403061270713806,0.8,0.018641709847460417,"[2, 2, 0, 2, 2, 2, 0, 2, 2, 2]","[2, 1, 2, 2, 2, 2, 0, 2, 2, 2]","[1, 1, 1, 1, 1, 1, 1, 1, 0, 0, 0, 2, 0, 1, 1, 0, 0, 0, 2, 0, 1, 1, 0, 0, 0, 2, 0, 1, 1, 0, 0, 0, 2, 0, 1, 1, 0, 0, 0, 0, 5, 1, 1, 1, 1, 1, 1, 1, 1]"
59,3,0.954081654548645,0.9586734771728516,1.0,0.020811221323674543,"[1, 2, 2, 0, 2, 2, 2, 2, 1, 2, 2]","[1, 2, 2, 0, 2, 2, 2, 2, 1, 2, 2]","[1, 1, 1, 1, 1, 1, 1, 1, 0, 2, 0, 0, 0, 1, 1, 0, 2, 0, 0, 0, 1, 1, 0, 0, 0, 0, 0, 1, 1, 0, 2, 0, 0, 0, 1, 1, 0, 2, 0, 0, 5, 1, 1, 1, 1, 1, 1, 1, 1]"
59,4,0.9494897723197937,0.9586734771728516,1.0,0.07031893468564913,"[1, 2, 2, 2, 2, 0, 2, 2, 2, 2]","[1, 2, 2, 2, 2, 0, 2, 2, 2, 2]","[1, 1, 1, 1, 1, 1, 1, 1, 0, 2, 0, 0, 0, 1, 1, 0, 2, 0, 0, 0, 1, 1, 0, 2, 0, 0, 0, 1, 1, 0, 2, 0, 0, 0, 1, 1, 0, 0, 0, 0, 5, 1, 1, 1, 1, 1, 1, 1, 1]"
59,5,0.0,0.9494897723197937,0.6,0.009682639279080004,"[2, 0, 0, 0, 2, 0, 2, 2, 2, 2]","[1, 2, 2, 2, 2, 0, 2, 2, 2, 2]","[1, 1, 1, 1, 1, 1, 1, 1, 0, 0, 2, 0, 0, 1, 1, 0, 0, 2, 0, 0, 1, 1, 0, 0, 2, 0, 0, 1, 1, 0, 0, 2, 0, 0, 1, 1, 0, 0, 0, 0, 5, 1, 1, 1, 1, 1, 1, 1, 1]"
59,6,0.9586734771728516,0.9586734771728516,1.0,0.12472570300370636,"[2, 2, 2, 2, 1, 2, 2, 2, 2]","[2, 2, 2, 2, 1, 2, 2, 2, 2]","[1, 1, 1, 1, 1, 1, 1, 1, 0, 0, 0, 0, 0, 1, 1, 0, 0, 2, 0, 0, 1, 1, 0, 0, 2, 0, 0, 1, 1, 0, 0, 2, 0, 0, 1, 1, 0, 0, 2, 0, 5, 1, 1, 1, 1, 1, 1, 1, 1]"
59,7,0.9494897723197937,0.0,0.7,0.03238476920200305,"[2, 2, 0, 2, 2, 2, 0, 0, 2, 2]","[2, 1, 2, 2, 2, 2, 0, 2, 2, 2]","[1, 1, 1, 1, 1, 1, 1, 1, 0, 0, 0, 2, 0, 1, 1, 0, 0, 0, 2, 0, 1, 1, 0, 0, 0, 2, 0, 1, 1, 0, 0, 0, 2, 0, 1, 1, 0, 0, 0, 0, 5, 1, 1, 1, 1, 1, 1, 1, 1]"
59,8,0.0,0.9494897723197937,0.7272727272727273,0.01158617802998792,"[2, 2, 0, 0, 0, 2, 2, 2, 1, 2, 2]","[2, 1, 2, 2, 0, 2, 2, 2, 1, 2, 2]","[1, 1, 1, 1, 1, 1, 1, 1, 0, 0, 0, 2, 0, 1, 1, 0, 0, 0, 2, 0, 1, 1, 0, 0, 0, 0, 0, 1, 1, 0, 0, 0, 2, 0, 1, 1, 0, 0, 0, 2, 5, 1, 1, 1, 1, 1, 1, 1, 1]"
59,9,0.9494897723197937,0.9586734771728516,1.0,0.10073532518105242,"[2, 2, 2, 2, 1, 2, 2, 2, 2]","[2, 2, 2, 2, 1, 2, 2, 2, 2]","[1, 1, 1, 1, 1, 1, 1, 1, 0, 0, 0, 0, 0, 1, 1, 0, 0, 0, 2, 0, 1, 1, 0, 0, 0, 2, 0, 1, 1, 0, 0, 0, 2, 0, 1, 1, 0, 0, 0, 2, 5, 1, 1, 1, 1, 1, 1, 1, 1]"
59,10,0.954081654548645,0.9403061270713806,0.7,0.05790451710121348,"[2, 2, 0, 2, 2, 2, 0, 0, 2, 2]","[2, 1, 2, 2, 2, 2, 0, 2, 2, 2]","[1, 1, 1, 1, 1, 1, 1, 1, 0, 0, 0, 2, 0, 1, 1, 0, 0, 0, 2, 0, 1, 1, 0, 0, 0, 2, 0, 1, 1, 0, 0, 0, 2, 0, 1, 1, 0, 0, 0, 0, 5, 1, 1, 1, 1, 1, 1, 1, 1]"
59,11,0.9403061270713806,0.0,0.9090909090909091,0.049547201732315846,"[1, 2, 2, 2, 0, 2, 2, 2, 2, 0, 2]","[1, 2, 2, 2, 0, 2, 2, 2, 2, 1, 2]","[1, 1, 1, 1, 1, 1, 1, 1, 0, 2, 0, 0, 0, 1, 1, 0, 2, 0, 0, 0, 1, 1, 0, 2, 0, 0, 0, 1, 1, 0, 0, 0, 0, 0, 1, 1, 0, 2, 0, 0, 5, 1, 1, 1, 1, 1, 1, 1, 1]"
59,12,0.9586734771728516,0.954081654548645,1.0,0.011380893172992563,"[2, 2, 2, 2, 1, 2, 2, 2, 2]","[2, 2, 2, 2, 1, 2, 2, 2, 2]","[1, 1, 1, 1, 1, 1, 1, 1, 0, 0, 0, 0, 0, 1, 1, 0, 0, 2, 0, 0, 1, 1, 0, 0, 2, 0, 0, 1, 1, 0, 0, 2, 0, 0, 1, 1, 0, 0, 2, 0, 5, 1, 1, 1, 1, 1, 1, 1, 1]"
59,13,0.9494897723197937,0.9586734771728516,0.7272727272727273,0.021202920569339766,"[2, 0, 0, 0, 2, 2, 2, 2, 1, 2, 2]","[1, 2, 2, 0, 2, 2, 2, 2, 1, 2, 2]","[1, 1, 1, 1, 1, 1, 1, 1, 0, 0, 2, 0, 0, 1, 1, 0, 0, 2, 0, 0, 1, 1, 0, 0, 0, 0, 0, 1, 1, 0, 0, 2, 0, 0, 1, 1, 0, 0, 2, 0, 5, 1, 1, 1, 1, 1, 1, 1, 1]"
59,14,0.954081654548645,0.9586734771728516,1.0,0.16666679974231455,"[2, 2, 2, 2, 1, 2, 2, 2, 2]","[2, 2, 2, 2, 1, 2, 2, 2, 2]","[1, 1, 1, 1, 1, 1, 1, 1, 0, 0, 0, 0, 0, 1, 1, 0, 0, 2, 0, 0, 1, 1, 0, 0, 2, 0, 0, 1, 1, 0, 0, 2, 0, 0, 1, 1, 0, 0, 2, 0, 5, 1, 1, 1, 1, 1, 1, 1, 1]"
59,15,0.954081654548645,0.9494897723197937,0.8181818181818182,0.09789240191854663,"[2, 0, 0, 2, 2, 2, 2, 1, 2, 2, 2]","[1, 2, 0, 2, 2, 2, 2, 1, 2, 2, 2]","[1, 1, 1, 1, 1, 1, 1, 1, 0, 0, 2, 0, 0, 1, 1, 0, 0, 0, 0, 0, 1, 1, 0, 0, 2, 0, 0, 1, 1, 0, 0, 2, 0, 0, 1, 1, 0, 0, 2, 0, 5, 1, 1, 1, 1, 1, 1, 1, 1]"
59,16,0.9494897723197937,0.9586734771728516,1.0,0.05565047826026925,"[1, 2, 0, 2, 2, 2, 2, 1, 2, 2, 2]","[1, 2, 0, 2, 2, 2, 2, 1, 2, 2, 2]","[1, 1, 1, 1, 1, 1, 1, 1, 0, 2, 0, 0, 0, 1, 1, 0, 0, 0, 0, 0, 1, 1, 0, 2, 0, 0, 0, 1, 1, 0, 2, 0, 0, 0, 1, 1, 0, 2, 0, 0, 5, 1, 1, 1, 1, 1, 1, 1, 1]"
59,17,0.0,0.9494897723197937,0.7272727272727273,0.024745438764512073,"[2, 0, 0, 0, 2, 2, 2, 2, 1, 2, 2]","[1, 2, 2, 0, 2, 2, 2, 2, 1, 2, 2]","[1, 1, 1, 1, 1, 1, 1, 1, 0, 0, 2, 0, 0, 1, 1, 0, 0, 2, 0, 0, 1, 1, 0, 0, 0, 0, 0, 1, 1, 0, 0, 2, 0, 0, 1, 1, 0, 0, 2, 0, 5, 1, 1, 1, 1, 1, 1, 1, 1]"
59,18,0.954081654548645,0.9494897723197937,0.7,0.09295660479424092,"[2, 0, 2, 0, 2, 0, 2, 2, 2, 2]","[1, 2, 2, 2, 2, 0, 2, 2, 2, 2]","[1, 1, 1, 1, 1, 1, 1, 1, 0, 0, 2, 0, 0, 1, 1, 0, 0, 2, 0, 0, 1, 1, 0, 0, 2, 0, 0, 1, 1, 0, 0, 2, 0, 0, 1, 1, 0, 0, 0, 0, 5, 1, 1, 1, 1, 1, 1, 1, 1]"
59,19,0.9494897723197937,0.954081654548645,0.7,0.005055404487806795,"[2, 0, 0, 2, 2, 0, 2, 2, 2, 2]","[1, 2, 2, 2, 2, 0, 2, 2, 2, 2]","[1, 1, 1, 1, 1, 1, 1, 1, 0, 0, 2, 0, 0, 1, 1, 0, 0, 2, 0, 0, 1, 1, 0, 0, 2, 0, 0, 1, 1, 0, 0, 2, 0, 0, 1, 1, 0, 0, 0, 0, 5, 1, 1, 1, 1, 1, 1, 1, 1]"
