generation,phase,state_id,mode_action,mode_count,population_size,agreement
0,after,0,1,10,20,0.5
0,after,1,0,9,20,0.45
0,after,2,1,8,20,0.4
0,after,3,1,7,20,0.35
0,after,4,1,8,20,0.4
0,after,5,1,11,20,0.55
0,after,6,0,9,20,0.45
0,after,7,1,11,20,0.55
0,after,8,1,11,20,0.55
0,after,9,1,9,20,0.45
0,after,10,1,9,20,0.45
0,after,11,1,10,20,0.5
0,after,12,0,9,20,0.45
0,after,13,1,9,20,0.45
0,after,14,1,8,20,0.4
0,after,15,0,9,20,0.45
0,after,16,0,10,20,0.5
0,after,17,1,12,20,0.6
0,after,18,1,9,20,0.45
0,after,19,1,12,20,0.6
0,after,20,1,10,20,0.5
0,after,21,0,8,20,0.4
0,after,22,1,7,20,0.35
0,after,23,1,8,20,0.4
0,after,24,1,8,20,0.4
0,after,25,0,8,20,0.4
0,after,26,0,9,20,0.45
0,after,27,1,9,20,0.45
0,after,28,1,10,20,0.5
0,after,29,1,12,20,0.6
0,after,30,1,10,20,0.5
0,after,31,1,8,20,0.4
0,after,32,0,9,20,0.45
0,after,33,0,10,20,0.5
0,after,34,0,10,20,0.5
0,after,35,1,9,20,0.45
0,after,36,0,8,20,0.4
0,after,37,1,11,20,0.55
0,after,38,0,9,20,0.45
0,after,39,1,9,20,0.45
0,after,40,0,9,20,0.45
0,after,41,1,11,20,0.55
0,after,42,1,9,20,0.45
0,after,43,1,8,20,0.4
0,after,44,1,10,20,0.5
0,after,45,1,10,20,0.5
0,after,46,1,10,20,0.5
0,after,47,0,9,20,0.45
0,after,48,0,8,20,0.4
0,after,49,1,8,20,0.4
0,after,50,0,8,20,0.4
0,after,51,0,9,20,0.45
0,after,52,1,8,20,0.4
0,after,53,0,9,20,0.45
0,after,54,1,8,20,0.4
0,after,55,0,9,20,0.45
0,after,56,1,8,20,0.4
0,after,57,0,9,20,0.45
0,after,58,1,9,20,0.45
0,after,59,0,9,20,0.45
0,after,60,1,11,20,0.55
0,after,61,0,8,20,0.4
0,after,62,1,11,20,0.55
0,after,63,1,11,20,0.55
0,after,64,1,10,20,0.5
0,after,65,1,11,20,0.55
0,after,66,1,8,20,0.4
0,after,67,1,8,20,0.4
0,after,68,1,10,20,0.5
0,after,69,1,10,20,0.5
0,after,70,0,8,20,0.4
0,after,71,1,8,20,0.4
0,after,72,1,9,20,0.45
0,after,73,0,9,20,0.45
0,after,74,0,9,20,0.45
0,after,75,1,10,20,0.5
0,after,76,1,9,20,0.45
0,after,77,1,9,20,0.45
0,after,78,0,9,20,0.45
0,after,79,0,9,20,0.45
0,after,80,1,9,20,0.45
0,after,81,0,9,20,0.45
0,after,82,1,9,20,0.45
0,after,83,1,12,20,0.6
0,after,84,1,12,20,0.6
0,after,85,0,11,20,0.55
0,after,86,0,9,20,0.45
0,after,87,1,12,20,0.6
0,after,88,1,10,20,0.5
0,after,89,1,8,20,0.4
0,after,90,0,8,20,0.4
0,after,91,1,8,20,0.4
0,after,92,1,8,20,0.4
0,after,93,1,11,20,0.55
0,after,94,1,11,20,0.55
0,after,95,1,9,20,0.45
0,after,96,0,9,20,0.45
0,after,97,0,11,20,0.55
0,after,98,0,9,20,0.45
0,after,99,0,10,20,0.5
0,after,100,0,9,20,0.45
0,after,101,0,9,20,0.45
0,after,102,1,8,20,0.4
0,after,103,1,9,20,0.45
0,after,104,1,8,20,0.4
0,after,105,1,9,20,0.45
0,after,106,1,8,20,0.4
0,after,107,1,11,20,0.55
0,after,108,0,10,20,0.5
0,after,109,1,9,20,0.45
0,after,110,1,11,20,0.55
0,after,111,1,11,20,0.55
0,after,112,1,10,20,0.5
0,after,113,1,9,20,0.45
0,after,114,0,9,20,0.45
0,after,115,1,11,20,0.55
0,after,116,0,10,20,0.5
0,after,117,1,8,20,0.4
0,after,118,0,8,20,0.4
0,after,119,1,8,20,0.4
0,after,120,1,11,20,0.55
0,after,121,1,12,20,0.6
0,after,122,0,8,20,0.4
0,after,123,1,12,20,0.6
0,after,124,1,8,20,0.4
0,after,125,1,11,20,0.55
0,after,126,1,9,20,0.45
0,after,127,1,11,20,0.55
0,after,128,1,8,20,0.4
0,after,129,1,10,20,0.5
0,after,130,1,10,20,0.5
0,before,0,2,8,20,0.4
0,before,1,0,10,20,0.5
0,before,2,0,8,20,0.4
0,before,3,1,9,20,0.45
0,before,4,0,8,20,0.4
0,before,5,1,8,20,0.4
0,before,6,0,11,20,0.55
0,before,7,0,8,20,0.4
0,before,8,1,8,20,0.4
0,before,9,0,8,20,0.4
0,before,10,2,8,20,0.4
0,before,11,0,8,20,0.4
0,before,12,0,10,20,0.5
0,before,13,0,11,20,0.55
0,before,14,0,11,20,0.55
0,before,15,0,8,20,0.4
0,before,16,0,8,20,0.4
0,before,17,0,9,20,0.45
0,before,18,0,9,20,0.45
0,before,19,0,9,20,0.45
0,before,20,2,9,20,0.45
0,before,21,0,11,20,0.55
0,before,22,0,9,20,0.45
0,before,23,2,9,20,0.45
0,before,24,0,8,20,0.4
0,before,25,0,9,20,0.45
0,before,26,0,9,20,0.45
0,before,27,1,7,20,0.35
0,before,28,1,7,20,0.35
0,before,29,0,8,20,0.4
0,before,30,0,9,20,0.45
0,before,31,0,9,20,0.45
0,before,32,2,8,20,0.4
0,before,33,0,8,20,0.4
0,before,34,0,9,20,0.45
0,before,35,0,9,20,0.45
0,before,36,1,8,20,0.4
0,before,37,1,8,20,0.4
0,before,38,0,9,20,0.45
0,before,39,1,7,20,0.35
0,before,40,0,8,20,0.4
0,before,41,2,8,20,0.4
0,before,42,0,8,20,0.4
0,before,43,2,9,20,0.45
0,before,44,2,8,20,0.4
0,before,45,1,7,20,0.35
0,before,46,2,8,20,0.4
0,before,47,0,10,20,0.5
0,before,48,0,8,20,0.4
0,before,49,0,7,20,0.35
0,before,50,1,9,20,0.45
0,before,51,0,10,20,0.5
0,before,52,0,8,20,0.4
0,before,53,0,9,20,0.45
0,before,54,1,7,20,0.35
0,before,55,0,12,20,0.6
0,before,56,0,9,20,0.45
0,before,57,2,9,20,0.45
0,before,58,0,8,20,0.4
0,before,59,1,8,20,0.4
0,before,60,2,8,20,0.4
0,before,61,0,9,20,0.45
0,before,62,2,8,20,0.4
0,before,63,1,8,20,0.4
0,before,64,0,11,20,0.55
0,before,65,2,8,20,0.4
0,before,66,0,8,20,0.4
0,before,67,2,8,20,0.4
0,before,68,2,10,20,0.5
0,before,69,0,9,20,0.45
0,before,70,1,9,20,0.45
0,before,71,0,7,20,0.35
0,before,72,0,8,20,0.4
0,before,73,0,8,20,0.4
0,before,74,0,11,20,0.55
0,before,75,0,9,20,0.45
0,before,76,1,10,20,0.5
0,before,77,0,8,20,0.4
0,before,78,0,8,20,0.4
0,before,79,0,7,20,0.35
0,before,80,0,10,20,0.5
0,before,81,0,10,20,0.5
0,before,82,0,12,20,0.6
0,before,83,0,8,20,0.4
0,before,84,2,7,20,0.35
0,before,85,0,9,20,0.45
0,before,86,0,10,20,0.5
0,before,87,0,9,20,0.45
0,before,88,0,9,20,0.45
0,before,89,2,9,20,0.45
0,before,90,1,8,20,0.4
0,before,91,0,8,20,0.4
0,before,92,0,7,20,0.35
0,before,93,0,9,20,0.45
0,before,94,0,10,20,0.5
0,before,95,2,8,20,0.4
0,before,96,0,8,20,0.4
0,before,97,0,8,20,0.4
0,before,98,1,9,20,0.45
0,before,99,2,7,20,0.35
0,before,100,2,9,20,0.45
0,before,101,2,8,20,0.4
0,before,102,0,10,20,0.5
0,before,103,2,9,20,0.45
0,before,104,2,7,20,0.35
0,before,105,2,9,20,0.45
0,before,106,1,7,20,0.35
0,before,107,0,8,20,0.4
0,before,108,0,11,20,0.55
0,before,109,0,9,20,0.45
0,before,110,0,7,20,0.35
0,before,111,2,7,20,0.35
0,before,112,2,8,20,0.4
0,before,113,1,7,20,0.35
0,before,114,0,10,20,0.5
0,before,115,0,11,20,0.55
0,before,116,0,9,20,0.45
0,before,117,0,10,20,0.5
0,before,118,0,9,20,0.45
0,before,119,0,10,20,0.5
0,before,120,1,8,20,0.4
0,before,121,1,8,20,0.4
0,before,122,1,7,20,0.35
0,before,123,1,10,20,0.5
0,before,124,1,8,20,0.4
0,before,125,0,9,20,0.45
0,before,126,0,9,20,0.45
0,before,127,0,10,20,0.5
0,before,128,2,8,20,0.4
0,before,129,2,8,20,0.4
0,before,130,1,9,20,0.45
1,after,0,0,12,20,0.6
1,after,1,2,8,20,0.4
1,after,2,0,8,20,0.4
1,after,3,2,10,20,0.5
1,after,4,2,9,20,0.45
1,after,5,0,11,20,0.55
1,after,6,2,10,20,0.5
1,after,7,0,12,20,0.6
1,after,8,0,13,20,0.65
1,after,9,2,9,20,0.45
1,after,10,1,7,20,0.35
1,after,11,0,10,20,0.5
1,after,12,2,10,20,0.5
1,after,13,0,11,20,0.55
1,after,14,0,9,20,0.45
1,after,15,0,9,20,0.45
1,after,16,0,13,20,0.65
1,after,17,0,11,20,0.55
1,after,18,0,11,20,0.55
1,after,19,0,11,20,0.55
1,after,20,0,14,20,0.7
1,after,21,2,9,20,0.45
1,after,22,2,11,20,0.55
1,after,23,2,10,20,0.5
1,after,24,0,8,20,0.4
1,after,25,0,9,20,0.45
1,after,26,0,8,20,0.4
1,after,27,2,8,20,0.4
1,after,28,0,11,20,0.55
1,after,29,1,8,20,0.4
1,after,30,1,8,20,0.4
1,after,31,0,8,20,0.4
1,after,32,2,8,20,0.4
1,after,33,0,12,20,0.6
1,after,34,2,10,20,0.5
1,after,35,0,11,20,0.55
1,after,36,1,7,20,0.35
1,after,37,0,10,20,0.5
1,after,38,2,10,20,0.5
1,after,39,0,9,20,0.45
1,after,40,1,7,20,0.35
1,after,41,0,9,20,0.45
1,after,42,0,8,20,0.4
1,after,43,0,8,20,0.4
1,after,44,0,9,20,0.45
1,after,45,0,13,20,0.65
1,after,46,2,10,20,0.5
1,after,47,2,8,20,0.4
1,after,48,0,9,20,0.45
1,after,49,2,12,20,0.6
1,after,50,2,10,20,0.5
1,after,51,2,8,20,0.4
1,after,52,2,9,20,0.45
1,after,53,2,9,20,0.45
1,after,54,1,7,20,0.35
1,after,55,2,8,20,0.4
1,after,56,0,9,20,0.45
1,after,57,0,10,20,0.5
1,after,58,0,8,20,0.4
1,after,59,2,8,20,0.4
1,after,60,0,13,20,0.65
1,after,61,2,9,20,0.45
1,after,62,0,13,20,0.65
1,after,63,0,13,20,0.65
1,after,64,1,8,20,0.4
1,after,65,0,14,20,0.7
1,after,66,0,7,20,0.35
1,after,67,0,9,20,0.45
1,after,68,2,7,20,0.35
1,after,69,0,13,20,0.65
1,after,70,2,9,20,0.45
1,after,71,2,10,20,0.5
1,after,72,1,7,20,0.35
1,after,73,2,10,20,0.5
1,after,74,2,10,20,0.5
1,after,75,0,11,20,0.55
1,after,76,2,8,20,0.4
1,after,77,0,10,20,0.5
1,after,78,0,9,20,0.45
1,after,79,0,9,20,0.45
1,after,80,0,13,20,0.65
1,after,81,0,8,20,0.4
1,after,82,0,10,20,0.5
1,after,83,0,10,20,0.5
1,after,84,0,12,20,0.6
1,after,85,0,12,20,0.6
1,after,86,0,9,20,0.45
1,after,87,0,11,20,0.55
1,after,88,0,9,20,0.45
1,after,89,0,9,20,0.45
1,after,90,2,10,20,0.5
1,after,91,2,10,20,0.5
1,after,92,2,7,20,0.35
1,after,93,1,12,20,0.6
1,after,94,0,12,20,0.6
1,after,95,2,9,20,0.45
1,after,96,0,11,20,0.55
1,after,97,0,9,20,0.45
1,after,98,0,11,20,0.55
1,after,99,0,12,20,0.6
1,after,100,1,7,20,0.35
1,after,101,0,9,20,0.45
1,after,102,2,8,20,0.4
1,after,103,2,9,20,0.45
1,after,104,2,10,20,0.5
1,after,105,0,10,20,0.5
1,after,106,2,8,20,0.4
1,after,107,1,10,20,0.5
1,after,108,2,10,20,0.5
1,after,109,0,13,20,0.65
1,after,110,0,13,20,0.65
1,after,111,0,13,20,0.65
1,after,112,1,8,20,0.4
1,after,113,2,10,20,0.5
1,after,114,2,9,20,0.45
1,after,115,0,10,20,0.5
1,after,116,0,10,20,0.5
1,after,117,2,10,20,0.5
1,after,118,2,8,20,0.4
1,after,119,0,8,20,0.4
1,after,120,1,8,20,0.4
1,after,121,1,8,20,0.4
1,after,122,2,9,20,0.45
1,after,123,1,9,20,0.45
1,after,124,0,9,20,0.45
1,after,125,1,9,20,0.45
1,after,126,0,8,20,0.4
1,after,127,1,9,20,0.45
1,after,128,0,8,20,0.4
1,after,129,2,8,20,0.4
1,after,130,0,9,20,0.45
1,before,0,0,11,20,0.55
1,before,1,0,10,20,0.5
1,before,2,1,9,20,0.45
1,before,3,2,13,20,0.65
1,before,4,2,13,20,0.65
1,before,5,0,11,20,0.55
1,before,6,0,11,20,0.55
1,before,7,0,11,20,0.55
1,before,8,0,11,20,0.55
1,before,9,0,10,20,0.5
1,before,10,0,11,20,0.55
1,before,11,0,11,20,0.55
1,before,12,0,11,20,0.55
1,before,13,0,11,20,0.55
1,before,14,0,11,20,0.55
1,before,15,2,9,20,0.45
1,before,16,0,13,20,0.65
1,before,17,0,11,20,0.55
1,before,18,0,11,20,0.55
1,before,19,0,11,20,0.55
1,before,20,0,11,20,0.55
1,before,21,2,12,20,0.6
1,before,22,2,13,20,0.65
1,before,23,2,13,20,0.65
1,before,24,1,8,20,0.4
1,before,25,0,11,20,0.55
1,before,26,0,11,20,0.55
1,before,27,2,15,20,0.75
1,before,28,0,11,20,0.55
1,before,29,1,9,20,0.45
1,before,30,1,9,20,0.45
1,before,31,0,11,20,0.55
1,before,32,0,11,20,0.55
1,before,33,0,11,20,0.55
1,before,34,0,13,20,0.65
1,before,35,0,11,20,0.55
1,before,36,1,8,20,0.4
1,before,37,0,10,20,0.5
1,before,38,0,11,20,0.55
1,before,39,1,8,20,0.4
1,before,40,1,9,20,0.45
1,before,41,0,11,20,0.55
1,before,42,2,16,20,0.8
1,before,43,2,15,20,0.75
1,before,44,0,11,20,0.55
1,before,45,0,11,20,0.55
1,before,46,2,13,20,0.65
1,before,47,0,11,20,0.55
1,before,48,0,11,20,0.55
1,before,49,2,13,20,0.65
1,before,50,2,13,20,0.65
1,before,51,0,10,20,0.5
1,before,52,2,12,20,0.6
1,before,53,0,11,20,0.55
1,before,54,2,13,20,0.65
1,before,55,0,12,20,0.6
1,before,56,2,9,20,0.45
1,before,57,0,11,20,0.55
1,before,58,2,13,20,0.65
1,before,59,2,12,20,0.6
1,before,60,0,11,20,0.55
1,before,61,0,9,20,0.45
1,before,62,0,11,20,0.55
1,before,63,0,11,20,0.55
1,before,64,0,9,20,0.45
1,before,65,0,11,20,0.55
1,before,66,0,11,20,0.55
1,before,67,2,16,20,0.8
1,before,68,0,11,20,0.55
1,before,69,0,11,20,0.55
1,before,70,2,13,20,0.65
1,before,71,2,13,20,0.65
1,before,72,1,8,20,0.4
1,before,73,0,11,20,0.55
1,before,74,0,11,20,0.55
1,before,75,0,11,20,0.55
1,before,76,1,9,20,0.45
1,before,77,0,11,20,0.55
1,before,78,2,10,20,0.5
1,before,79,0,11,20,0.55
1,before,80,0,11,20,0.55
1,before,81,2,10,20,0.5
1,before,82,0,11,20,0.55
1,before,83,1,9,20,0.45
1,before,84,0,11,20,0.55
1,before,85,0,11,20,0.55
1,before,86,2,9,20,0.45
1,before,87,0,11,20,0.55
1,before,88,0,11,20,0.55
1,before,89,2,11,20,0.55
1,before,90,2,13,20,0.65
1,before,91,2,13,20,0.65
1,before,92,2,13,20,0.65
1,before,93,0,11,20,0.55
1,before,94,0,11,20,0.55
1,before,95,2,13,20,0.65
1,before,96,0,11,20,0.55
1,before,97,0,13,20,0.65
1,before,98,0,11,20,0.55
1,before,99,0,11,20,0.55
1,before,100,0,11,20,0.55
1,before,101,0,11,20,0.55
1,before,102,0,11,20,0.55
1,before,103,0,11,20,0.55
1,before,104,2,14,20,0.7
1,before,105,0,11,20,0.55
1,before,106,2,13,20,0.65
1,before,107,1,9,20,0.45
1,before,108,0,11,20,0.55
1,before,109,0,11,20,0.55
1,before,110,0,11,20,0.55
1,before,111,0,11,20,0.55
1,before,112,2,12,20,0.6
1,before,113,2,13,20,0.65
1,before,114,0,13,20,0.65
1,before,115,0,11,20,0.55
1,before,116,0,11,20,0.55
1,before,117,2,13,20,0.65
1,before,118,0,11,20,0.55
1,before,119,0,11,20,0.55
1,before,120,0,11,20,0.55
1,before,121,1,9,20,0.45
1,before,122,0,11,20,0.55
1,before,123,0,11,20,0.55
1,before,124,0,11,20,0.55
1,before,125,1,9,20,0.45
1,before,126,0,11,20,0.55
1,before,127,1,9,20,0.45
1,before,128,2,16,20,0.8
1,before,129,2,11,20,0.55
1,before,130,0,11,20,0.55
2,after,0,0,10,20,0.5
2,after,1,0,12,20,0.6
2,after,2,0,12,20,0.6
2,after,3,2,9,20,0.45
2,after,4,2,9,20,0.45
2,after,5,0,12,20,0.6
2,after,6,2,8,20,0.4
2,after,7,0,12,20,0.6
2,after,8,0,15,20,0.75
2,after,9,1,7,20,0.35
2,after,10,1,8,20,0.4
2,after,11,0,14,20,0.7
2,after,12,0,7,20,0.35
2,after,13,0,9,20,0.45
2,after,14,1,7,20,0.35
2,after,15,0,12,20,0.6
2,after,16,0,11,20,0.55
2,after,17,0,14,20,0.7
2,after,18,0,13,20,0.65
2,after,19,0,15,20,0.75
2,after,20,0,12,20,0.6
2,after,21,0,12,20,0.6
2,after,22,2,9,20,0.45
2,after,23,2,9,20,0.45
2,after,24,0,12,20,0.6
2,after,25,0,9,20,0.45
2,after,26,1,7,20,0.35
2,after,27,2,8,20,0.4
2,after,28,0,11,20,0.55
2,after,29,0,12,20,0.6
2,after,30,0,11,20,0.55
2,after,31,1,7,20,0.35
2,after,32,1,8,20,0.4
2,after,33,0,14,20,0.7
2,after,34,1,8,20,0.4
2,after,35,0,9,20,0.45
2,after,36,0,9,20,0.45
2,after,37,0,12,20,0.6
2,after,38,1,8,20,0.4
2,after,39,0,13,20,0.65
2,after,40,1,8,20,0.4
2,after,41,1,9,20,0.45
2,after,42,0,9,20,0.45
2,after,43,1,9,20,0.45
2,after,44,1,8,20,0.4
2,after,45,0,15,20,0.75
2,after,46,1,7,20,0.35
2,after,47,0,8,20,0.4
2,after,48,1,7,20,0.35
2,after,49,2,9,20,0.45
2,after,50,2,8,20,0.4
2,after,51,0,12,20,0.6
2,after,52,1,7,20,0.35
2,after,53,1,7,20,0.35
2,after,54,1,7,20,0.35
2,after,55,0,8,20,0.4
2,after,56,0,12,20,0.6
2,after,57,0,8,20,0.4
2,after,58,1,7,20,0.35
2,after,59,0,12,20,0.6
2,after,60,0,15,20,0.75
2,after,61,0,13,20,0.65
2,after,62,0,11,20,0.55
2,after,63,0,13,20,0.65
2,after,64,1,7,20,0.35
2,after,65,0,15,20,0.75
2,after,66,1,7,20,0.35
2,after,67,0,10,20,0.5
2,after,68,1,7,20,0.35
2,after,69,0,13,20,0.65
2,after,70,2,8,20,0.4
2,after,71,1,7,20,0.35
2,after,72,0,12,20,0.6
2,after,73,1,7,20,0.35
2,after,74,2,9,20,0.45
2,after,75,0,13,20,0.65
2,after,76,0,9,20,0.45
2,after,77,0,12,20,0.6
2,after,78,0,12,20,0.6
2,after,79,1,7,20,0.35
2,after,80,0,14,20,0.7
2,after,81,0,12,20,0.6
2,after,82,0,8,20,0.4
2,after,83,0,13,20,0.65
2,after,84,0,15,20,0.75
2,after,85,0,13,20,0.65
2,after,86,0,12,20,0.6
2,after,87,0,15,20,0.75
2,after,88,1,8,20,0.4
2,after,89,0,9,20,0.45
2,after,90,2,9,20,0.45
2,after,91,1,7,20,0.35
2,after,92,2,8,20,0.4
2,after,93,0,9,20,0.45
2,after,94,0,14,20,0.7
2,after,95,2,8,20,0.4
2,after,96,0,9,20,0.45
2,after,97,0,10,20,0.5
2,after,98,0,14,20,0.7
2,after,99,0,13,20,0.65
2,after,100,1,7,20,0.35
2,after,101,0,10,20,0.5
2,after,102,1,8,20,0.4
2,after,103,2,9,20,0.45
2,after,104,2,8,20,0.4
2,after,105,0,9,20,0.45
2,after,106,2,8,20,0.4
2,after,107,0,8,20,0.4
2,after,108,1,8,20,0.4
2,after,109,0,14,20,0.7
2,after,110,0,12,20,0.6
2,after,111,0,13,20,0.65
2,after,112,1,7,20,0.35
2,after,113,2,8,20,0.4
2,after,114,1,8,20,0.4
2,after,115,0,12,20,0.6
2,after,116,0,8,20,0.4
2,after,117,2,8,20,0.4
2,after,118,0,8,20,0.4
2,after,119,1,7,20,0.35
2,after,120,0,9,20,0.45
2,after,121,0,12,20,0.6
2,after,122,0,8,20,0.4
2,after,123,0,11,20,0.55
2,after,124,0,10,20,0.5
2,after,125,0,11,20,0.55
2,after,126,1,7,20,0.35
2,after,127,0,10,20,0.5
2,after,128,0,9,20,0.45
2,after,129,1,7,20,0.35
2,after,130,0,10,20,0.5
2,before,0,0,16,20,0.8
2,before,1,0,10,20,0.5
2,before,2,0,10,20,0.5
2,before,3,1,7,20,0.35
2,before,4,1,7,20,0.35
2,before,5,0,17,20,0.85
2,before,6,2,10,20,0.5
2,before,7,0,13,20,0.65
2,before,8,0,17,20,0.85
2,before,9,0,10,20,0.5
2,before,10,1,7,20,0.35
2,before,11,0,17,20,0.85
2,before,12,2,10,20,0.5
2,before,13,0,10,20,0.5
2,before,14,0,10,20,0.5
2,before,15,0,10,20,0.5
2,before,16,0,13,20,0.65
2,before,17,0,17,20,0.85
2,before,18,0,13,20,0.65
2,before,19,0,17,20,0.85
2,before,20,0,17,20,0.85
2,before,21,2,10,20,0.5
2,before,22,2,11,20,0.55
2,before,23,1,7,20,0.35
2,before,24,0,10,20,0.5
2,before,25,0,10,20,0.5
2,before,26,0,10,20,0.5
2,before,27,2,10,20,0.5
2,before,28,0,16,20,0.8
2,before,29,0,13,20,0.65
2,before,30,0,12,20,0.6
2,before,31,0,10,20,0.5
2,before,32,2,10,20,0.5
2,before,33,0,16,20,0.8
2,before,34,2,10,20,0.5
2,before,35,0,10,20,0.5
2,before,36,2,8,20,0.4
2,before,37,0,12,20,0.6
2,before,38,2,10,20,0.5
2,before,39,0,17,20,0.85
2,before,40,0,9,20,0.45
2,before,41,0,10,20,0.5
2,before,42,0,13,20,0.65
2,before,43,0,11,20,0.55
2,before,44,1,12,20,0.6
2,before,45,0,16,20,0.8
2,before,46,0,10,20,0.5
2,before,47,0,10,20,0.5
2,before,48,0,10,20,0.5
2,before,49,2,11,20,0.55
2,before,50,0,10,20,0.5
2,before,51,0,10,20,0.5
2,before,52,1,7,20,0.35
2,before,53,2,10,20,0.5
2,before,54,1,8,20,0.4
2,before,55,0,10,20,0.5
2,before,56,0,10,20,0.5
2,before,57,2,10,20,0.5
2,before,58,2,10,20,0.5
2,before,59,0,10,20,0.5
2,before,60,0,17,20,0.85
2,before,61,0,11,20,0.55
2,before,62,0,20,20,1.0
2,before,63,0,14,20,0.7
2,before,64,0,10,20,0.5
2,before,65,0,17,20,0.85
2,before,66,0,10,20,0.5
2,before,67,0,16,20,0.8
2,before,68,2,9,20,0.45
2,before,69,0,16,20,0.8
2,before,70,0,10,20,0.5
2,before,71,1,7,20,0.35
2,before,72,0,13,20,0.65
2,before,73,2,10,20,0.5
2,before,74,2,10,20,0.5
2,before,75,0,17,20,0.85
2,before,76,0,10,20,0.5
2,before,77,0,13,20,0.65
2,before,78,0,10,20,0.5
2,before,79,0,10,20,0.5
2,before,80,0,17,20,0.85
2,before,81,0,10,20,0.5
2,before,82,0,10,20,0.5
2,before,83,0,17,20,0.85
2,before,84,0,17,20,0.85
2,before,85,0,17,20,0.85
2,before,86,0,10,20,0.5
2,before,87,0,17,20,0.85
2,before,88,1,7,20,0.35
2,before,89,0,15,20,0.75
2,before,90,0,10,20,0.5
2,before,91,1,7,20,0.35
2,before,92,0,10,20,0.5
2,before,93,1,11,20,0.55
2,before,94,0,17,20,0.85
2,before,95,1,7,20,0.35
2,before,96,0,10,20,0.5
2,before,97,0,10,20,0.5
2,before,98,0,16,20,0.8
2,before,99,0,17,20,0.85
2,before,100,0,10,20,0.5
2,before,101,0,10,20,0.5
2,before,102,0,10,20,0.5
2,before,103,2,10,20,0.5
2,before,104,2,12,20,0.6
2,before,105,2,10,20,0.5
2,before,106,2,11,20,0.55
2,before,107,1,8,20,0.4
2,before,108,2,10,20,0.5
2,before,109,0,17,20,0.85
2,before,110,0,19,20,0.95
2,before,111,0,14,20,0.7
2,before,112,0,10,20,0.5
2,before,113,1,7,20,0.35
2,before,114,2,10,20,0.5
2,before,115,0,13,20,0.65
2,before,116,2,10,20,0.5
2,before,117,1,7,20,0.35
2,before,118,0,10,20,0.5
2,before,119,0,10,20,0.5
2,before,120,0,10,20,0.5
2,before,121,0,12,20,0.6
2,before,122,2,11,20,0.55
2,before,123,0,13,20,0.65
2,before,124,2,10,20,0.5
2,before,125,0,13,20,0.65
2,before,126,0,10,20,0.5
2,before,127,1,12,20,0.6
2,before,128,0,10,20,0.5
2,before,129,2,10,20,0.5
2,before,130,0,10,20,0.5
3,after,0,1,8,20,0.4
3,after,1,1,16,20,0.8
3,after,2,1,12,20,0.6
3,after,3,2,17,20,0.85
3,after,4,2,16,20,0.8
3,after,5,0,9,20,0.45
3,after,6,2,15,20,0.75
3,after,7,1,10,20,0.5
3,after,8,0,8,20,0.4
3,after,9,2,16,20,0.8
3,after,10,2,12,20,0.6
3,after,11,1,10,20,0.5
3,after,12,2,15,20,0.75
3,after,13,2,11,20,0.55
3,after,14,2,13,20,0.65
3,after,15,1,11,20,0.55
3,after,16,0,9,20,0.45
3,after,17,1,10,20,0.5
3,after,18,2,10,20,0.5
3,after,19,1,10,20,0.5
3,after,20,1,9,20,0.45
3,after,21,1,13,20,0.65
3,after,22,2,17,20,0.85
3,after,23,2,17,20,0.85
3,after,24,1,11,20,0.55
3,after,25,2,13,20,0.65
3,after,26,2,15,20,0.75
3,after,27,2,12,20,0.6
3,after,28,1,8,20,0.4
3,after,29,1,10,20,0.5
3,after,30,2,8,20,0.4
3,after,31,2,13,20,0.65
3,after,32,2,15,20,0.75
3,after,33,1,9,20,0.45
3,after,34,2,15,20,0.75
3,after,35,2,10,20,0.5
3,after,36,1,11,20,0.55
3,after,37,1,11,20,0.55
3,after,38,2,15,20,0.75
3,after,39,0,11,20,0.55
3,after,40,1,12,20,0.6
3,after,41,1,9,20,0.45
3,after,42,2,12,20,0.6
3,after,43,2,12,20,0.6
3,after,44,1,8,20,0.4
3,after,45,1,10,20,0.5
3,after,46,2,15,20,0.75
3,after,47,2,14,20,0.7
3,after,48,2,14,20,0.7
3,after,49,2,17,20,0.85
3,after,50,2,13,20,0.65
3,after,51,1,15,20,0.75
3,after,52,2,10,20,0.5
3,after,53,2,15,20,0.75
3,after,54,2,12,20,0.6
3,after,55,2,12,20,0.6
3,after,56,1,11,20,0.55
3,after,57,2,11,20,0.55
3,after,58,2,13,20,0.65
3,after,59,1,10,20,0.5
3,after,60,1,12,20,0.6
3,after,61,1,11,20,0.55
3,after,62,1,8,20,0.4
3,after,63,1,10,20,0.5
3,after,64,2,14,20,0.7
3,after,65,1,10,20,0.5
3,after,66,2,16,20,0.8
3,after,67,2,11,20,0.55
3,after,68,2,8,20,0.4
3,after,69,2,9,20,0.45
3,after,70,2,13,20,0.65
3,after,71,2,11,20,0.55
3,after,72,1,9,20,0.45
3,after,73,2,15,20,0.75
3,after,74,2,16,20,0.8
3,after,75,0,8,20,0.4
3,after,76,2,11,20,0.55
3,after,77,0,9,20,0.45
3,after,78,1,11,20,0.55
3,after,79,2,13,20,0.65
3,after,80,0,10,20,0.5
3,after,81,0,11,20,0.55
3,after,82,2,12,20,0.6
3,after,83,1,10,20,0.5
3,after,84,1,10,20,0.5
3,after,85,0,9,20,0.45
3,after,86,0,10,20,0.5
3,after,87,1,10,20,0.5
3,after,88,2,11,20,0.55
3,after,89,2,12,20,0.6
3,after,90,2,13,20,0.65
3,after,91,2,10,20,0.5
3,after,92,2,15,20,0.75
3,after,93,1,8,20,0.4
3,after,94,1,10,20,0.5
3,after,95,2,15,20,0.75
3,after,96,2,9,20,0.45
3,after,97,2,10,20,0.5
3,after,98,1,10,20,0.5
3,after,99,0,8,20,0.4
3,after,100,2,13,20,0.65
3,after,101,1,8,20,0.4
3,after,102,2,15,20,0.75
3,after,103,2,14,20,0.7
3,after,104,2,15,20,0.75
3,after,105,2,11,20,0.55
3,after,106,2,17,20,0.85
3,after,107,1,7,20,0.35
3,after,108,2,16,20,0.8
3,after,109,0,10,20,0.5
3,after,110,1,8,20,0.4
3,after,111,1,10,20,0.5
3,after,112,2,14,20,0.7
3,after,113,2,14,20,0.7
3,after,114,2,15,20,0.75
3,after,115,1,10,20,0.5
3,after,116,2,12,20,0.6
3,after,117,2,16,20,0.8
3,after,118,2,16,20,0.8
3,after,119,2,14,20,0.7
3,after,120,2,8,20,0.4
3,after,121,0,8,20,0.4
3,after,122,2,16,20,0.8
3,after,123,1,10,20,0.5
3,after,124,2,12,20,0.6
3,after,125,1,9,20,0.45
3,after,126,2,14,20,0.7
3,after,127,1,13,20,0.65
3,after,128,2,14,20,0.7
3,after,129,1,9,20,0.45
3,after,130,2,8,20,0.4
3,before,0,0,10,20,0.5
3,before,1,1,10,20,0.5
3,before,2,1,10,20,0.5
3,before,3,2,15,20,0.75
3,before,4,2,15,20,0.75
3,before,5,0,10,20,0.5
3,before,6,2,15,20,0.75
3,before,7,1,10,20,0.5
3,before,8,1,10,20,0.5
3,before,9,2,15,20,0.75
3,before,10,2,15,20,0.75
3,before,11,1,10,20,0.5
3,before,12,2,15,20,0.75
3,before,13,2,9,20,0.45
3,before,14,2,15,20,0.75
3,before,15,1,10,20,0.5
3,before,16,0,10,20,0.5
3,before,17,1,10,20,0.5
3,before,18,1,10,20,0.5
3,before,19,1,10,20,0.5
3,before,20,0,10,20,0.5
3,before,21,1,10,20,0.5
3,before,22,2,15,20,0.75
3,before,23,2,15,20,0.75
3,before,24,1,10,20,0.5
3,before,25,2,9,20,0.45
3,before,26,2,15,20,0.75
3,before,27,2,11,20,0.55
3,before,28,0,10,20,0.5
3,before,29,1,10,20,0.5
3,before,30,0,10,20,0.5
3,before,31,2,15,20,0.75
3,before,32,2,15,20,0.75
3,before,33,1,10,20,0.5
3,before,34,2,15,20,0.75
3,before,35,2,9,20,0.45
3,before,36,1,12,20,0.6
3,before,37,1,10,20,0.5
3,before,38,2,15,20,0.75
3,before,39,0,10,20,0.5
3,before,40,1,10,20,0.5
3,before,41,0,10,20,0.5
3,before,42,0,10,20,0.5
3,before,43,1,13,20,0.65
3,before,44,0,9,20,0.45
3,before,45,1,10,20,0.5
3,before,46,2,15,20,0.75
3,before,47,2,15,20,0.75
3,before,48,2,15,20,0.75
3,before,49,2,15,20,0.75
3,before,50,2,15,20,0.75
3,before,51,1,10,20,0.5
3,before,52,2,15,20,0.75
3,before,53,2,15,20,0.75
3,before,54,2,11,20,0.55
3,before,55,2,15,20,0.75
3,before,56,1,10,20,0.5
3,before,57,2,10,20,0.5
3,before,58,2,11,20,0.55
3,before,59,1,10,20,0.5
3,before,60,1,10,20,0.5
3,before,61,1,10,20,0.5
3,before,62,0,10,20,0.5
3,before,63,1,10,20,0.5
3,before,64,2,15,20,0.75
3,before,65,1,10,20,0.5
3,before,66,2,15,20,0.75
3,before,67,1,11,20,0.55
3,before,68,0,9,20,0.45
3,before,69,1,10,20,0.5
3,before,70,2,15,20,0.75
3,before,71,2,15,20,0.75
3,before,72,1,10,20,0.5
3,before,73,2,15,20,0.75
3,before,74,2,19,20,0.95
3,before,75,0,10,20,0.5
3,before,76,2,9,20,0.45
3,before,77,0,10,20,0.5
3,before,78,1,10,20,0.5
3,before,79,2,15,20,0.75
3,before,80,1,10,20,0.5
3,before,81,1,10,20,0.5
3,before,82,2,14,20,0.7
3,before,83,1,10,20,0.5
3,before,84,1,10,20,0.5
3,before,85,0,10,20,0.5
3,before,86,1,10,20,0.5
3,before,87,1,10,20,0.5
3,before,88,2,15,20,0.75
3,before,89,1,9,20,0.45
3,before,90,2,15,20,0.75
3,before,91,2,15,20,0.75
3,before,92,2,15,20,0.75
3,before,93,0,10,20,0.5
3,before,94,1,10,20,0.5
3,before,95,2,15,20,0.75
3,before,96,2,9,20,0.45
3,before,97,2,9,20,0.45
3,before,98,1,10,20,0.5
3,before,99,0,10,20,0.5
3,before,100,2,15,20,0.75
3,before,101,2,9,20,0.45
3,before,102,2,15,20,0.75
3,before,103,2,15,20,0.75
3,before,104,2,15,20,0.75
3,before,105,1,9,20,0.45
3,before,106,2,15,20,0.75
3,before,107,0,10,20,0.5
3,before,108,2,15,20,0.75
3,before,109,1,10,20,0.5
3,before,110,0,10,20,0.5
3,before,111,1,10,20,0.5
3,before,112,2,15,20,0.75
3,before,113,2,15,20,0.75
3,before,114,2,15,20,0.75
3,before,115,1,10,20,0.5
3,before,116,2,9,20,0.45
3,before,117,2,15,20,0.75
3,before,118,2,15,20,0.75
3,before,119,2,15,20,0.75
3,before,120,0,10,20,0.5
3,before,121,0,10,20,0.5
3,before,122,2,10,20,0.5
3,before,123,1,10,20,0.5
3,before,124,2,9,20,0.45
3,before,125,0,10,20,0.5
3,before,126,2,15,20,0.75
3,before,127,1,11,20,0.55
3,before,128,1,10,20,0.5
3,before,129,0,9,20,0.45
3,before,130,0,10,20,0.5
4,after,0,2,12,20,0.6
4,after,1,1,19,20,0.95
4,after,2,1,15,20,0.75
4,after,3,2,19,20,0.95
4,after,4,2,20,20,1.0
4,after,5,1,12,20,0.6
4,after,6,2,16,20,0.8
4,after,7,1,17,20,0.85
4,after,8,2,13,20,0.65
4,after,9,2,15,20,0.75
4,after,10,2,17,20,0.85
4,after,11,1,17,20,0.85
4,after,12,2,17,20,0.85
4,after,13,2,11,20,0.55
4,after,14,2,15,20,0.75
4,after,15,1,16,20,0.8
4,after,16,2,9,20,0.45
4,after,17,1,16,20,0.8
4,after,18,2,14,20,0.7
4,after,19,1,16,20,0.8
4,after,20,1,11,20,0.55
4,after,21,1,17,20,0.85
4,after,22,2,19,20,0.95
4,after,23,2,19,20,0.95
4,after,24,1,15,20,0.75
4,after,25,2,18,20,0.9
4,after,26,2,17,20,0.85
4,after,27,2,17,20,0.85
4,after,28,2,11,20,0.55
4,after,29,1,16,20,0.8
4,after,30,2,14,20,0.7
4,after,31,2,16,20,0.8
4,after,32,2,16,20,0.8
4,after,33,1,16,20,0.8
4,after,34,2,16,20,0.8
4,after,35,2,12,20,0.6
4,after,36,1,18,20,0.9
4,after,37,1,16,20,0.8
4,after,38,2,15,20,0.75
4,after,39,2,14,20,0.7
4,after,40,1,16,20,0.8
4,after,41,1,10,20,0.5
4,after,42,2,16,20,0.8
4,after,43,2,11,20,0.55
4,after,44,2,13,20,0.65
4,after,45,1,17,20,0.85
4,after,46,2,16,20,0.8
4,after,47,1,11,20,0.55
4,after,48,2,15,20,0.75
4,after,49,2,20,20,1.0
4,after,50,2,12,20,0.6
4,after,51,1,18,20,0.9
4,after,52,1,12,20,0.6
4,after,53,2,16,20,0.8
4,after,54,2,13,20,0.65
4,after,55,1,12,20,0.6
4,after,56,1,15,20,0.75
4,after,57,1,13,20,0.65
4,after,58,2,15,20,0.75
4,after,59,1,17,20,0.85
4,after,60,1,17,20,0.85
4,after,61,1,14,20,0.7
4,after,62,1,10,20,0.5
4,after,63,1,17,20,0.85
4,after,64,2,15,20,0.75
4,after,65,1,17,20,0.85
4,after,66,2,14,20,0.7
4,after,67,2,12,20,0.6
4,after,68,2,15,20,0.75
4,after,69,2,15,20,0.75
4,after,70,1,13,20,0.65
4,after,71,1,10,20,0.5
4,after,72,2,10,20,0.5
4,after,73,2,15,20,0.75
4,after,74,2,19,20,0.95
4,after,75,2,14,20,0.7
4,after,76,2,13,20,0.65
4,after,77,2,15,20,0.75
4,after,78,1,16,20,0.8
4,after,79,2,15,20,0.75
4,after,80,2,15,20,0.75
4,after,81,1,16,20,0.8
4,after,82,2,14,20,0.7
4,after,83,1,15,20,0.75
4,after,84,1,16,20,0.8
4,after,85,2,14,20,0.7
4,after,86,1,16,20,0.8
4,after,87,1,16,20,0.8
4,after,88,2,15,20,0.75
4,after,89,2,11,20,0.55
4,after,90,2,12,20,0.6
4,after,91,2,12,20,0.6
4,after,92,2,11,20,0.55
4,after,93,1,9,20,0.45
4,after,94,1,16,20,0.8
4,after,95,2,16,20,0.8
4,after,96,2,12,20,0.6
4,after,97,1,13,20,0.65
4,after,98,1,15,20,0.75
4,after,99,2,14,20,0.7
4,after,100,2,16,20,0.8
4,after,101,1,14,20,0.7
4,after,102,2,17,20,0.85
4,after,103,2,12,20,0.6
4,after,104,2,18,20,0.9
4,after,105,1,14,20,0.7
4,after,106,2,16,20,0.8
4,after,107,2,15,20,0.75
4,after,108,2,17,20,0.85
4,after,109,1,9,20,0.45
4,after,110,1,11,20,0.55
4,after,111,1,17,20,0.85
4,after,112,2,16,20,0.8
4,after,113,2,17,20,0.85
4,after,114,2,16,20,0.8
4,after,115,1,16,20,0.8
4,after,116,2,17,20,0.85
4,after,117,2,19,20,0.95
4,after,118,2,18,20,0.9
4,after,119,2,15,20,0.75
4,after,120,2,16,20,0.8
4,after,121,2,15,20,0.75
4,after,122,2,18,20,0.9
4,after,123,1,17,20,0.85
4,after,124,2,15,20,0.75
4,after,125,1,15,20,0.75
4,after,126,2,15,20,0.75
4,after,127,1,17,20,0.85
4,after,128,2,16,20,0.8
4,after,129,1,13,20,0.65
4,after,130,2,14,20,0.7
4,before,0,2,12,20,0.6
4,before,1,1,18,20,0.9
4,before,2,1,17,20,0.85
4,before,3,2,20,20,1.0
4,before,4,2,20,20,1.0
4,before,5,1,13,20,0.65
4,before,6,2,20,20,1.0
4,before,7,1,17,20,0.85
4,before,8,2,13,20,0.65
4,before,9,2,14,20,0.7
4,before,10,2,14,20,0.7
4,before,11,1,17,20,0.85
4,before,12,2,20,20,1.0
4,before,13,2,14,20,0.7
4,before,14,2,14,20,0.7
4,before,15,1,18,20,0.9
4,before,16,2,14,20,0.7
4,before,17,1,17,20,0.85
4,before,18,2,17,20,0.85
4,before,19,1,17,20,0.85
4,before,20,1,15,20,0.75
4,before,21,1,13,20,0.65
4,before,22,2,20,20,1.0
4,before,23,2,20,20,1.0
4,before,24,1,17,20,0.85
4,before,25,2,20,20,1.0
4,before,26,2,20,20,1.0
4,before,27,2,18,20,0.9
4,before,28,1,14,20,0.7
4,before,29,1,16,20,0.8
4,before,30,2,13,20,0.65
4,before,31,2,14,20,0.7
4,before,32,2,19,20,0.95
4,before,33,1,10,20,0.5
4,before,34,2,20,20,1.0
4,before,35,2,14,20,0.7
4,before,36,1,17,20,0.85
4,before,37,1,17,20,0.85
4,before,38,2,20,20,1.0
4,before,39,2,17,20,0.85
4,before,40,1,14,20,0.7
4,before,41,1,10,20,0.5
4,before,42,2,20,20,1.0
4,before,43,2,11,20,0.55
4,before,44,1,12,20,0.6
4,before,45,1,17,20,0.85
4,before,46,2,14,20,0.7
4,before,47,2,19,20,0.95
4,before,48,2,20,20,1.0
4,before,49,2,20,20,1.0
4,before,50,1,10,20,0.5
4,before,51,1,16,20,0.8
4,before,52,1,10,20,0.5
4,before,53,2,20,20,1.0
4,before,54,1,10,20,0.5
4,before,55,2,15,20,0.75
4,before,56,1,17,20,0.85
4,before,57,2,17,20,0.85
4,before,58,2,14,20,0.7
4,before,59,1,13,20,0.65
4,before,60,1,17,20,0.85
4,before,61,1,11,20,0.55
4,before,62,1,15,20,0.75
4,before,63,1,17,20,0.85
4,before,64,2,14,20,0.7
4,before,65,1,16,20,0.8
4,before,66,2,14,20,0.7
4,before,67,2,12,20,0.6
4,before,68,2,14,20,0.7
4,before,69,2,17,20,0.85
4,before,70,1,11,20,0.55
4,before,71,2,13,20,0.65
4,before,72,1,10,20,0.5
4,before,73,2,20,20,1.0
4,before,74,2,20,20,1.0
4,before,75,2,17,20,0.85
4,before,76,2,14,20,0.7
4,before,77,2,17,20,0.85
4,before,78,1,17,20,0.85
4,before,79,2,14,20,0.7
4,before,80,2,17,20,0.85
4,before,81,1,13,20,0.65
4,before,82,2,14,20,0.7
4,before,83,1,16,20,0.8
4,before,84,1,17,20,0.85
4,before,85,2,17,20,0.85
4,before,86,1,11,20,0.55
4,before,87,1,17,20,0.85
4,before,88,2,14,20,0.7
4,before,89,2,14,20,0.7
4,before,90,1,11,20,0.55
4,before,91,2,11,20,0.55
4,before,92,2,14,20,0.7
4,before,93,1,12,20,0.6
4,before,94,1,17,20,0.85
4,before,95,2,14,20,0.7
4,before,96,2,14,20,0.7
4,before,97,2,16,20,0.8
4,before,98,2,10,20,0.5
4,before,99,2,17,20,0.85
4,before,100,2,14,20,0.7
4,before,101,2,8,20,0.4
4,before,102,2,20,20,1.0
4,before,103,2,14,20,0.7
4,before,104,2,15,20,0.75
4,before,105,2,16,20,0.8
4,before,106,2,19,20,0.95
4,before,107,2,12,20,0.6
4,before,108,2,20,20,1.0
4,before,109,2,9,20,0.45
4,before,110,1,15,20,0.75
4,before,111,1,17,20,0.85
4,before,112,2,14,20,0.7
4,before,113,2,14,20,0.7
4,before,114,2,20,20,1.0
4,before,115,1,17,20,0.85
4,before,116,2,20,20,1.0
4,before,117,2,20,20,1.0
4,before,118,2,20,20,1.0
4,before,119,2,20,20,1.0
4,before,120,2,17,20,0.85
4,before,121,2,17,20,0.85
4,before,122,2,20,20,1.0
4,before,123,1,18,20,0.9
4,before,124,2,20,20,1.0
4,before,125,1,14,20,0.7
4,before,126,2,16,20,0.8
4,before,127,1,18,20,0.9
4,before,128,2,20,20,1.0
4,before,129,1,11,20,0.55
4,before,130,2,14,20,0.7
5,after,0,2,16,20,0.8
5,after,1,1,17,20,0.85
5,after,2,1,19,20,0.95
5,after,3,2,19,20,0.95
5,after,4,2,18,20,0.9
5,after,5,2,11,20,0.55
5,after,6,2,18,20,0.9
5,after,7,1,19,20,0.95
5,after,8,2,17,20,0.85
5,after,9,2,17,20,0.85
5,after,10,2,17,20,0.85
5,after,11,1,19,20,0.95
5,after,12,2,18,20,0.9
5,after,13,2,17,20,0.85
5,after,14,2,17,20,0.85
5,after,15,1,19,20,0.95
5,after,16,2,10,20,0.5
5,after,17,1,19,20,0.95
5,after,18,2,18,20,0.9
5,after,19,1,19,20,0.95
5,after,20,2,10,20,0.5
5,after,21,1,16,20,0.8
5,after,22,2,19,20,0.95
5,after,23,2,18,20,0.9
5,after,24,1,19,20,0.95
5,after,25,2,15,20,0.75
5,after,26,2,17,20,0.85
5,after,27,2,17,20,0.85
5,after,28,2,10,20,0.5
5,after,29,1,19,20,0.95
5,after,30,2,16,20,0.8
5,after,31,2,17,20,0.85
5,after,32,2,17,20,0.85
5,after,33,1,19,20,0.95
5,after,34,2,17,20,0.85
5,after,35,2,13,20,0.65
5,after,36,1,18,20,0.9
5,after,37,1,19,20,0.95
5,after,38,2,17,20,0.85
5,after,39,2,17,20,0.85
5,after,40,1,19,20,0.95
5,after,41,2,13,20,0.65
5,after,42,2,17,20,0.85
5,after,43,2,10,20,0.5
5,after,44,2,13,20,0.65
5,after,45,1,19,20,0.95
5,after,46,2,17,20,0.85
5,after,47,2,14,20,0.7
5,after,48,2,17,20,0.85
5,after,49,2,19,20,0.95
5,after,50,2,10,20,0.5
5,after,51,1,15,20,0.75
5,after,52,1,16,20,0.8
5,after,53,2,18,20,0.9
5,after,54,2,16,20,0.8
5,after,55,1,13,20,0.65
5,after,56,1,19,20,0.95
5,after,57,1,12,20,0.6
5,after,58,2,18,20,0.9
5,after,59,1,17,20,0.85
5,after,60,1,19,20,0.95
5,after,61,1,12,20,0.6
5,after,62,2,11,20,0.55
5,after,63,1,19,20,0.95
5,after,64,2,17,20,0.85
5,after,65,1,19,20,0.95
5,after,66,2,16,20,0.8
5,after,67,2,17,20,0.85
5,after,68,2,16,20,0.8
5,after,69,2,18,20,0.9
5,after,70,1,16,20,0.8
5,after,71,1,14,20,0.7
5,after,72,2,17,20,0.85
5,after,73,2,18,20,0.9
5,after,74,2,19,20,0.95
5,after,75,2,19,20,0.95
5,after,76,2,16,20,0.8
5,after,77,2,19,20,0.95
5,after,78,1,18,20,0.9
5,after,79,2,17,20,0.85
5,after,80,2,19,20,0.95
5,after,81,1,18,20,0.9
5,after,82,2,16,20,0.8
5,after,83,1,19,20,0.95
5,after,84,1,19,20,0.95
5,after,85,2,18,20,0.9
5,after,86,1,19,20,0.95
5,after,87,1,19,20,0.95
5,after,88,2,17,20,0.85
5,after,89,2,14,20,0.7
5,after,90,2,12,20,0.6
5,after,91,2,10,20,0.5
5,after,92,2,15,20,0.75
5,after,93,1,11,20,0.55
5,after,94,1,19,20,0.95
5,after,95,2,17,20,0.85
5,after,96,2,15,20,0.75
5,after,97,2,10,20,0.5
5,after,98,1,17,20,0.85
5,after,99,2,17,20,0.85
5,after,100,2,17,20,0.85
5,after,101,1,15,20,0.75
5,after,102,2,18,20,0.9
5,after,103,2,12,20,0.6
5,after,104,2,19,20,0.95
5,after,105,1,16,20,0.8
5,after,106,2,18,20,0.9
5,after,107,2,18,20,0.9
5,after,108,2,17,20,0.85
5,after,109,2,15,20,0.75
5,after,110,2,10,20,0.5
5,after,111,1,19,20,0.95
5,after,112,2,17,20,0.85
5,after,113,2,17,20,0.85
5,after,114,2,17,20,0.85
5,after,115,1,19,20,0.95
5,after,116,2,17,20,0.85
5,after,117,2,18,20,0.9
5,after,118,2,18,20,0.9
5,after,119,2,17,20,0.85
5,after,120,2,16,20,0.8
5,after,121,2,18,20,0.9
5,after,122,2,18,20,0.9
5,after,123,1,19,20,0.95
5,after,124,2,17,20,0.85
5,after,125,1,19,20,0.95
5,after,126,2,17,20,0.85
5,after,127,1,19,20,0.95
5,after,128,2,17,20,0.85
5,after,129,1,17,20,0.85
5,after,130,2,16,20,0.8
5,before,0,2,19,20,0.95
5,before,1,1,19,20,0.95
5,before,2,1,20,20,1.0
5,before,3,2,17,20,0.85
5,before,4,2,19,20,0.95
5,before,5,2,10,20,0.5
5,before,6,2,19,20,0.95
5,before,7,1,20,20,1.0
5,before,8,2,20,20,1.0
5,before,9,2,17,20,0.85
5,before,10,2,17,20,0.85
5,before,11,1,20,20,1.0
5,before,12,2,20,20,1.0
5,before,13,2,17,20,0.85
5,before,14,2,17,20,0.85
5,before,15,1,19,20,0.95
5,before,16,2,12,20,0.6
5,before,17,1,20,20,1.0
5,before,18,2,19,20,0.95
5,before,19,1,20,20,1.0
5,before,20,1,11,20,0.55
5,before,21,1,17,20,0.85
5,before,22,2,17,20,0.85
5,before,23,2,18,20,0.9
5,before,24,1,19,20,0.95
5,before,25,2,17,20,0.85
5,before,26,2,17,20,0.85
5,before,27,2,20,20,1.0
5,before,28,1,12,20,0.6
5,before,29,1,17,20,0.85
5,before,30,2,17,20,0.85
5,before,31,2,17,20,0.85
5,before,32,2,17,20,0.85
5,before,33,1,18,20,0.9
5,before,34,2,17,20,0.85
5,before,35,2,17,20,0.85
5,before,36,1,18,20,0.9
5,before,37,1,20,20,1.0
5,before,38,2,18,20,0.9
5,before,39,2,18,20,0.9
5,before,40,1,20,20,1.0
5,before,41,2,10,20,0.5
5,before,42,2,20,20,1.0
5,before,43,2,11,20,0.55
5,before,44,2,17,20,0.85
5,before,45,1,20,20,1.0
5,before,46,2,17,20,0.85
5,before,47,1,14,20,0.7
5,before,48,2,17,20,0.85
5,before,49,2,20,20,1.0
5,before,50,2,13,20,0.65
5,before,51,1,19,20,0.95
5,before,52,1,20,20,1.0
5,before,53,2,18,20,0.9
5,before,54,2,15,20,0.75
5,before,55,1,18,20,0.9
5,before,56,1,19,20,0.95
5,before,57,1,14,20,0.7
5,before,58,2,18,20,0.9
5,before,59,1,19,20,0.95
5,before,60,1,20,20,1.0
5,before,61,1,10,20,0.5
5,before,62,2,10,20,0.5
5,before,63,1,20,20,1.0
5,before,64,2,17,20,0.85
5,before,65,1,20,20,1.0
5,before,66,2,17,20,0.85
5,before,67,2,18,20,0.9
5,before,68,2,20,20,1.0
5,before,69,2,19,20,0.95
5,before,70,1,20,20,1.0
5,before,71,1,19,20,0.95
5,before,72,2,14,20,0.7
5,before,73,2,18,20,0.9
5,before,74,2,20,20,1.0
5,before,75,2,13,20,0.65
5,before,76,2,17,20,0.85
5,before,77,2,18,20,0.9
5,before,78,1,19,20,0.95
5,before,79,2,17,20,0.85
5,before,80,2,20,20,1.0
5,before,81,1,19,20,0.95
5,before,82,2,17,20,0.85
5,before,83,1,19,20,0.95
5,before,84,1,20,20,1.0
5,before,85,2,20,20,1.0
5,before,86,1,19,20,0.95
5,before,87,1,20,20,1.0
5,before,88,2,17,20,0.85
5,before,89,2,13,20,0.65
5,before,90,2,14,20,0.7
5,before,91,1,10,20,0.5
5,before,92,2,11,20,0.55
5,before,93,2,15,20,0.75
5,before,94,1,20,20,1.0
5,before,95,2,17,20,0.85
5,before,96,2,17,20,0.85
5,before,97,1,14,20,0.7
5,before,98,1,16,20,0.8
5,before,99,2,17,20,0.85
5,before,100,2,17,20,0.85
5,before,101,1,19,20,0.95
5,before,102,2,18,20,0.9
5,before,103,2,12,20,0.6
5,before,104,2,20,20,1.0
5,before,105,1,16,20,0.8
5,before,106,2,17,20,0.85
5,before,107,2,17,20,0.85
5,before,108,2,18,20,0.9
5,before,109,2,11,20,0.55
5,before,110,2,10,20,0.5
5,before,111,1,20,20,1.0
5,before,112,2,17,20,0.85
5,before,113,2,17,20,0.85
5,before,114,2,17,20,0.85
5,before,115,1,20,20,1.0
5,before,116,2,20,20,1.0
5,before,117,2,17,20,0.85
5,before,118,2,17,20,0.85
5,before,119,2,17,20,0.85
5,before,120,2,20,20,1.0
5,before,121,2,20,20,1.0
5,before,122,2,20,20,1.0
5,before,123,1,20,20,1.0
5,before,124,2,17,20,0.85
5,before,125,1,18,20,0.9
5,before,126,2,17,20,0.85
5,before,127,1,19,20,0.95
5,before,128,2,20,20,1.0
5,before,129,1,14,20,0.7
5,before,130,2,15,20,0.75
6,after,0,2,20,20,1.0
6,after,1,1,20,20,1.0
6,after,2,1,20,20,1.0
6,after,3,2,20,20,1.0
6,after,4,2,20,20,1.0
6,after,5,2,10,20,0.5
6,after,6,2,20,20,1.0
6,after,7,1,20,20,1.0
6,after,8,2,19,20,0.95
6,after,9,2,16,20,0.8
6,after,10,2,20,20,1.0
6,after,11,1,20,20,1.0
6,after,12,2,20,20,1.0
6,after,13,2,17,20,0.85
6,after,14,2,20,20,1.0
6,after,15,1,20,20,1.0
6,after,16,2,15,20,0.75
6,after,17,1,20,20,1.0
6,after,18,2,19,20,0.95
6,after,19,1,20,20,1.0
6,after,20,1,11,20,0.55
6,after,21,1,16,20,0.8
6,after,22,2,20,20,1.0
6,after,23,2,20,20,1.0
6,after,24,1,20,20,1.0
6,after,25,2,18,20,0.9
6,after,26,2,20,20,1.0
6,after,27,2,20,20,1.0
6,after,28,2,10,20,0.5
6,after,29,1,20,20,1.0
6,after,30,2,20,20,1.0
6,after,31,2,20,20,1.0
6,after,32,2,20,20,1.0
6,after,33,1,19,20,0.95
6,after,34,2,20,20,1.0
6,after,35,1,13,20,0.65
6,after,36,1,20,20,1.0
6,after,37,1,20,20,1.0
6,after,38,2,20,20,1.0
6,after,39,2,20,20,1.0
6,after,40,1,20,20,1.0
6,after,41,2,14,20,0.7
6,after,42,2,20,20,1.0
6,after,43,2,12,20,0.6
6,after,44,2,14,20,0.7
6,after,45,1,20,20,1.0
6,after,46,2,20,20,1.0
6,after,47,2,16,20,0.8
6,after,48,2,20,20,1.0
6,after,49,2,20,20,1.0
6,after,50,2,15,20,0.75
6,after,51,1,16,20,0.8
6,after,52,1,15,20,0.75
6,after,53,2,20,20,1.0
6,after,54,2,19,20,0.95
6,after,55,1,13,20,0.65
6,after,56,1,20,20,1.0
6,after,57,2,10,20,0.5
6,after,58,2,20,20,1.0
6,after,59,1,20,20,1.0
6,after,60,1,20,20,1.0
6,after,61,1,10,20,0.5
6,after,62,1,11,20,0.55
6,after,63,1,20,20,1.0
6,after,64,2,16,20,0.8
6,after,65,1,20,20,1.0
6,after,66,2,18,20,0.9
6,after,67,2,20,20,1.0
6,after,68,2,20,20,1.0
6,after,69,2,20,20,1.0
6,after,70,1,13,20,0.65
6,after,71,1,10,20,0.5
6,after,72,2,19,20,0.95
6,after,73,2,20,20,1.0
6,after,74,2,20,20,1.0
6,after,75,2,20,20,1.0
6,after,76,2,18,20,0.9
6,after,77,2,20,20,1.0
6,after,78,1,20,20,1.0
6,after,79,2,20,20,1.0
6,after,80,2,20,20,1.0
6,after,81,1,20,20,1.0
6,after,82,2,18,20,0.9
6,after,83,1,20,20,1.0
6,after,84,1,20,20,1.0
6,after,85,2,20,20,1.0
6,after,86,1,20,20,1.0
6,after,87,1,20,20,1.0
6,after,88,2,18,20,0.9
6,after,89,2,15,20,0.75
6,after,90,2,15,20,0.75
6,after,91,2,14,20,0.7
6,after,92,2,15,20,0.75
6,after,93,1,14,20,0.7
6,after,94,1,20,20,1.0
6,after,95,2,20,20,1.0
6,after,96,1,11,20,0.55
6,after,97,2,10,20,0.5
6,after,98,1,19,20,0.95
6,after,99,2,19,20,0.95
6,after,100,2,20,20,1.0
6,after,101,1,17,20,0.85
6,after,102,2,20,20,1.0
6,after,103,2,12,20,0.6
6,after,104,2,20,20,1.0
6,after,105,1,19,20,0.95
6,after,106,2,20,20,1.0
6,after,107,2,20,20,1.0
6,after,108,2,20,20,1.0
6,after,109,2,19,20,0.95
6,after,110,1,11,20,0.55
6,after,111,1,20,20,1.0
6,after,112,2,19,20,0.95
6,after,113,2,19,20,0.95
6,after,114,2,20,20,1.0
6,after,115,1,20,20,1.0
6,after,116,2,20,20,1.0
6,after,117,2,20,20,1.0
6,after,118,2,20,20,1.0
6,after,119,2,20,20,1.0
6,after,120,2,19,20,0.95
6,after,121,2,20,20,1.0
6,after,122,2,20,20,1.0
6,after,123,1,20,20,1.0
6,after,124,2,20,20,1.0
6,after,125,1,19,20,0.95
6,after,126,2,20,20,1.0
6,after,127,1,19,20,0.95
6,after,128,2,20,20,1.0
6,after,129,1,18,20,0.9
6,after,130,2,20,20,1.0
6,before,0,2,19,20,0.95
6,before,1,1,20,20,1.0
6,before,2,1,20,20,1.0
6,before,3,2,20,20,1.0
6,before,4,2,20,20,1.0
6,before,5,2,11,20,0.55
6,before,6,2,20,20,1.0
6,before,7,1,18,20,0.9
6,before,8,2,19,20,0.95
6,before,9,2,20,20,1.0
6,before,10,2,20,20,1.0
6,before,11,1,20,20,1.0
6,before,12,2,20,20,1.0
6,before,13,2,20,20,1.0
6,before,14,2,20,20,1.0
6,before,15,1,20,20,1.0
6,before,16,1,10,20,0.5
6,before,17,1,18,20,0.9
6,before,18,2,19,20,0.95
6,before,19,1,20,20,1.0
6,before,20,1,13,20,0.65
6,before,21,1,18,20,0.9
6,before,22,2,20,20,1.0
6,before,23,2,20,20,1.0
6,before,24,1,20,20,1.0
6,before,25,2,19,20,0.95
6,before,26,2,20,20,1.0
6,before,27,2,19,20,0.95
6,before,28,2,18,20,0.9
6,before,29,1,17,20,0.85
6,before,30,2,19,20,0.95
6,before,31,2,20,20,1.0
6,before,32,2,20,20,1.0
6,before,33,1,14,20,0.7
6,before,34,2,20,20,1.0
6,before,35,2,18,20,0.9
6,before,36,1,18,20,0.9
6,before,37,1,20,20,1.0
6,before,38,2,20,20,1.0
6,before,39,2,19,20,0.95
6,before,40,1,19,20,0.95
6,before,41,2,15,20,0.75
6,before,42,2,20,20,1.0
6,before,43,2,13,20,0.65
6,before,44,2,16,20,0.8
6,before,45,1,20,20,1.0
6,before,46,2,20,20,1.0
6,before,47,2,20,20,1.0
6,before,48,2,20,20,1.0
6,before,49,2,20,20,1.0
6,before,50,2,16,20,0.8
6,before,51,1,14,20,0.7
6,before,52,1,11,20,0.55
6,before,53,2,20,20,1.0
6,before,54,2,19,20,0.95
6,before,55,2,15,20,0.75
6,before,56,1,20,20,1.0
6,before,57,2,12,20,0.6
6,before,58,2,20,20,1.0
6,before,59,1,18,20,0.9
6,before,60,1,20,20,1.0
6,before,61,1,13,20,0.65
6,before,62,1,12,20,0.6
6,before,63,1,17,20,0.85
6,before,64,2,20,20,1.0
6,before,65,1,20,20,1.0
6,before,66,2,20,20,1.0
6,before,67,2,20,20,1.0
6,before,68,2,19,20,0.95
6,before,69,2,20,20,1.0
6,before,70,2,12,20,0.6
6,before,71,2,15,20,0.75
6,before,72,2,20,20,1.0
6,before,73,2,20,20,1.0
6,before,74,2,20,20,1.0
6,before,75,2,19,20,0.95
6,before,76,2,19,20,0.95
6,before,77,2,19,20,0.95
6,before,78,1,20,20,1.0
6,before,79,2,20,20,1.0
6,before,80,2,20,20,1.0
6,before,81,1,20,20,1.0
6,before,82,2,20,20,1.0
6,before,83,1,17,20,0.85
6,before,84,1,18,20,0.9
6,before,85,2,20,20,1.0
6,before,86,1,18,20,0.9
6,before,87,1,20,20,1.0
6,before,88,2,20,20,1.0
6,before,89,2,19,20,0.95
6,before,90,2,16,20,0.8
6,before,91,2,15,20,0.75
6,before,92,2,20,20,1.0
6,before,93,1,14,20,0.7
6,before,94,1,20,20,1.0
6,before,95,2,20,20,1.0
6,before,96,2,20,20,1.0
6,before,97,2,15,20,0.75
6,before,98,1,11,20,0.55
6,before,99,2,20,20,1.0
6,before,100,2,20,20,1.0
6,before,101,1,11,20,0.55
6,before,102,2,20,20,1.0
6,before,103,2,10,20,0.5
6,before,104,2,20,20,1.0
6,before,105,1,15,20,0.75
6,before,106,2,20,20,1.0
6,before,107,2,20,20,1.0
6,before,108,2,20,20,1.0
6,before,109,2,19,20,0.95
6,before,110,1,12,20,0.6
6,before,111,1,19,20,0.95
6,before,112,2,20,20,1.0
6,before,113,2,20,20,1.0
6,before,114,2,20,20,1.0
6,before,115,1,20,20,1.0
6,before,116,2,20,20,1.0
6,before,117,2,20,20,1.0
6,before,118,2,20,20,1.0
6,before,119,2,20,20,1.0
6,before,120,2,20,20,1.0
6,before,121,2,20,20,1.0
6,before,122,2,20,20,1.0
6,before,123,1,20,20,1.0
6,before,124,2,20,20,1.0
6,before,125,1,15,20,0.75
6,before,126,2,20,20,1.0
6,before,127,1,17,20,0.85
6,before,128,2,20,20,1.0
6,before,129,1,16,20,0.8
6,before,130,2,20,20,1.0
7,after,0,2,20,20,1.0
7,after,1,1,18,20,0.9
7,after,2,1,20,20,1.0
7,after,3,2,20,20,1.0
7,after,4,2,20,20,1.0
7,after,5,2,12,20,0.6
7,after,6,2,20,20,1.0
7,after,7,1,20,20,1.0
7,after,8,2,19,20,0.95
7,after,9,2,16,20,0.8
7,after,10,2,16,20,0.8
7,after,11,1,19,20,0.95
7,after,12,2,20,20,1.0
7,after,13,2,16,20,0.8
7,after,14,2,20,20,1.0
7,after,15,1,20,20,1.0
7,after,16,2,13,20,0.65
7,after,17,1,20,20,1.0
7,after,18,2,14,20,0.7
7,after,19,1,20,20,1.0
7,after,20,1,11,20,0.55
7,after,21,1,16,20,0.8
7,after,22,2,20,20,1.0
7,after,23,2,20,20,1.0
7,after,24,1,20,20,1.0
7,after,25,2,19,20,0.95
7,after,26,2,20,20,1.0
7,after,27,2,20,20,1.0
7,after,28,2,14,20,0.7
7,after,29,1,20,20,1.0
7,after,30,2,20,20,1.0
7,after,31,2,20,20,1.0
7,after,32,2,20,20,1.0
7,after,33,1,19,20,0.95
7,after,34,2,20,20,1.0
7,after,35,1,12,20,0.6
7,after,36,1,20,20,1.0
7,after,37,1,20,20,1.0
7,after,38,2,20,20,1.0
7,after,39,2,20,20,1.0
7,after,40,1,20,20,1.0
7,after,41,2,18,20,0.9
7,after,42,2,19,20,0.95
7,after,43,1,10,20,0.5
7,after,44,2,17,20,0.85
7,after,45,1,20,20,1.0
7,after,46,2,20,20,1.0
7,after,47,2,16,20,0.8
7,after,48,2,20,20,1.0
7,after,49,2,20,20,1.0
7,after,50,2,18,20,0.9
7,after,51,1,15,20,0.75
7,after,52,2,10,20,0.5
7,after,53,2,20,20,1.0
7,after,54,2,20,20,1.0
7,after,55,1,14,20,0.7
7,after,56,1,20,20,1.0
7,after,57,1,13,20,0.65
7,after,58,2,19,20,0.95
7,after,59,1,20,20,1.0
7,after,60,1,20,20,1.0
7,after,61,2,11,20,0.55
7,after,62,1,10,20,0.5
7,after,63,1,20,20,1.0
7,after,64,2,16,20,0.8
7,after,65,1,20,20,1.0
7,after,66,2,19,20,0.95
7,after,67,2,19,20,0.95
7,after,68,2,20,20,1.0
7,after,69,2,20,20,1.0
7,after,70,2,15,20,0.75
7,after,71,2,16,20,0.8
7,after,72,2,19,20,0.95
7,after,73,2,20,20,1.0
7,after,74,2,20,20,1.0
7,after,75,2,20,20,1.0
7,after,76,2,18,20,0.9
7,after,77,2,19,20,0.95
7,after,78,1,20,20,1.0
7,after,79,2,20,20,1.0
7,after,80,2,20,20,1.0
7,after,81,1,20,20,1.0
7,after,82,2,20,20,1.0
7,after,83,1,20,20,1.0
7,after,84,1,20,20,1.0
7,after,85,2,20,20,1.0
7,after,86,1,20,20,1.0
7,after,87,1,20,20,1.0
7,after,88,2,17,20,0.85
7,after,89,2,12,20,0.6
7,after,90,2,18,20,0.9
7,after,91,2,18,20,0.9
7,after,92,2,12,20,0.6
7,after,93,1,12,20,0.6
7,after,94,1,20,20,1.0
7,after,95,2,20,20,1.0
7,after,96,1,12,20,0.6
7,after,97,1,13,20,0.65
7,after,98,1,18,20,0.9
7,after,99,2,20,20,1.0
7,after,100,2,20,20,1.0
7,after,101,1,15,20,0.75
7,after,102,2,20,20,1.0
7,after,103,2,12,20,0.6
7,after,104,2,20,20,1.0
7,after,105,1,20,20,1.0
7,after,106,2,20,20,1.0
7,after,107,2,20,20,1.0
7,after,108,2,20,20,1.0
7,after,109,2,19,20,0.95
7,after,110,2,11,20,0.55
7,after,111,1,20,20,1.0
7,after,112,2,18,20,0.9
7,after,113,2,19,20,0.95
7,after,114,2,20,20,1.0
7,after,115,1,20,20,1.0
7,after,116,2,20,20,1.0
7,after,117,2,20,20,1.0
7,after,118,2,20,20,1.0
7,after,119,2,20,20,1.0
7,after,120,2,19,20,0.95
7,after,121,2,19,20,0.95
7,after,122,2,20,20,1.0
7,after,123,1,19,20,0.95
7,after,124,2,20,20,1.0
7,after,125,1,19,20,0.95
7,after,126,2,20,20,1.0
7,after,127,1,20,20,1.0
7,after,128,2,20,20,1.0
7,after,129,1,20,20,1.0
7,after,130,2,20,20,1.0
7,before,0,2,20,20,1.0
7,before,1,1,20,20,1.0
7,before,2,1,20,20,1.0
7,before,3,2,20,20,1.0
7,before,4,2,20,20,1.0
7,before,5,2,11,20,0.55
7,before,6,2,20,20,1.0
7,before,7,1,20,20,1.0
7,before,8,2,20,20,1.0
7,before,9,2,17,20,0.85
7,before,10,2,20,20,1.0
7,before,11,1,20,20,1.0
7,before,12,2,20,20,1.0
7,before,13,2,20,20,1.0
7,before,14,2,20,20,1.0
7,before,15,1,20,20,1.0
7,before,16,2,17,20,0.85
7,before,17,1,20,20,1.0
7,before,18,2,20,20,1.0
7,before,19,1,20,20,1.0
7,before,20,2,11,20,0.55
7,before,21,1,17,20,0.85
7,before,22,2,20,20,1.0
7,before,23,2,20,20,1.0
7,before,24,1,20,20,1.0
7,before,25,2,20,20,1.0
7,before,26,2,20,20,1.0
7,before,27,2,20,20,1.0
7,before,28,2,19,20,0.95
7,before,29,1,20,20,1.0
7,before,30,2,20,20,1.0
7,before,31,2,20,20,1.0
7,before,32,2,20,20,1.0
7,before,33,1,20,20,1.0
7,before,34,2,20,20,1.0
7,before,35,1,12,20,0.6
7,before,36,1,20,20,1.0
7,before,37,1,20,20,1.0
7,before,38,2,20,20,1.0
7,before,39,2,20,20,1.0
7,before,40,1,20,20,1.0
7,before,41,2,16,20,0.8
7,before,42,2,20,20,1.0
7,before,43,2,17,20,0.85
7,before,44,2,16,20,0.8
7,before,45,1,20,20,1.0
7,before,46,2,20,20,1.0
7,before,47,2,18,20,0.9
7,before,48,2,20,20,1.0
7,before,49,2,20,20,1.0
7,before,50,2,18,20,0.9
7,before,51,1,16,20,0.8
7,before,52,1,11,20,0.55
7,before,53,2,20,20,1.0
7,before,54,2,20,20,1.0
7,before,55,1,11,20,0.55
7,before,56,1,20,20,1.0
7,before,57,1,15,20,0.75
7,before,58,2,20,20,1.0
7,before,59,1,19,20,0.95
7,before,60,1,20,20,1.0
7,before,61,2,17,20,0.85
7,before,62,2,11,20,0.55
7,before,63,1,20,20,1.0
7,before,64,2,20,20,1.0
7,before,65,1,20,20,1.0
7,before,66,2,20,20,1.0
7,before,67,2,20,20,1.0
7,before,68,2,20,20,1.0
7,before,69,2,20,20,1.0
7,before,70,2,13,20,0.65
7,before,71,2,14,20,0.7
7,before,72,2,20,20,1.0
7,before,73,2,20,20,1.0
7,before,74,2,20,20,1.0
7,before,75,2,18,20,0.9
7,before,76,2,13,20,0.65
7,before,77,2,20,20,1.0
7,before,78,1,20,20,1.0
7,before,79,2,20,20,1.0
7,before,80,2,20,20,1.0
7,before,81,1,20,20,1.0
7,before,82,2,20,20,1.0
7,before,83,1,20,20,1.0
7,before,84,1,20,20,1.0
7,before,85,2,20,20,1.0
7,before,86,1,20,20,1.0
7,before,87,1,20,20,1.0
7,before,88,2,20,20,1.0
7,before,89,2,20,20,1.0
7,before,90,2,18,20,0.9
7,before,91,2,17,20,0.85
7,before,92,2,19,20,0.95
7,before,93,2,11,20,0.55
7,before,94,1,20,20,1.0
7,before,95,2,20,20,1.0
7,before,96,1,12,20,0.6
7,before,97,1,16,20,0.8
7,before,98,1,19,20,0.95
7,before,99,2,19,20,0.95
7,before,100,2,20,20,1.0
7,before,101,1,19,20,0.95
7,before,102,2,20,20,1.0
7,before,103,2,17,20,0.85
7,before,104,2,20,20,1.0
7,before,105,1,20,20,1.0
7,before,106,2,20,20,1.0
7,before,107,2,20,20,1.0
7,before,108,2,20,20,1.0
7,before,109,2,19,20,0.95
7,before,110,2,11,20,0.55
7,before,111,1,20,20,1.0
7,before,112,2,20,20,1.0
7,before,113,2,20,20,1.0
7,before,114,2,20,20,1.0
7,before,115,1,20,20,1.0
7,before,116,2,20,20,1.0
7,before,117,2,20,20,1.0
7,before,118,2,20,20,1.0
7,before,119,2,20,20,1.0
7,before,120,2,20,20,1.0
7,before,121,2,18,20,0.9
7,before,122,2,20,20,1.0
7,before,123,1,20,20,1.0
7,before,124,2,20,20,1.0
7,before,125,1,20,20,1.0
7,before,126,2,20,20,1.0
7,before,127,1,20,20,1.0
7,before,128,2,20,20,1.0
7,before,129,1,19,20,0.95
7,before,130,2,20,20,1.0
8,after,0,2,20,20,1.0
8,after,1,1,19,20,0.95
8,after,2,1,19,20,0.95
8,after,3,2,20,20,1.0
8,after,4,2,20,20,1.0
8,after,5,1,14,20,0.7
8,after,6,2,20,20,1.0
8,after,7,1,20,20,1.0
8,after,8,2,19,20,0.95
8,after,9,2,12,20,0.6
8,after,10,2,19,20,0.95
8,after,11,1,20,20,1.0
8,after,12,2,20,20,1.0
8,after,13,2,16,20,0.8
8,after,14,2,20,20,1.0
8,after,15,1,20,20,1.0
8,after,16,2,16,20,0.8
8,after,17,1,19,20,0.95
8,after,18,2,20,20,1.0
8,after,19,1,20,20,1.0
8,after,20,1,12,20,0.6
8,after,21,1,15,20,0.75
8,after,22,2,20,20,1.0
8,after,23,2,20,20,1.0
8,after,24,1,20,20,1.0
8,after,25,1,9,20,0.45
8,after,26,2,20,20,1.0
8,after,27,2,20,20,1.0
8,after,28,1,10,20,0.5
8,after,29,1,19,20,0.95
8,after,30,2,20,20,1.0
8,after,31,2,20,20,1.0
8,after,32,2,20,20,1.0
8,after,33,1,20,20,1.0
8,after,34,2,20,20,1.0
8,after,35,1,12,20,0.6
8,after,36,1,20,20,1.0
8,after,37,1,19,20,0.95
8,after,38,2,20,20,1.0
8,after,39,2,20,20,1.0
8,after,40,1,20,20,1.0
8,after,41,2,16,20,0.8
8,after,42,2,19,20,0.95
8,after,43,2,16,20,0.8
8,after,44,2,19,20,0.95
8,after,45,1,20,20,1.0
8,after,46,2,20,20,1.0
8,after,47,2,18,20,0.9
8,after,48,2,20,20,1.0
8,after,49,2,20,20,1.0
8,after,50,2,20,20,1.0
8,after,51,1,13,20,0.65
8,after,52,2,9,20,0.45
8,after,53,2,20,20,1.0
8,after,54,2,17,20,0.85
8,after,55,1,13,20,0.65
8,after,56,1,20,20,1.0
8,after,57,2,11,20,0.55
8,after,58,2,17,20,0.85
8,after,59,1,20,20,1.0
8,after,60,1,20,20,1.0
8,after,61,1,11,20,0.55
8,after,62,1,14,20,0.7
8,after,63,1,19,20,0.95
8,after,64,2,12,20,0.6
8,after,65,1,20,20,1.0
8,after,66,2,19,20,0.95
8,after,67,2,18,20,0.9
8,after,68,2,20,20,1.0
8,after,69,2,20,20,1.0
8,after,70,2,15,20,0.75
8,after,71,2,17,20,0.85
8,after,72,2,16,20,0.8
8,after,73,2,20,20,1.0
8,after,74,2,20,20,1.0
8,after,75,2,20,20,1.0
8,after,76,2,20,20,1.0
8,after,77,2,20,20,1.0
8,after,78,1,20,20,1.0
8,after,79,2,20,20,1.0
8,after,80,2,20,20,1.0
8,after,81,1,20,20,1.0
8,after,82,2,20,20,1.0
8,after,83,1,19,20,0.95
8,after,84,1,19,20,0.95
8,after,85,2,20,20,1.0
8,after,86,1,20,20,1.0
8,after,87,1,20,20,1.0
8,after,88,2,20,20,1.0
8,after,89,1,13,20,0.65
8,after,90,2,20,20,1.0
8,after,91,2,20,20,1.0
8,after,92,2,17,20,0.85
8,after,93,1,14,20,0.7
8,after,94,1,19,20,0.95
8,after,95,2,20,20,1.0
8,after,96,1,13,20,0.65
8,after,97,2,11,20,0.55
8,after,98,1,18,20,0.9
8,after,99,2,19,20,0.95
8,after,100,2,20,20,1.0
8,after,101,1,12,20,0.6
8,after,102,2,20,20,1.0
8,after,103,2,17,20,0.85
8,after,104,2,20,20,1.0
8,after,105,1,19,20,0.95
8,after,106,2,20,20,1.0
8,after,107,2,20,20,1.0
8,after,108,2,20,20,1.0
8,after,109,2,18,20,0.9
8,after,110,1,14,20,0.7
8,after,111,1,20,20,1.0
8,after,112,2,12,20,0.6
8,after,113,2,20,20,1.0
8,after,114,2,20,20,1.0
8,after,115,1,19,20,0.95
8,after,116,2,20,20,1.0
8,after,117,2,20,20,1.0
8,after,118,2,19,20,0.95
8,after,119,2,20,20,1.0
8,after,120,2,19,20,0.95
8,after,121,2,20,20,1.0
8,after,122,2,20,20,1.0
8,after,123,1,19,20,0.95
8,after,124,2,20,20,1.0
8,after,125,1,18,20,0.9
8,after,126,2,20,20,1.0
8,after,127,1,13,20,0.65
8,after,128,2,20,20,1.0
8,after,129,1,17,20,0.85
8,after,130,2,20,20,1.0
8,before,0,2,20,20,1.0
8,before,1,1,18,20,0.9
8,before,2,1,20,20,1.0
8,before,3,2,20,20,1.0
8,before,4,2,20,20,1.0
8,before,5,1,11,20,0.55
8,before,6,2,20,20,1.0
8,before,7,1,20,20,1.0
8,before,8,2,20,20,1.0
8,before,9,2,17,20,0.85
8,before,10,2,16,20,0.8
8,before,11,1,20,20,1.0
8,before,12,2,20,20,1.0
8,before,13,2,13,20,0.65
8,before,14,2,20,20,1.0
8,before,15,1,19,20,0.95
8,before,16,2,12,20,0.6
8,before,17,1,20,20,1.0
8,before,18,2,17,20,0.85
8,before,19,1,20,20,1.0
8,before,20,1,19,20,0.95
8,before,21,1,13,20,0.65
8,before,22,2,20,20,1.0
8,before,23,2,20,20,1.0
8,before,24,1,20,20,1.0
8,before,25,2,20,20,1.0
8,before,26,2,20,20,1.0
8,before,27,2,20,20,1.0
8,before,28,2,14,20,0.7
8,before,29,1,20,20,1.0
8,before,30,2,20,20,1.0
8,before,31,2,20,20,1.0
8,before,32,2,20,20,1.0
8,before,33,1,19,20,0.95
8,before,34,2,20,20,1.0
8,before,35,1,19,20,0.95
8,before,36,1,19,20,0.95
8,before,37,1,20,20,1.0
8,before,38,2,20,20,1.0
8,before,39,2,20,20,1.0
8,before,40,1,20,20,1.0
8,before,41,2,13,20,0.65
8,before,42,2,20,20,1.0
8,before,43,1,12,20,0.6
8,before,44,2,12,20,0.6
8,before,45,1,20,20,1.0
8,before,46,2,20,20,1.0
8,before,47,2,15,20,0.75
8,before,48,2,20,20,1.0
8,before,49,2,20,20,1.0
8,before,50,2,20,20,1.0
8,before,51,1,14,20,0.7
8,before,52,2,12,20,0.6
8,before,53,2,20,20,1.0
8,before,54,2,20,20,1.0
8,before,55,1,10,20,0.5
8,before,56,1,19,20,0.95
8,before,57,1,14,20,0.7
8,before,58,2,20,20,1.0
8,before,59,1,19,20,0.95
8,before,60,1,20,20,1.0
8,before,61,1,11,20,0.55
8,before,62,1,17,20,0.85
8,before,63,1,20,20,1.0
8,before,64,2,12,20,0.6
8,before,65,1,20,20,1.0
8,before,66,2,20,20,1.0
8,before,67,2,20,20,1.0
8,before,68,2,20,20,1.0
8,before,69,2,20,20,1.0
8,before,70,2,20,20,1.0
8,before,71,2,20,20,1.0
8,before,72,2,20,20,1.0
8,before,73,2,20,20,1.0
8,before,74,2,20,20,1.0
8,before,75,2,20,20,1.0
8,before,76,2,20,20,1.0
8,before,77,2,20,20,1.0
8,before,78,1,19,20,0.95
8,before,79,2,20,20,1.0
8,before,80,2,20,20,1.0
8,before,81,1,19,20,0.95
8,before,82,2,20,20,1.0
8,before,83,1,20,20,1.0
8,before,84,1,20,20,1.0
8,before,85,2,20,20,1.0
8,before,86,1,19,20,0.95
8,before,87,1,20,20,1.0
8,before,88,2,17,20,0.85
8,before,89,2,13,20,0.65
8,before,90,2,20,20,1.0
8,before,91,2,20,20,1.0
8,before,92,2,10,20,0.5
8,before,93,1,19,20,0.95
8,before,94,1,20,20,1.0
8,before,95,2,20,20,1.0
8,before,96,1,19,20,0.95
8,before,97,2,11,20,0.55
8,before,98,1,16,20,0.8
8,before,99,2,20,20,1.0
8,before,100,2,20,20,1.0
8,before,101,1,12,20,0.6
8,before,102,2,20,20,1.0
8,before,103,1,11,20,0.55
8,before,104,2,20,20,1.0
8,before,105,1,18,20,0.9
8,before,106,2,20,20,1.0
8,before,107,2,20,20,1.0
8,before,108,2,20,20,1.0
8,before,109,2,17,20,0.85
8,before,110,1,15,20,0.75
8,before,111,1,20,20,1.0
8,before,112,2,16,20,0.8
8,before,113,2,20,20,1.0
8,before,114,2,20,20,1.0
8,before,115,1,20,20,1.0
8,before,116,2,20,20,1.0
8,before,117,2,20,20,1.0
8,before,118,2,20,20,1.0
8,before,119,2,20,20,1.0
8,before,120,2,20,20,1.0
8,before,121,2,20,20,1.0
8,before,122,2,20,20,1.0
8,before,123,1,20,20,1.0
8,before,124,2,20,20,1.0
8,before,125,1,17,20,0.85
8,before,126,2,20,20,1.0
8,before,127,1,18,20,0.9
8,before,128,2,20,20,1.0
8,before,129,1,16,20,0.8
8,before,130,2,20,20,1.0
9,after,0,2,15,20,0.75
9,after,1,1,19,20,0.95
9,after,2,1,19,20,0.95
9,after,3,2,20,20,1.0
9,after,4,2,20,20,1.0
9,after,5,1,17,20,0.85
9,after,6,2,20,20,1.0
9,after,7,1,19,20,0.95
9,after,8,2,20,20,1.0
9,after,9,0,14,20,0.7
9,after,10,0,11,20,0.55
9,after,11,1,19,20,0.95
9,after,12,2,20,20,1.0
9,after,13,2,10,20,0.5
9,after,14,2,20,20,1.0
9,after,15,1,19,20,0.95
9,after,16,2,17,20,0.85
9,after,17,1,19,20,0.95
9,after,18,2,17,20,0.85
9,after,19,1,19,20,0.95
9,after,20,1,14,20,0.7
9,after,21,1,16,20,0.8
9,after,22,2,20,20,1.0
9,after,23,2,20,20,1.0
9,after,24,1,19,20,0.95
9,after,25,2,12,20,0.6
9,after,26,2,20,20,1.0
9,after,27,2,20,20,1.0
9,after,28,2,12,20,0.6
9,after,29,1,18,20,0.9
9,after,30,2,20,20,1.0
9,after,31,2,20,20,1.0
9,after,32,2,20,20,1.0
9,after,33,1,14,20,0.7
9,after,34,2,20,20,1.0
9,after,35,1,12,20,0.6
9,after,36,1,18,20,0.9
9,after,37,1,19,20,0.95
9,after,38,2,20,20,1.0
9,after,39,2,20,20,1.0
9,after,40,1,18,20,0.9
9,after,41,2,12,20,0.6
9,after,42,2,20,20,1.0
9,after,43,2,19,20,0.95
9,after,44,2,19,20,0.95
9,after,45,1,19,20,0.95
9,after,46,2,20,20,1.0
9,after,47,2,13,20,0.65
9,after,48,2,20,20,1.0
9,after,49,2,20,20,1.0
9,after,50,2,20,20,1.0
9,after,51,1,16,20,0.8
9,after,52,2,9,20,0.45
9,after,53,2,20,20,1.0
9,after,54,2,20,20,1.0
9,after,55,1,11,20,0.55
9,after,56,1,19,20,0.95
9,after,57,2,11,20,0.55
9,after,58,2,20,20,1.0
9,after,59,1,19,20,0.95
9,after,60,1,19,20,0.95
9,after,61,1,16,20,0.8
9,after,62,1,19,20,0.95
9,after,63,1,19,20,0.95
9,after,64,2,10,20,0.5
9,after,65,1,19,20,0.95
9,after,66,2,18,20,0.9
9,after,67,2,20,20,1.0
9,after,68,2,19,20,0.95
9,after,69,2,19,20,0.95
9,after,70,2,13,20,0.65
9,after,71,2,16,20,0.8
9,after,72,2,18,20,0.9
9,after,73,2,20,20,1.0
9,after,74,2,20,20,1.0
9,after,75,2,19,20,0.95
9,after,76,2,19,20,0.95
9,after,77,2,20,20,1.0
9,after,78,1,19,20,0.95
9,after,79,2,20,20,1.0
9,after,80,2,20,20,1.0
9,after,81,1,19,20,0.95
9,after,82,2,19,20,0.95
9,after,83,1,18,20,0.9
9,after,84,1,18,20,0.9
9,after,85,2,20,20,1.0
9,after,86,1,19,20,0.95
9,after,87,1,19,20,0.95
9,after,88,2,20,20,1.0
9,after,89,2,12,20,0.6
9,after,90,2,20,20,1.0
9,after,91,2,20,20,1.0
9,after,92,2,18,20,0.9
9,after,93,1,14,20,0.7
9,after,94,1,19,20,0.95
9,after,95,2,18,20,0.9
9,after,96,1,11,20,0.55
9,after,97,2,11,20,0.55
9,after,98,1,14,20,0.7
9,after,99,2,20,20,1.0
9,after,100,2,20,20,1.0
9,after,101,2,11,20,0.55
9,after,102,2,20,20,1.0
9,after,103,2,19,20,0.95
9,after,104,2,20,20,1.0
9,after,105,1,15,20,0.75
9,after,106,2,20,20,1.0
9,after,107,2,20,20,1.0
9,after,108,2,20,20,1.0
9,after,109,2,17,20,0.85
9,after,110,1,18,20,0.9
9,after,111,1,19,20,0.95
9,after,112,2,15,20,0.75
9,after,113,2,20,20,1.0
9,after,114,2,20,20,1.0
9,after,115,1,19,20,0.95
9,after,116,2,20,20,1.0
9,after,117,2,20,20,1.0
9,after,118,2,16,20,0.8
9,after,119,2,20,20,1.0
9,after,120,2,18,20,0.9
9,after,121,2,20,20,1.0
9,after,122,2,20,20,1.0
9,after,123,1,19,20,0.95
9,after,124,2,20,20,1.0
9,after,125,1,18,20,0.9
9,after,126,2,20,20,1.0
9,after,127,1,12,20,0.6
9,after,128,2,20,20,1.0
9,after,129,1,19,20,0.95
9,after,130,2,20,20,1.0
9,before,0,2,19,20,0.95
9,before,1,1,19,20,0.95
9,before,2,1,20,20,1.0
9,before,3,2,20,20,1.0
9,before,4,2,20,20,1.0
9,before,5,2,13,20,0.65
9,before,6,2,20,20,1.0
9,before,7,1,20,20,1.0
9,before,8,2,20,20,1.0
9,before,9,2,16,20,0.8
9,before,10,2,17,20,0.85
9,before,11,1,20,20,1.0
9,before,12,2,20,20,1.0
9,before,13,2,16,20,0.8
9,before,14,2,20,20,1.0
9,before,15,1,19,20,0.95
9,before,16,2,19,20,0.95
9,before,17,1,20,20,1.0
9,before,18,2,20,20,1.0
9,before,19,1,20,20,1.0
9,before,20,2,11,20,0.55
9,before,21,1,19,20,0.95
9,before,22,2,20,20,1.0
9,before,23,2,20,20,1.0
9,before,24,1,20,20,1.0
9,before,25,2,15,20,0.75
9,before,26,2,20,20,1.0
9,before,27,2,20,20,1.0
9,before,28,2,16,20,0.8
9,before,29,1,20,20,1.0
9,before,30,2,20,20,1.0
9,before,31,2,20,20,1.0
9,before,32,2,20,20,1.0
9,before,33,1,13,20,0.65
9,before,34,2,20,20,1.0
9,before,35,1,14,20,0.7
9,before,36,1,19,20,0.95
9,before,37,1,20,20,1.0
9,before,38,2,20,20,1.0
9,before,39,2,20,20,1.0
9,before,40,1,20,20,1.0
9,before,41,2,17,20,0.85
9,before,42,2,20,20,1.0
9,before,43,2,18,20,0.9
9,before,44,2,20,20,1.0
9,before,45,1,20,20,1.0
9,before,46,2,20,20,1.0
9,before,47,2,19,20,0.95
9,before,48,2,20,20,1.0
9,before,49,2,20,20,1.0
9,before,50,2,20,20,1.0
9,before,51,1,17,20,0.85
9,before,52,2,11,20,0.55
9,before,53,2,20,20,1.0
9,before,54,2,20,20,1.0
9,before,55,1,11,20,0.55
9,before,56,1,19,20,0.95
9,before,57,2,11,20,0.55
9,before,58,2,20,20,1.0
9,before,59,1,19,20,0.95
9,before,60,1,20,20,1.0
9,before,61,1,10,20,0.5
9,before,62,2,12,20,0.6
9,before,63,1,20,20,1.0
9,before,64,2,13,20,0.65
9,before,65,1,20,20,1.0
9,before,66,2,18,20,0.9
9,before,67,2,20,20,1.0
9,before,68,2,20,20,1.0
9,before,69,2,20,20,1.0
9,before,70,2,16,20,0.8
9,before,71,2,18,20,0.9
9,before,72,2,19,20,0.95
9,before,73,2,20,20,1.0
9,before,74,2,20,20,1.0
9,before,75,2,20,20,1.0
9,before,76,2,19,20,0.95
9,before,77,2,20,20,1.0
9,before,78,1,19,20,0.95
9,before,79,2,20,20,1.0
9,before,80,2,20,20,1.0
9,before,81,1,19,20,0.95
9,before,82,2,20,20,1.0
9,before,83,1,20,20,1.0
9,before,84,1,20,20,1.0
9,before,85,2,20,20,1.0
9,before,86,1,19,20,0.95
9,before,87,1,20,20,1.0
9,before,88,2,20,20,1.0
9,before,89,2,11,20,0.55
9,before,90,2,20,20,1.0
9,before,91,2,20,20,1.0
9,before,92,2,18,20,0.9
9,before,93,1,12,20,0.6
9,before,94,1,20,20,1.0
9,before,95,2,20,20,1.0
9,before,96,1,14,20,0.7
9,before,97,2,14,20,0.7
9,before,98,2,11,20,0.55
9,before,99,2,20,20,1.0
9,before,100,2,20,20,1.0
9,before,101,2,10,20,0.5
9,before,102,2,20,20,1.0
9,before,103,2,15,20,0.75
9,before,104,2,20,20,1.0
9,before,105,1,15,20,0.75
9,before,106,2,20,20,1.0
9,before,107,2,20,20,1.0
9,before,108,2,20,20,1.0
9,before,109,2,18,20,0.9
9,before,110,2,12,20,0.6
9,before,111,1,20,20,1.0
9,before,112,2,13,20,0.65
9,before,113,2,20,20,1.0
9,before,114,2,20,20,1.0
9,before,115,1,20,20,1.0
9,before,116,2,20,20,1.0
9,before,117,2,20,20,1.0
9,before,118,2,20,20,1.0
9,before,119,2,20,20,1.0
9,before,120,2,19,20,0.95
9,before,121,2,20,20,1.0
9,before,122,2,20,20,1.0
9,before,123,1,20,20,1.0
9,before,124,2,20,20,1.0
9,before,125,1,13,20,0.65
9,before,126,2,20,20,1.0
9,before,127,1,16,20,0.8
9,before,128,2,20,20,1.0
9,before,129,1,13,20,0.65
9,before,130,2,20,20,1.0
10,after,0,2,19,20,0.95
10,after,1,1,20,20,1.0
10,after,2,1,20,20,1.0
10,after,3,2,20,20,1.0
10,after,4,2,20,20,1.0
10,after,5,1,11,20,0.55
10,after,6,2,20,20,1.0
10,after,7,1,17,20,0.85
10,after,8,2,19,20,0.95
10,after,9,0,18,20,0.9
10,after,10,2,14,20,0.7
10,after,11,1,19,20,0.95
10,after,12,2,20,20,1.0
10,after,13,2,11,20,0.55
10,after,14,2,20,20,1.0
10,after,15,1,20,20,1.0
10,after,16,2,18,20,0.9
10,after,17,1,20,20,1.0
10,after,18,2,16,20,0.8
10,after,19,1,20,20,1.0
10,after,20,1,12,20,0.6
10,after,21,1,15,20,0.75
10,after,22,2,20,20,1.0
10,after,23,2,20,20,1.0
10,after,24,1,20,20,1.0
10,after,25,2,9,20,0.45
10,after,26,2,20,20,1.0
10,after,27,2,20,20,1.0
10,after,28,2,15,20,0.75
10,after,29,1,19,20,0.95
10,after,30,2,19,20,0.95
10,after,31,2,20,20,1.0
10,after,32,2,20,20,1.0
10,after,33,1,13,20,0.65
10,after,34,2,20,20,1.0
10,after,35,1,14,20,0.7
10,after,36,1,20,20,1.0
10,after,37,1,20,20,1.0
10,after,38,2,20,20,1.0
10,after,39,2,20,20,1.0
10,after,40,1,20,20,1.0
10,after,41,2,10,20,0.5
10,after,42,2,19,20,0.95
10,after,43,2,20,20,1.0
10,after,44,2,20,20,1.0
10,after,45,1,20,20,1.0
10,after,46,2,20,20,1.0
10,after,47,1,10,20,0.5
10,after,48,2,20,20,1.0
10,after,49,2,20,20,1.0
10,after,50,2,19,20,0.95
10,after,51,1,14,20,0.7
10,after,52,1,11,20,0.55
10,after,53,2,20,20,1.0
10,after,54,2,20,20,1.0
10,after,55,1,16,20,0.8
10,after,56,1,20,20,1.0
10,after,57,2,11,20,0.55
10,after,58,2,20,20,1.0
10,after,59,1,20,20,1.0
10,after,60,1,20,20,1.0
10,after,61,1,12,20,0.6
10,after,62,1,15,20,0.75
10,after,63,1,19,20,0.95
10,after,64,2,13,20,0.65
10,after,65,1,20,20,1.0
10,after,66,2,17,20,0.85
10,after,67,2,20,20,1.0
10,after,68,2,20,20,1.0
10,after,69,2,18,20,0.9
10,after,70,1,10,20,0.5
10,after,71,2,14,20,0.7
10,after,72,2,20,20,1.0
10,after,73,2,20,20,1.0
10,after,74,2,20,20,1.0
10,after,75,2,17,20,0.85
10,after,76,2,15,20,0.75
10,after,77,2,20,20,1.0
10,after,78,1,20,20,1.0
10,after,79,2,20,20,1.0
10,after,80,2,20,20,1.0
10,after,81,1,20,20,1.0
10,after,82,2,20,20,1.0
10,after,83,1,20,20,1.0
10,after,84,1,20,20,1.0
10,after,85,2,20,20,1.0
10,after,86,1,20,20,1.0
10,after,87,1,20,20,1.0
10,after,88,2,19,20,0.95
10,after,89,1,12,20,0.6
10,after,90,2,18,20,0.9
10,after,91,2,19,20,0.95
10,after,92,2,18,20,0.9
10,after,93,1,15,20,0.75
10,after,94,1,20,20,1.0
10,after,95,2,19,20,0.95
10,after,96,1,11,20,0.55
10,after,97,1,12,20,0.6
10,after,98,1,13,20,0.65
10,after,99,2,20,20,1.0
10,after,100,2,20,20,1.0
10,after,101,1,10,20,0.5
10,after,102,2,20,20,1.0
10,after,103,2,19,20,0.95
10,after,104,2,20,20,1.0
10,after,105,1,20,20,1.0
10,after,106,2,19,20,0.95
10,after,107,2,20,20,1.0
10,after,108,2,20,20,1.0
10,after,109,2,18,20,0.9
10,after,110,1,15,20,0.75
10,after,111,1,20,20,1.0
10,after,112,2,11,20,0.55
10,after,113,2,20,20,1.0
10,after,114,2,20,20,1.0
10,after,115,1,20,20,1.0
10,after,116,2,20,20,1.0
10,after,117,2,20,20,1.0
10,after,118,2,16,20,0.8
10,after,119,2,20,20,1.0
10,after,120,2,18,20,0.9
10,after,121,2,20,20,1.0
10,after,122,2,20,20,1.0
10,after,123,1,20,20,1.0
10,after,124,2,20,20,1.0
10,after,125,1,18,20,0.9
10,after,126,2,20,20,1.0
10,after,127,1,13,20,0.65
10,after,128,2,20,20,1.0
10,after,129,1,18,20,0.9
10,after,130,2,20,20,1.0
10,before,0,2,19,20,0.95
10,before,1,1,20,20,1.0
10,before,2,1,20,20,1.0
10,before,3,2,20,20,1.0
10,before,4,2,20,20,1.0
10,before,5,1,16,20,0.8
10,before,6,2,20,20,1.0
10,before,7,1,19,20,0.95
10,before,8,2,18,20,0.9
10,before,9,0,17,20,0.85
10,before,10,0,12,20,0.6
10,before,11,1,20,20,1.0
10,before,12,2,20,20,1.0
10,before,13,1,13,20,0.65
10,before,14,2,20,20,1.0
10,before,15,1,20,20,1.0
10,before,16,2,19,20,0.95
10,before,17,1,20,20,1.0
10,before,18,2,15,20,0.75
10,before,19,1,20,20,1.0
10,before,20,1,13,20,0.65
10,before,21,1,18,20,0.9
10,before,22,2,20,20,1.0
10,before,23,2,20,20,1.0
10,before,24,1,20,20,1.0
10,before,25,2,11,20,0.55
10,before,26,2,20,20,1.0
10,before,27,2,20,20,1.0
10,before,28,2,12,20,0.6
10,before,29,1,19,20,0.95
10,before,30,2,20,20,1.0
10,before,31,2,20,20,1.0
10,before,32,2,20,20,1.0
10,before,33,1,18,20,0.9
10,before,34,2,20,20,1.0
10,before,35,1,16,20,0.8
10,before,36,1,19,20,0.95
10,before,37,1,20,20,1.0
10,before,38,2,20,20,1.0
10,before,39,2,20,20,1.0
10,before,40,1,20,20,1.0
10,before,41,1,14,20,0.7
10,before,42,2,20,20,1.0
10,before,43,2,20,20,1.0
10,before,44,2,19,20,0.95
10,before,45,1,20,20,1.0
10,before,46,2,20,20,1.0
10,before,47,1,11,20,0.55
10,before,48,2,20,20,1.0
10,before,49,2,20,20,1.0
10,before,50,2,20,20,1.0
10,before,51,1,15,20,0.75
10,before,52,1,17,20,0.85
10,before,53,2,20,20,1.0
10,before,54,2,19,20,0.95
10,before,55,1,18,20,0.9
10,before,56,1,20,20,1.0
10,before,57,1,11,20,0.55
10,before,58,2,20,20,1.0
10,before,59,1,20,20,1.0
10,before,60,1,20,20,1.0
10,before,61,1,15,20,0.75
10,before,62,1,17,20,0.85
10,before,63,1,19,20,0.95
10,before,64,2,11,20,0.55
10,before,65,1,20,20,1.0
10,before,66,2,18,20,0.9
10,before,67,2,18,20,0.9
10,before,68,2,19,20,0.95
10,before,69,2,16,20,0.8
10,before,70,1,13,20,0.65
10,before,71,1,12,20,0.6
10,before,72,2,20,20,1.0
10,before,73,2,20,20,1.0
10,before,74,2,20,20,1.0
10,before,75,2,20,20,1.0
10,before,76,2,18,20,0.9
10,before,77,2,19,20,0.95
10,before,78,1,20,20,1.0
10,before,79,2,20,20,1.0
10,before,80,2,20,20,1.0
10,before,81,1,20,20,1.0
10,before,82,2,20,20,1.0
10,before,83,1,20,20,1.0
10,before,84,1,20,20,1.0
10,before,85,2,20,20,1.0
10,before,86,1,20,20,1.0
10,before,87,1,20,20,1.0
10,before,88,2,20,20,1.0
10,before,89,1,12,20,0.6
10,before,90,2,19,20,0.95
10,before,91,2,19,20,0.95
10,before,92,2,20,20,1.0
10,before,93,1,18,20,0.9
10,before,94,1,20,20,1.0
10,before,95,2,20,20,1.0
10,before,96,1,15,20,0.75
10,before,97,2,13,20,0.65
10,before,98,1,15,20,0.75
10,before,99,2,20,20,1.0
10,before,100,2,20,20,1.0
10,before,101,2,10,20,0.5
10,before,102,2,20,20,1.0
10,before,103,2,17,20,0.85
10,before,104,2,20,20,1.0
10,before,105,1,19,20,0.95
10,before,106,2,20,20,1.0
10,before,107,2,19,20,0.95
10,before,108,2,20,20,1.0
10,before,109,2,13,20,0.65
10,before,110,1,17,20,0.85
10,before,111,1,20,20,1.0
10,before,112,2,14,20,0.7
10,before,113,2,20,20,1.0
10,before,114,2,20,20,1.0
10,before,115,1,20,20,1.0
10,before,116,2,20,20,1.0
10,before,117,2,20,20,1.0
10,before,118,2,14,20,0.7
10,before,119,2,20,20,1.0
10,before,120,2,15,20,0.75
10,before,121,2,20,20,1.0
10,before,122,2,20,20,1.0
10,before,123,1,19,20,0.95
10,before,124,2,20,20,1.0
10,before,125,1,18,20,0.9
10,before,126,2,20,20,1.0
10,before,127,1,18,20,0.9
10,before,128,2,20,20,1.0
10,before,129,1,17,20,0.85
10,before,130,2,20,20,1.0
11,after,0,2,19,20,0.95
11,after,1,1,20,20,1.0
11,after,2,1,19,20,0.95
11,after,3,2,20,20,1.0
11,after,4,2,20,20,1.0
11,after,5,1,12,20,0.6
11,after,6,2,20,20,1.0
11,after,7,1,13,20,0.65
11,after,8,2,18,20,0.9
11,after,9,0,15,20,0.75
11,after,10,2,14,20,0.7
11,after,11,1,19,20,0.95
11,after,12,2,20,20,1.0
11,after,13,2,12,20,0.6
11,after,14,2,20,20,1.0
11,after,15,1,20,20,1.0
11,after,16,2,17,20,0.85
11,after,17,1,20,20,1.0
11,after,18,2,17,20,0.85
11,after,19,1,20,20,1.0
11,after,20,2,10,20,0.5
11,after,21,1,17,20,0.85
11,after,22,2,20,20,1.0
11,after,23,2,20,20,1.0
11,after,24,1,20,20,1.0
11,after,25,2,10,20,0.5
11,after,26,2,20,20,1.0
11,after,27,2,20,20,1.0
11,after,28,2,13,20,0.65
11,after,29,1,20,20,1.0
11,after,30,2,20,20,1.0
11,after,31,2,20,20,1.0
11,after,32,2,20,20,1.0
11,after,33,1,15,20,0.75
11,after,34,2,20,20,1.0
11,after,35,1,12,20,0.6
11,after,36,1,19,20,0.95
11,after,37,1,18,20,0.9
11,after,38,2,20,20,1.0
11,after,39,2,20,20,1.0
11,after,40,1,20,20,1.0
11,after,41,2,11,20,0.55
11,after,42,2,19,20,0.95
11,after,43,2,20,20,1.0
11,after,44,2,19,20,0.95
11,after,45,1,20,20,1.0
11,after,46,2,19,20,0.95
11,after,47,2,15,20,0.75
11,after,48,2,20,20,1.0
11,after,49,2,20,20,1.0
11,after,50,2,20,20,1.0
11,after,51,1,15,20,0.75
11,after,52,1,13,20,0.65
11,after,53,2,20,20,1.0
11,after,54,2,20,20,1.0
11,after,55,1,15,20,0.75
11,after,56,1,20,20,1.0
11,after,57,2,16,20,0.8
11,after,58,2,20,20,1.0
11,after,59,1,19,20,0.95
11,after,60,1,20,20,1.0
11,after,61,1,13,20,0.65
11,after,62,1,15,20,0.75
11,after,63,1,18,20,0.9
11,after,64,2,12,20,0.6
11,after,65,1,20,20,1.0
11,after,66,2,17,20,0.85
11,after,67,2,20,20,1.0
11,after,68,2,20,20,1.0
11,after,69,2,19,20,0.95
11,after,70,1,12,20,0.6
11,after,71,2,14,20,0.7
11,after,72,2,20,20,1.0
11,after,73,2,20,20,1.0
11,after,74,2,20,20,1.0
11,after,75,2,20,20,1.0
11,after,76,2,18,20,0.9
11,after,77,2,20,20,1.0
11,after,78,1,20,20,1.0
11,after,79,2,20,20,1.0
11,after,80,2,19,20,0.95
11,after,81,1,20,20,1.0
11,after,82,2,20,20,1.0
11,after,83,1,19,20,0.95
11,after,84,1,20,20,1.0
11,after,85,2,20,20,1.0
11,after,86,1,20,20,1.0
11,after,87,1,20,20,1.0
11,after,88,2,19,20,0.95
11,after,89,2,14,20,0.7
11,after,90,2,20,20,1.0
11,after,91,2,20,20,1.0
11,after,92,2,19,20,0.95
11,after,93,1,12,20,0.6
11,after,94,1,20,20,1.0
11,after,95,2,18,20,0.9
11,after,96,0,10,20,0.5
11,after,97,2,15,20,0.75
11,after,98,1,13,20,0.65
11,after,99,2,20,20,1.0
11,after,100,2,20,20,1.0
11,after,101,2,16,20,0.8
11,after,102,2,20,20,1.0
11,after,103,2,20,20,1.0
11,after,104,2,20,20,1.0
11,after,105,1,18,20,0.9
11,after,106,2,20,20,1.0
11,after,107,2,20,20,1.0
11,after,108,2,20,20,1.0
11,after,109,2,18,20,0.9
11,after,110,1,14,20,0.7
11,after,111,1,18,20,0.9
11,after,112,2,11,20,0.55
11,after,113,2,20,20,1.0
11,after,114,2,20,20,1.0
11,after,115,1,20,20,1.0
11,after,116,2,20,20,1.0
11,after,117,2,20,20,1.0
11,after,118,2,19,20,0.95
11,after,119,2,20,20,1.0
11,after,120,2,18,20,0.9
11,after,121,2,19,20,0.95
11,after,122,2,20,20,1.0
11,after,123,1,18,20,0.9
11,after,124,2,20,20,1.0
11,after,125,1,16,20,0.8
11,after,126,2,20,20,1.0
11,after,127,1,15,20,0.75
11,after,128,2,20,20,1.0
11,after,129,1,18,20,0.9
11,after,130,2,19,20,0.95
11,before,0,2,17,20,0.85
11,before,1,1,20,20,1.0
11,before,2,1,20,20,1.0
11,before,3,2,20,20,1.0
11,before,4,2,20,20,1.0
11,before,5,1,11,20,0.55
11,before,6,2,20,20,1.0
11,before,7,1,15,20,0.75
11,before,8,2,20,20,1.0
11,before,9,0,18,20,0.9
11,before,10,2,11,20,0.55
11,before,11,1,19,20,0.95
11,before,12,2,20,20,1.0
11,before,13,2,16,20,0.8
11,before,14,2,20,20,1.0
11,before,15,1,20,20,1.0
11,before,16,2,20,20,1.0
11,before,17,1,20,20,1.0
11,before,18,2,20,20,1.0
11,before,19,1,20,20,1.0
11,before,20,1,14,20,0.7
11,before,21,1,13,20,0.65
11,before,22,2,20,20,1.0
11,before,23,2,20,20,1.0
11,before,24,1,20,20,1.0
11,before,25,2,12,20,0.6
11,before,26,2,20,20,1.0
11,before,27,2,20,20,1.0
11,before,28,2,17,20,0.85
11,before,29,1,20,20,1.0
11,before,30,2,20,20,1.0
11,before,31,2,20,20,1.0
11,before,32,2,20,20,1.0
11,before,33,1,14,20,0.7
11,before,34,2,20,20,1.0
11,before,35,1,15,20,0.75
11,before,36,1,18,20,0.9
11,before,37,1,20,20,1.0
11,before,38,2,20,20,1.0
11,before,39,2,20,20,1.0
11,before,40,1,20,20,1.0
11,before,41,2,13,20,0.65
11,before,42,2,20,20,1.0
11,before,43,2,20,20,1.0
11,before,44,2,19,20,0.95
11,before,45,1,20,20,1.0
11,before,46,2,20,20,1.0
11,before,47,2,17,20,0.85
11,before,48,2,20,20,1.0
11,before,49,2,20,20,1.0
11,before,50,2,20,20,1.0
11,before,51,1,11,20,0.55
11,before,52,1,10,20,0.5
11,before,53,2,20,20,1.0
11,before,54,2,20,20,1.0
11,before,55,1,11,20,0.55
11,before,56,1,20,20,1.0
11,before,57,2,16,20,0.8
11,before,58,2,20,20,1.0
11,before,59,1,20,20,1.0
11,before,60,1,20,20,1.0
11,before,61,2,11,20,0.55
11,before,62,1,18,20,0.9
11,before,63,1,20,20,1.0
11,before,64,2,13,20,0.65
11,before,65,1,20,20,1.0
11,before,66,2,19,20,0.95
11,before,67,2,20,20,1.0
11,before,68,2,18,20,0.9
11,before,69,2,20,20,1.0
11,before,70,2,17,20,0.85
11,before,71,2,18,20,0.9
11,before,72,2,20,20,1.0
11,before,73,2,20,20,1.0
11,before,74,2,20,20,1.0
11,before,75,2,20,20,1.0
11,before,76,2,17,20,0.85
11,before,77,2,20,20,1.0
11,before,78,1,20,20,1.0
11,before,79,2,20,20,1.0
11,before,80,2,20,20,1.0
11,before,81,1,20,20,1.0
11,before,82,2,20,20,1.0
11,before,83,1,20,20,1.0
11,before,84,1,20,20,1.0
11,before,85,2,20,20,1.0
11,before,86,1,20,20,1.0
11,before,87,1,20,20,1.0
11,before,88,2,20,20,1.0
11,before,89,2,12,20,0.6
11,before,90,2,20,20,1.0
11,before,91,2,20,20,1.0
11,before,92,2,20,20,1.0
11,before,93,1,20,20,1.0
11,before,94,1,20,20,1.0
11,before,95,2,17,20,0.85
11,before,96,0,11,20,0.55
11,before,97,2,16,20,0.8
11,before,98,1,11,20,0.55
11,before,99,2,20,20,1.0
11,before,100,2,20,20,1.0
11,before,101,2,16,20,0.8
11,before,102,2,20,20,1.0
11,before,103,2,20,20,1.0
11,before,104,2,20,20,1.0
11,before,105,1,16,20,0.8
11,before,106,2,20,20,1.0
11,before,107,2,17,20,0.85
11,before,108,2,20,20,1.0
11,before,109,2,19,20,0.95
11,before,110,1,15,20,0.75
11,before,111,1,20,20,1.0
11,before,112,2,14,20,0.7
11,before,113,2,20,20,1.0
11,before,114,2,20,20,1.0
11,before,115,1,20,20,1.0
11,before,116,2,20,20,1.0
11,before,117,2,20,20,1.0
11,before,118,2,20,20,1.0
11,before,119,2,20,20,1.0
11,before,120,2,18,20,0.9
11,before,121,2,20,20,1.0
11,before,122,2,20,20,1.0
11,before,123,1,20,20,1.0
11,before,124,2,20,20,1.0
11,before,125,1,18,20,0.9
11,before,126,2,20,20,1.0
11,before,127,1,12,20,0.6
11,before,128,2,20,20,1.0
11,before,129,1,20,20,1.0
11,before,130,2,20,20,1.0
12,after,0,2,18,20,0.9
12,after,1,1,19,20,0.95
12,after,2,1,19,20,0.95
12,after,3,2,20,20,1.0
12,after,4,2,20,20,1.0
12,after,5,1,15,20,0.75
12,after,6,2,20,20,1.0
12,after,7,1,16,20,0.8
12,after,8,2,19,20,0.95
12,after,9,0,16,20,0.8
12,after,10,2,12,20,0.6
12,after,11,1,20,20,1.0
12,after,12,2,20,20,1.0
12,after,13,2,13,20,0.65
12,after,14,2,20,20,1.0
12,after,15,1,19,20,0.95
12,after,16,2,19,20,0.95
12,after,17,1,19,20,0.95
12,after,18,2,19,20,0.95
12,after,19,1,20,20,1.0
12,after,20,1,11,20,0.55
12,after,21,1,11,20,0.55
12,after,22,2,20,20,1.0
12,after,23,2,20,20,1.0
12,after,24,1,19,20,0.95
12,after,25,2,13,20,0.65
12,after,26,2,20,20,1.0
12,after,27,2,20,20,1.0
12,after,28,2,14,20,0.7
12,after,29,1,19,20,0.95
12,after,30,2,20,20,1.0
12,after,31,2,20,20,1.0
12,after,32,2,20,20,1.0
12,after,33,1,12,20,0.6
12,after,34,2,20,20,1.0
12,after,35,0,13,20,0.65
12,after,36,1,16,20,0.8
12,after,37,1,16,20,0.8
12,after,38,2,20,20,1.0
12,after,39,2,20,20,1.0
12,after,40,1,19,20,0.95
12,after,41,2,12,20,0.6
12,after,42,2,19,20,0.95
12,after,43,2,18,20,0.9
12,after,44,2,20,20,1.0
12,after,45,1,20,20,1.0
12,after,46,2,20,20,1.0
12,after,47,2,13,20,0.65
12,after,48,2,20,20,1.0
12,after,49,2,20,20,1.0
12,after,50,2,18,20,0.9
12,after,51,1,12,20,0.6
12,after,52,1,11,20,0.55
12,after,53,2,20,20,1.0
12,after,54,2,20,20,1.0
12,after,55,1,11,20,0.55
12,after,56,1,19,20,0.95
12,after,57,2,16,20,0.8
12,after,58,2,19,20,0.95
12,after,59,1,18,20,0.9
12,after,60,1,20,20,1.0
12,after,61,2,10,20,0.5
12,after,62,1,18,20,0.9
12,after,63,1,18,20,0.9
12,after,64,2,11,20,0.55
12,after,65,1,20,20,1.0
12,after,66,2,16,20,0.8
12,after,67,2,18,20,0.9
12,after,68,2,20,20,1.0
12,after,69,2,19,20,0.95
12,after,70,1,17,20,0.85
12,after,71,2,10,20,0.5
12,after,72,2,17,20,0.85
12,after,73,2,20,20,1.0
12,after,74,2,20,20,1.0
12,after,75,2,20,20,1.0
12,after,76,2,16,20,0.8
12,after,77,2,19,20,0.95
12,after,78,1,19,20,0.95
12,after,79,2,20,20,1.0
12,after,80,2,19,20,0.95
12,after,81,1,19,20,0.95
12,after,82,2,20,20,1.0
12,after,83,1,19,20,0.95
12,after,84,1,20,20,1.0
12,after,85,2,20,20,1.0
12,after,86,1,19,20,0.95
12,after,87,1,20,20,1.0
12,after,88,2,19,20,0.95
12,after,89,2,12,20,0.6
12,after,90,2,17,20,0.85
12,after,91,2,20,20,1.0
12,after,92,2,18,20,0.9
12,after,93,1,11,20,0.55
12,after,94,1,19,20,0.95
12,after,95,2,16,20,0.8
12,after,96,0,13,20,0.65
12,after,97,2,14,20,0.7
12,after,98,1,14,20,0.7
12,after,99,2,19,20,0.95
12,after,100,2,20,20,1.0
12,after,101,2,14,20,0.7
12,after,102,2,20,20,1.0
12,after,103,2,18,20,0.9
12,after,104,2,20,20,1.0
12,after,105,1,19,20,0.95
12,after,106,2,20,20,1.0
12,after,107,2,20,20,1.0
12,after,108,2,20,20,1.0
12,after,109,2,19,20,0.95
12,after,110,1,17,20,0.85
12,after,111,1,18,20,0.9
12,after,112,1,10,20,0.5
12,after,113,2,18,20,0.9
12,after,114,2,20,20,1.0
12,after,115,1,19,20,0.95
12,after,116,2,20,20,1.0
12,after,117,2,20,20,1.0
12,after,118,2,20,20,1.0
12,after,119,2,20,20,1.0
12,after,120,2,18,20,0.9
12,after,121,2,19,20,0.95
12,after,122,2,20,20,1.0
12,after,123,1,19,20,0.95
12,after,124,2,20,20,1.0
12,after,125,1,17,20,0.85
12,after,126,2,20,20,1.0
12,after,127,1,11,20,0.55
12,after,128,2,20,20,1.0
12,after,129,1,17,20,0.85
12,after,130,2,20,20,1.0
12,before,0,2,20,20,1.0
12,before,1,1,20,20,1.0
12,before,2,1,20,20,1.0
12,before,3,2,20,20,1.0
12,before,4,2,20,20,1.0
12,before,5,2,14,20,0.7
12,before,6,2,20,20,1.0
12,before,7,1,14,20,0.7
12,before,8,2,19,20,0.95
12,before,9,0,10,20,0.5
12,before,10,2,19,20,0.95
12,before,11,1,19,20,0.95
12,before,12,2,20,20,1.0
12,before,13,2,13,20,0.65
12,before,14,2,20,20,1.0
12,before,15,1,20,20,1.0
12,before,16,2,20,20,1.0
12,before,17,1,20,20,1.0
12,before,18,2,19,20,0.95
12,before,19,1,20,20,1.0
12,before,20,2,12,20,0.6
12,before,21,1,16,20,0.8
12,before,22,2,20,20,1.0
12,before,23,2,20,20,1.0
12,before,24,1,20,20,1.0
12,before,25,2,12,20,0.6
12,before,26,2,20,20,1.0
12,before,27,2,20,20,1.0
12,before,28,2,16,20,0.8
12,before,29,1,20,20,1.0
12,before,30,2,20,20,1.0
12,before,31,2,20,20,1.0
12,before,32,2,20,20,1.0
12,before,33,1,11,20,0.55
12,before,34,2,20,20,1.0
12,before,35,0,12,20,0.6
12,before,36,1,20,20,1.0
12,before,37,1,20,20,1.0
12,before,38,2,20,20,1.0
12,before,39,2,20,20,1.0
12,before,40,1,20,20,1.0
12,before,41,2,16,20,0.8
12,before,42,2,19,20,0.95
12,before,43,2,20,20,1.0
12,before,44,2,20,20,1.0
12,before,45,1,20,20,1.0
12,before,46,2,20,20,1.0
12,before,47,2,13,20,0.65
12,before,48,2,20,20,1.0
12,before,49,2,20,20,1.0
12,before,50,2,20,20,1.0
12,before,51,1,19,20,0.95
12,before,52,1,11,20,0.55
12,before,53,2,20,20,1.0
12,before,54,2,20,20,1.0
12,before,55,1,14,20,0.7
12,before,56,1,20,20,1.0
12,before,57,2,16,20,0.8
12,before,58,2,20,20,1.0
12,before,59,1,20,20,1.0
12,before,60,1,20,20,1.0
12,before,61,1,14,20,0.7
12,before,62,2,14,20,0.7
12,before,63,1,18,20,0.9
12,before,64,2,12,20,0.6
12,before,65,1,20,20,1.0
12,before,66,2,18,20,0.9
12,before,67,2,20,20,1.0
12,before,68,2,20,20,1.0
12,before,69,2,20,20,1.0
12,before,70,1,11,20,0.55
12,before,71,2,16,20,0.8
12,before,72,2,20,20,1.0
12,before,73,2,20,20,1.0
12,before,74,2,20,20,1.0
12,before,75,2,20,20,1.0
12,before,76,2,15,20,0.75
12,before,77,2,20,20,1.0
12,before,78,1,20,20,1.0
12,before,79,2,20,20,1.0
12,before,80,2,20,20,1.0
12,before,81,1,20,20,1.0
12,before,82,2,20,20,1.0
12,before,83,1,20,20,1.0
12,before,84,1,20,20,1.0
12,before,85,2,20,20,1.0
12,before,86,1,20,20,1.0
12,before,87,1,20,20,1.0
12,before,88,2,20,20,1.0
12,before,89,2,12,20,0.6
12,before,90,2,20,20,1.0
12,before,91,2,20,20,1.0
12,before,92,2,16,20,0.8
12,before,93,1,13,20,0.65
12,before,94,1,20,20,1.0
12,before,95,2,16,20,0.8
12,before,96,0,12,20,0.6
12,before,97,1,11,20,0.55
12,before,98,1,10,20,0.5
12,before,99,2,20,20,1.0
12,before,100,2,20,20,1.0
12,before,101,2,13,20,0.65
12,before,102,2,20,20,1.0
12,before,103,2,20,20,1.0
12,before,104,2,20,20,1.0
12,before,105,1,18,20,0.9
12,before,106,2,20,20,1.0
12,before,107,2,20,20,1.0
12,before,108,2,20,20,1.0
12,before,109,2,18,20,0.9
12,before,110,2,14,20,0.7
12,before,111,1,18,20,0.9
12,before,112,2,12,20,0.6
12,before,113,2,19,20,0.95
12,before,114,2,20,20,1.0
12,before,115,1,20,20,1.0
12,before,116,2,20,20,1.0
12,before,117,2,20,20,1.0
12,before,118,2,20,20,1.0
12,before,119,2,20,20,1.0
12,before,120,2,20,20,1.0
12,before,121,2,19,20,0.95
12,before,122,2,20,20,1.0
12,before,123,1,19,20,0.95
12,before,124,2,20,20,1.0
12,before,125,1,13,20,0.65
12,before,126,2,20,20,1.0
12,before,127,1,14,20,0.7
12,before,128,2,20,20,1.0
12,before,129,1,19,20,0.95
12,before,130,2,20,20,1.0
13,after,0,2,18,20,0.9
13,after,1,1,20,20,1.0
13,after,2,1,20,20,1.0
13,after,3,2,20,20,1.0
13,after,4,2,20,20,1.0
13,after,5,1,13,20,0.65
13,after,6,2,20,20,1.0
13,after,7,1,13,20,0.65
13,after,8,2,19,20,0.95
13,after,9,0,18,20,0.9
13,after,10,2,15,20,0.75
13,after,11,1,18,20,0.9
13,after,12,2,20,20,1.0
13,after,13,2,13,20,0.65
13,after,14,2,20,20,1.0
13,after,15,1,20,20,1.0
13,after,16,2,20,20,1.0
13,after,17,1,19,20,0.95
13,after,18,2,17,20,0.85
13,after,19,1,20,20,1.0
13,after,20,1,10,20,0.5
13,after,21,1,15,20,0.75
13,after,22,2,20,20,1.0
13,after,23,2,20,20,1.0
13,after,24,1,20,20,1.0
13,after,25,2,13,20,0.65
13,after,26,2,20,20,1.0
13,after,27,2,20,20,1.0
13,after,28,2,13,20,0.65
13,after,29,1,19,20,0.95
13,after,30,2,20,20,1.0
13,after,31,2,20,20,1.0
13,after,32,2,20,20,1.0
13,after,33,2,12,20,0.6
13,after,34,2,20,20,1.0
13,after,35,0,15,20,0.75
13,after,36,1,17,20,0.85
13,after,37,1,14,20,0.7
13,after,38,2,20,20,1.0
13,after,39,2,20,20,1.0
13,after,40,1,20,20,1.0
13,after,41,2,14,20,0.7
13,after,42,2,20,20,1.0
13,after,43,2,19,20,0.95
13,after,44,2,20,20,1.0
13,after,45,1,20,20,1.0
13,after,46,2,20,20,1.0
13,after,47,2,15,20,0.75
13,after,48,2,20,20,1.0
13,after,49,2,20,20,1.0
13,after,50,2,20,20,1.0
13,after,51,1,16,20,0.8
13,after,52,1,15,20,0.75
13,after,53,2,20,20,1.0
13,after,54,2,20,20,1.0
13,after,55,1,14,20,0.7
13,after,56,1,20,20,1.0
13,after,57,2,15,20,0.75
13,after,58,2,18,20,0.9
13,after,59,1,20,20,1.0
13,after,60,1,20,20,1.0
13,after,61,1,11,20,0.55
13,after,62,1,20,20,1.0
13,after,63,1,19,20,0.95
13,after,64,2,12,20,0.6
13,after,65,1,20,20,1.0
13,after,66,2,18,20,0.9
13,after,67,2,20,20,1.0
13,after,68,2,19,20,0.95
13,after,69,2,20,20,1.0
13,after,70,1,15,20,0.75
13,after,71,2,11,20,0.55
13,after,72,2,18,20,0.9
13,after,73,2,20,20,1.0
13,after,74,2,20,20,1.0
13,after,75,2,19,20,0.95
13,after,76,2,16,20,0.8
13,after,77,2,20,20,1.0
13,after,78,1,20,20,1.0
13,after,79,2,20,20,1.0
13,after,80,2,20,20,1.0
13,after,81,1,20,20,1.0
13,after,82,2,19,20,0.95
13,after,83,1,19,20,0.95
13,after,84,1,20,20,1.0
13,after,85,2,20,20,1.0
13,after,86,1,20,20,1.0
13,after,87,1,20,20,1.0
13,after,88,2,20,20,1.0
13,after,89,2,15,20,0.75
13,after,90,2,20,20,1.0
13,after,91,2,20,20,1.0
13,after,92,2,18,20,0.9
13,after,93,1,10,20,0.5
13,after,94,1,19,20,0.95
13,after,95,2,19,20,0.95
13,after,96,0,15,20,0.75
13,after,97,2,13,20,0.65
13,after,98,1,11,20,0.55
13,after,99,2,20,20,1.0
13,after,100,2,20,20,1.0
13,after,101,2,17,20,0.85
13,after,102,2,20,20,1.0
13,after,103,2,20,20,1.0
13,after,104,2,20,20,1.0
13,after,105,1,19,20,0.95
13,after,106,2,20,20,1.0
13,after,107,2,19,20,0.95
13,after,108,2,20,20,1.0
13,after,109,2,20,20,1.0
13,after,110,1,20,20,1.0
13,after,111,1,18,20,0.9
13,after,112,2,11,20,0.55
13,after,113,2,20,20,1.0
13,after,114,2,20,20,1.0
13,after,115,1,19,20,0.95
13,after,116,2,20,20,1.0
13,after,117,2,20,20,1.0
13,after,118,2,18,20,0.9
13,after,119,2,20,20,1.0
13,after,120,2,18,20,0.9
13,after,121,2,20,20,1.0
13,after,122,2,20,20,1.0
13,after,123,1,15,20,0.75
13,after,124,2,20,20,1.0
13,after,125,1,17,20,0.85
13,after,126,2,20,20,1.0
13,after,127,1,11,20,0.55
13,after,128,2,20,20,1.0
13,after,129,1,19,20,0.95
13,after,130,2,20,20,1.0
13,before,0,2,18,20,0.9
13,before,1,1,18,20,0.9
13,before,2,1,20,20,1.0
13,before,3,2,20,20,1.0
13,before,4,2,20,20,1.0
13,before,5,2,12,20,0.6
13,before,6,2,20,20,1.0
13,before,7,1,14,20,0.7
13,before,8,2,20,20,1.0
13,before,9,0,19,20,0.95
13,before,10,2,17,20,0.85
13,before,11,1,20,20,1.0
13,before,12,2,20,20,1.0
13,before,13,2,10,20,0.5
13,before,14,2,20,20,1.0
13,before,15,1,19,20,0.95
13,before,16,2,20,20,1.0
13,before,17,1,19,20,0.95
13,before,18,2,16,20,0.8
13,before,19,1,20,20,1.0
13,before,20,2,15,20,0.75
13,before,21,1,15,20,0.75
13,before,22,2,20,20,1.0
13,before,23,2,20,20,1.0
13,before,24,1,20,20,1.0
13,before,25,2,16,20,0.8
13,before,26,2,20,20,1.0
13,before,27,2,20,20,1.0
13,before,28,2,16,20,0.8
13,before,29,1,19,20,0.95
13,before,30,2,20,20,1.0
13,before,31,2,20,20,1.0
13,before,32,2,20,20,1.0
13,before,33,1,10,20,0.5
13,before,34,2,20,20,1.0
13,before,35,0,16,20,0.8
13,before,36,1,17,20,0.85
13,before,37,1,18,20,0.9
13,before,38,2,20,20,1.0
13,before,39,2,20,20,1.0
13,before,40,1,20,20,1.0
13,before,41,2,14,20,0.7
13,before,42,2,20,20,1.0
13,before,43,2,19,20,0.95
13,before,44,2,18,20,0.9
13,before,45,1,20,20,1.0
13,before,46,2,20,20,1.0
13,before,47,2,13,20,0.65
13,before,48,2,20,20,1.0
13,before,49,2,20,20,1.0
13,before,50,2,20,20,1.0
13,before,51,1,15,20,0.75
13,before,52,1,17,20,0.85
13,before,53,2,20,20,1.0
13,before,54,2,20,20,1.0
13,before,55,1,15,20,0.75
13,before,56,1,19,20,0.95
13,before,57,2,15,20,0.75
13,before,58,2,20,20,1.0
13,before,59,1,18,20,0.9
13,before,60,1,20,20,1.0
13,before,61,1,11,20,0.55
13,before,62,1,12,20,0.6
13,before,63,1,20,20,1.0
13,before,64,2,10,20,0.5
13,before,65,1,20,20,1.0
13,before,66,2,19,20,0.95
13,before,67,2,20,20,1.0
13,before,68,2,18,20,0.9
13,before,69,2,20,20,1.0
13,before,70,1,16,20,0.8
13,before,71,1,11,20,0.55
13,before,72,2,18,20,0.9
13,before,73,2,20,20,1.0
13,before,74,2,20,20,1.0
13,before,75,2,20,20,1.0
13,before,76,2,12,20,0.6
13,before,77,2,20,20,1.0
13,before,78,1,18,20,0.9
13,before,79,2,20,20,1.0
13,before,80,2,20,20,1.0
13,before,81,1,19,20,0.95
13,before,82,2,20,20,1.0
13,before,83,1,19,20,0.95
13,before,84,1,20,20,1.0
13,before,85,2,20,20,1.0
13,before,86,1,18,20,0.9
13,before,87,1,20,20,1.0
13,before,88,2,20,20,1.0
13,before,89,2,16,20,0.8
13,before,90,2,20,20,1.0
13,before,91,2,20,20,1.0
13,before,92,2,18,20,0.9
13,before,93,1,10,20,0.5
13,before,94,1,19,20,0.95
13,before,95,2,17,20,0.85
13,before,96,0,16,20,0.8
13,before,97,2,15,20,0.75
13,before,98,1,15,20,0.75
13,before,99,2,20,20,1.0
13,before,100,2,20,20,1.0
13,before,101,2,16,20,0.8
13,before,102,2,20,20,1.0
13,before,103,2,20,20,1.0
13,before,104,2,20,20,1.0
13,before,105,1,17,20,0.85
13,before,106,2,20,20,1.0
13,before,107,2,18,20,0.9
13,before,108,2,20,20,1.0
13,before,109,2,19,20,0.95
13,before,110,1,10,20,0.5
13,before,111,1,20,20,1.0
13,before,112,1,10,20,0.5
13,before,113,2,20,20,1.0
13,before,114,2,20,20,1.0
13,before,115,1,19,20,0.95
13,before,116,2,20,20,1.0
13,before,117,2,20,20,1.0
13,before,118,2,20,20,1.0
13,before,119,2,20,20,1.0
13,before,120,2,15,20,0.75
13,before,121,2,20,20,1.0
13,before,122,2,20,20,1.0
13,before,123,1,14,20,0.7
13,before,124,2,20,20,1.0
13,before,125,1,14,20,0.7
13,before,126,2,20,20,1.0
13,before,127,1,12,20,0.6
13,before,128,2,20,20,1.0
13,before,129,1,19,20,0.95
13,before,130,2,20,20,1.0
14,after,0,2,19,20,0.95
14,after,1,1,20,20,1.0
14,after,2,1,20,20,1.0
14,after,3,2,19,20,0.95
14,after,4,2,19,20,0.95
14,after,5,1,17,20,0.85
14,after,6,2,20,20,1.0
14,after,7,1,12,20,0.6
14,after,8,2,20,20,1.0
14,after,9,0,17,20,0.85
14,after,10,2,16,20,0.8
14,after,11,1,17,20,0.85
14,after,12,2,20,20,1.0
14,after,13,2,17,20,0.85
14,after,14,2,20,20,1.0
14,after,15,1,20,20,1.0
14,after,16,2,19,20,0.95
14,after,17,1,19,20,0.95
14,after,18,2,19,20,0.95
14,after,19,1,20,20,1.0
14,after,20,2,14,20,0.7
14,after,21,1,12,20,0.6
14,after,22,2,20,20,1.0
14,after,23,2,20,20,1.0
14,after,24,1,20,20,1.0
14,after,25,2,15,20,0.75
14,after,26,2,20,20,1.0
14,after,27,2,20,20,1.0
14,after,28,2,14,20,0.7
14,after,29,1,16,20,0.8
14,after,30,2,20,20,1.0
14,after,31,2,20,20,1.0
14,after,32,2,20,20,1.0
14,after,33,2,13,20,0.65
14,after,34,2,20,20,1.0
14,after,35,0,15,20,0.75
14,after,36,1,17,20,0.85
14,after,37,1,12,20,0.6
14,after,38,2,20,20,1.0
14,after,39,2,20,20,1.0
14,after,40,1,20,20,1.0
14,after,41,2,14,20,0.7
14,after,42,2,20,20,1.0
14,after,43,2,18,20,0.9
14,after,44,2,19,20,0.95
14,after,45,1,20,20,1.0
14,after,46,2,19,20,0.95
14,after,47,2,18,20,0.9
14,after,48,2,20,20,1.0
14,after,49,2,20,20,1.0
14,after,50,2,20,20,1.0
14,after,51,1,12,20,0.6
14,after,52,1,14,20,0.7
14,after,53,2,20,20,1.0
14,after,54,2,20,20,1.0
14,after,55,1,13,20,0.65
14,after,56,1,20,20,1.0
14,after,57,2,17,20,0.85
14,after,58,2,16,20,0.8
14,after,59,1,20,20,1.0
14,after,60,1,20,20,1.0
14,after,61,2,12,20,0.6
14,after,62,1,20,20,1.0
14,after,63,1,18,20,0.9
14,after,64,2,15,20,0.75
14,after,65,1,20,20,1.0
14,after,66,2,19,20,0.95
14,after,67,2,20,20,1.0
14,after,68,2,19,20,0.95
14,after,69,2,20,20,1.0
14,after,70,1,13,20,0.65
14,after,71,2,11,20,0.55
14,after,72,2,16,20,0.8
14,after,73,2,20,20,1.0
14,after,74,2,20,20,1.0
14,after,75,2,20,20,1.0
14,after,76,2,17,20,0.85
14,after,77,2,20,20,1.0
14,after,78,1,18,20,0.9
14,after,79,2,20,20,1.0
14,after,80,2,20,20,1.0
14,after,81,1,20,20,1.0
14,after,82,2,20,20,1.0
14,after,83,1,20,20,1.0
14,after,84,1,20,20,1.0
14,after,85,2,20,20,1.0
14,after,86,1,20,20,1.0
14,after,87,1,20,20,1.0
14,after,88,2,20,20,1.0
14,after,89,2,14,20,0.7
14,after,90,2,19,20,0.95
14,after,91,2,20,20,1.0
14,after,92,2,15,20,0.75
14,after,93,1,12,20,0.6
14,after,94,1,18,20,0.9
14,after,95,2,15,20,0.75
14,after,96,0,15,20,0.75
14,after,97,2,17,20,0.85
14,after,98,2,10,20,0.5
14,after,99,2,20,20,1.0
14,after,100,2,20,20,1.0
14,after,101,2,20,20,1.0
14,after,102,2,20,20,1.0
14,after,103,2,19,20,0.95
14,after,104,2,20,20,1.0
14,after,105,1,14,20,0.7
14,after,106,2,20,20,1.0
14,after,107,2,19,20,0.95
14,after,108,2,20,20,1.0
14,after,109,2,20,20,1.0
14,after,110,1,19,20,0.95
14,after,111,1,17,20,0.85
14,after,112,2,17,20,0.85
14,after,113,2,20,20,1.0
14,after,114,2,20,20,1.0
14,after,115,1,19,20,0.95
14,after,116,2,20,20,1.0
14,after,117,2,20,20,1.0
14,after,118,2,20,20,1.0
14,after,119,2,20,20,1.0
14,after,120,2,19,20,0.95
14,after,121,2,20,20,1.0
14,after,122,2,20,20,1.0
14,after,123,1,17,20,0.85
14,after,124,2,20,20,1.0
14,after,125,1,17,20,0.85
14,after,126,2,20,20,1.0
14,after,127,1,9,20,0.45
14,after,128,2,20,20,1.0
14,after,129,1,20,20,1.0
14,after,130,2,20,20,1.0
14,before,0,2,20,20,1.0
14,before,1,1,20,20,1.0
14,before,2,1,20,20,1.0
14,before,3,2,20,20,1.0
14,before,4,2,20,20,1.0
14,before,5,1,15,20,0.75
14,before,6,2,20,20,1.0
14,before,7,1,16,20,0.8
14,before,8,2,20,20,1.0
14,before,9,0,20,20,1.0
14,before,10,2,16,20,0.8
14,before,11,1,20,20,1.0
14,before,12,2,20,20,1.0
14,before,13,2,12,20,0.6
14,before,14,2,20,20,1.0
14,before,15,1,20,20,1.0
14,before,16,2,16,20,0.8
14,before,17,1,20,20,1.0
14,before,18,2,17,20,0.85
14,before,19,1,20,20,1.0
14,before,20,2,14,20,0.7
14,before,21,1,13,20,0.65
14,before,22,2,20,20,1.0
14,before,23,2,20,20,1.0
14,before,24,1,20,20,1.0
14,before,25,2,12,20,0.6
14,before,26,2,20,20,1.0
14,before,27,2,20,20,1.0
14,before,28,2,12,20,0.6
14,before,29,1,15,20,0.75
14,before,30,2,20,20,1.0
14,before,31,2,20,20,1.0
14,before,32,2,20,20,1.0
14,before,33,2,12,20,0.6
14,before,34,2,20,20,1.0
14,before,35,0,15,20,0.75
14,before,36,1,15,20,0.75
14,before,37,1,18,20,0.9
14,before,38,2,20,20,1.0
14,before,39,2,20,20,1.0
14,before,40,1,20,20,1.0
14,before,41,2,10,20,0.5
14,before,42,2,20,20,1.0
14,before,43,2,17,20,0.85
14,before,44,2,20,20,1.0
14,before,45,1,20,20,1.0
14,before,46,2,20,20,1.0
14,before,47,2,17,20,0.85
14,before,48,2,20,20,1.0
14,before,49,2,20,20,1.0
14,before,50,2,20,20,1.0
14,before,51,1,12,20,0.6
14,before,52,1,10,20,0.5
14,before,53,2,20,20,1.0
14,before,54,2,20,20,1.0
14,before,55,2,11,20,0.55
14,before,56,1,20,20,1.0
14,before,57,2,14,20,0.7
14,before,58,2,16,20,0.8
14,before,59,1,20,20,1.0
14,before,60,1,20,20,1.0
14,before,61,2,10,20,0.5
14,before,62,1,20,20,1.0
14,before,63,1,18,20,0.9
14,before,64,1,11,20,0.55
14,before,65,1,20,20,1.0
14,before,66,2,20,20,1.0
14,before,67,2,20,20,1.0
14,before,68,2,20,20,1.0
14,before,69,2,20,20,1.0
14,before,70,1,14,20,0.7
14,before,71,2,10,20,0.5
14,before,72,2,16,20,0.8
14,before,73,2,20,20,1.0
14,before,74,2,20,20,1.0
14,before,75,2,19,20,0.95
14,before,76,2,20,20,1.0
14,before,77,2,20,20,1.0
14,before,78,1,19,20,0.95
14,before,79,2,20,20,1.0
14,before,80,2,20,20,1.0
14,before,81,1,20,20,1.0
14,before,82,2,20,20,1.0
14,before,83,1,20,20,1.0
14,before,84,1,20,20,1.0
14,before,85,2,20,20,1.0
14,before,86,1,20,20,1.0
14,before,87,1,20,20,1.0
14,before,88,2,20,20,1.0
14,before,89,2,15,20,0.75
14,before,90,2,20,20,1.0
14,before,91,2,20,20,1.0
14,before,92,2,15,20,0.75
14,before,93,1,14,20,0.7
14,before,94,1,20,20,1.0
14,before,95,2,19,20,0.95
14,before,96,0,15,20,0.75
14,before,97,2,16,20,0.8
14,before,98,2,13,20,0.65
14,before,99,2,20,20,1.0
14,before,100,2,20,20,1.0
14,before,101,2,17,20,0.85
14,before,102,2,20,20,1.0
14,before,103,2,20,20,1.0
14,before,104,2,20,20,1.0
14,before,105,1,19,20,0.95
14,before,106,2,20,20,1.0
14,before,107,2,20,20,1.0
14,before,108,2,20,20,1.0
14,before,109,2,19,20,0.95
14,before,110,1,18,20,0.9
14,before,111,1,16,20,0.8
14,before,112,2,12,20,0.6
14,before,113,2,20,20,1.0
14,before,114,2,20,20,1.0
14,before,115,1,20,20,1.0
14,before,116,2,20,20,1.0
14,before,117,2,20,20,1.0
14,before,118,2,17,20,0.85
14,before,119,2,20,20,1.0
14,before,120,2,17,20,0.85
14,before,121,2,20,20,1.0
14,before,122,2,20,20,1.0
14,before,123,1,18,20,0.9
14,before,124,2,20,20,1.0
14,before,125,1,15,20,0.75
14,before,126,2,20,20,1.0
14,before,127,1,11,20,0.55
14,before,128,2,19,20,0.95
14,before,129,1,20,20,1.0
14,before,130,2,20,20,1.0
15,after,0,2,18,20,0.9
15,after,1,1,20,20,1.0
15,after,2,1,19,20,0.95
15,after,3,2,19,20,0.95
15,after,4,2,18,20,0.9
15,after,5,1,20,20,1.0
15,after,6,2,20,20,1.0
15,after,7,1,15,20,0.75
15,after,8,2,17,20,0.85
15,after,9,0,17,20,0.85
15,after,10,2,17,20,0.85
15,after,11,1,20,20,1.0
15,after,12,2,20,20,1.0
15,after,13,2,13,20,0.65
15,after,14,2,20,20,1.0
15,after,15,1,20,20,1.0
15,after,16,2,18,20,0.9
15,after,17,1,19,20,0.95
15,after,18,2,19,20,0.95
15,after,19,1,20,20,1.0
15,after,20,1,10,20,0.5
15,after,21,1,13,20,0.65
15,after,22,2,20,20,1.0
15,after,23,2,20,20,1.0
15,after,24,1,20,20,1.0
15,after,25,1,10,20,0.5
15,after,26,2,20,20,1.0
15,after,27,2,20,20,1.0
15,after,28,2,12,20,0.6
15,after,29,1,14,20,0.7
15,after,30,2,20,20,1.0
15,after,31,2,20,20,1.0
15,after,32,2,20,20,1.0
15,after,33,1,10,20,0.5
15,after,34,2,20,20,1.0
15,after,35,0,11,20,0.55
15,after,36,1,14,20,0.7
15,after,37,1,14,20,0.7
15,after,38,2,20,20,1.0
15,after,39,2,20,20,1.0
15,after,40,1,19,20,0.95
15,after,41,2,11,20,0.55
15,after,42,2,20,20,1.0
15,after,43,2,18,20,0.9
15,after,44,2,19,20,0.95
15,after,45,1,20,20,1.0
15,after,46,2,20,20,1.0
15,after,47,2,13,20,0.65
15,after,48,2,20,20,1.0
15,after,49,2,20,20,1.0
15,after,50,2,20,20,1.0
15,after,51,1,15,20,0.75
15,after,52,0,10,20,0.5
15,after,53,2,20,20,1.0
15,after,54,2,20,20,1.0
15,after,55,2,14,20,0.7
15,after,56,1,20,20,1.0
15,after,57,2,20,20,1.0
15,after,58,2,12,20,0.6
15,after,59,1,20,20,1.0
15,after,60,1,20,20,1.0
15,after,61,1,13,20,0.65
15,after,62,1,20,20,1.0
15,after,63,1,15,20,0.75
15,after,64,2,17,20,0.85
15,after,65,1,20,20,1.0
15,after,66,2,19,20,0.95
15,after,67,2,19,20,0.95
15,after,68,2,19,20,0.95
15,after,69,2,20,20,1.0
15,after,70,1,10,20,0.5
15,after,71,2,13,20,0.65
15,after,72,2,11,20,0.55
15,after,73,2,20,20,1.0
15,after,74,2,20,20,1.0
15,after,75,2,20,20,1.0
15,after,76,2,12,20,0.6
15,after,77,2,20,20,1.0
15,after,78,1,20,20,1.0
15,after,79,2,20,20,1.0
15,after,80,2,20,20,1.0
15,after,81,1,20,20,1.0
15,after,82,2,20,20,1.0
15,after,83,1,20,20,1.0
15,after,84,1,20,20,1.0
15,after,85,2,20,20,1.0
15,after,86,1,20,20,1.0
15,after,87,1,20,20,1.0
15,after,88,2,20,20,1.0
15,after,89,1,10,20,0.5
15,after,90,2,20,20,1.0
15,after,91,2,18,20,0.9
15,after,92,1,10,20,0.5
15,after,93,1,17,20,0.85
15,after,94,1,20,20,1.0
15,after,95,2,13,20,0.65
15,after,96,0,11,20,0.55
15,after,97,2,15,20,0.75
15,after,98,1,12,20,0.6
15,after,99,2,20,20,1.0
15,after,100,2,20,20,1.0
15,after,101,2,20,20,1.0
15,after,102,2,20,20,1.0
15,after,103,2,20,20,1.0
15,after,104,2,19,20,0.95
15,after,105,1,20,20,1.0
15,after,106,2,20,20,1.0
15,after,107,2,20,20,1.0
15,after,108,2,20,20,1.0
15,after,109,2,17,20,0.85
15,after,110,1,20,20,1.0
15,after,111,1,13,20,0.65
15,after,112,2,16,20,0.8
15,after,113,2,20,20,1.0
15,after,114,2,20,20,1.0
15,after,115,1,20,20,1.0
15,after,116,2,20,20,1.0
15,after,117,2,20,20,1.0
15,after,118,2,20,20,1.0
15,after,119,2,20,20,1.0
15,after,120,2,19,20,0.95
15,after,121,2,20,20,1.0
15,after,122,2,20,20,1.0
15,after,123,1,19,20,0.95
15,after,124,2,20,20,1.0
15,after,125,1,19,20,0.95
15,after,126,2,20,20,1.0
15,after,127,2,8,20,0.4
15,after,128,2,20,20,1.0
15,after,129,1,20,20,1.0
15,after,130,2,20,20,1.0
15,before,0,2,19,20,0.95
15,before,1,1,18,20,0.9
15,before,2,1,20,20,1.0
15,before,3,2,20,20,1.0
15,before,4,2,16,20,0.8
15,before,5,1,17,20,0.85
15,before,6,2,20,20,1.0
15,before,7,1,10,20,0.5
15,before,8,2,20,20,1.0
15,before,9,0,16,20,0.8
15,before,10,2,20,20,1.0
15,before,11,1,17,20,0.85
15,before,12,2,20,20,1.0
15,before,13,2,20,20,1.0
15,before,14,2,20,20,1.0
15,before,15,1,20,20,1.0
15,before,16,2,17,20,0.85
15,before,17,1,19,20,0.95
15,before,18,2,20,20,1.0
15,before,19,1,20,20,1.0
15,before,20,1,10,20,0.5
15,before,21,1,11,20,0.55
15,before,22,2,20,20,1.0
15,before,23,2,20,20,1.0
15,before,24,1,20,20,1.0
15,before,25,2,12,20,0.6
15,before,26,2,20,20,1.0
15,before,27,2,20,20,1.0
15,before,28,2,11,20,0.55
15,before,29,1,13,20,0.65
15,before,30,2,20,20,1.0
15,before,31,2,20,20,1.0
15,before,32,2,20,20,1.0
15,before,33,1,11,20,0.55
15,before,34,2,20,20,1.0
15,before,35,0,10,20,0.5
15,before,36,2,11,20,0.55
15,before,37,1,15,20,0.75
15,before,38,2,20,20,1.0
15,before,39,2,20,20,1.0
15,before,40,1,19,20,0.95
15,before,41,2,15,20,0.75
15,before,42,2,20,20,1.0
15,before,43,2,16,20,0.8
15,before,44,2,19,20,0.95
15,before,45,1,20,20,1.0
15,before,46,2,20,20,1.0
15,before,47,2,15,20,0.75
15,before,48,2,20,20,1.0
15,before,49,2,20,20,1.0
15,before,50,2,20,20,1.0
15,before,51,2,12,20,0.6
15,before,52,0,10,20,0.5
15,before,53,2,20,20,1.0
15,before,54,2,20,20,1.0
15,before,55,2,15,20,0.75
15,before,56,1,20,20,1.0
15,before,57,2,20,20,1.0
15,before,58,2,15,20,0.75
15,before,59,1,17,20,0.85
15,before,60,1,20,20,1.0
15,before,61,2,15,20,0.75
15,before,62,1,20,20,1.0
15,before,63,1,15,20,0.75
15,before,64,2,20,20,1.0
15,before,65,1,19,20,0.95
15,before,66,2,20,20,1.0
15,before,67,2,20,20,1.0
15,before,68,2,20,20,1.0
15,before,69,2,20,20,1.0
15,before,70,1,12,20,0.6
15,before,71,2,16,20,0.8
15,before,72,2,13,20,0.65
15,before,73,2,20,20,1.0
15,before,74,2,20,20,1.0
15,before,75,2,20,20,1.0
15,before,76,2,19,20,0.95
15,before,77,2,20,20,1.0
15,before,78,1,17,20,0.85
15,before,79,2,20,20,1.0
15,before,80,2,20,20,1.0
15,before,81,1,19,20,0.95
15,before,82,2,20,20,1.0
15,before,83,1,19,20,0.95
15,before,84,1,20,20,1.0
15,before,85,2,20,20,1.0
15,before,86,1,20,20,1.0
15,before,87,1,19,20,0.95
15,before,88,2,20,20,1.0
15,before,89,2,11,20,0.55
15,before,90,2,20,20,1.0
15,before,91,2,20,20,1.0
15,before,92,2,11,20,0.55
15,before,93,1,14,20,0.7
15,before,94,1,20,20,1.0
15,before,95,2,15,20,0.75
15,before,96,0,10,20,0.5
15,before,97,2,20,20,1.0
15,before,98,1,13,20,0.65
15,before,99,2,20,20,1.0
15,before,100,2,20,20,1.0
15,before,101,2,20,20,1.0
15,before,102,2,20,20,1.0
15,before,103,2,20,20,1.0
15,before,104,2,20,20,1.0
15,before,105,2,13,20,0.65
15,before,106,2,20,20,1.0
15,before,107,2,20,20,1.0
15,before,108,2,20,20,1.0
15,before,109,2,18,20,0.9
15,before,110,1,18,20,0.9
15,before,111,1,13,20,0.65
15,before,112,2,20,20,1.0
15,before,113,2,20,20,1.0
15,before,114,2,20,20,1.0
15,before,115,1,19,20,0.95
15,before,116,2,20,20,1.0
15,before,117,2,20,20,1.0
15,before,118,2,20,20,1.0
15,before,119,2,20,20,1.0
15,before,120,2,20,20,1.0
15,before,121,2,20,20,1.0
15,before,122,2,20,20,1.0
15,before,123,1,13,20,0.65
15,before,124,2,20,20,1.0
15,before,125,1,16,20,0.8
15,before,126,2,20,20,1.0
15,before,127,2,12,20,0.6
15,before,128,2,20,20,1.0
15,before,129,1,18,20,0.9
15,before,130,2,20,20,1.0
16,after,0,2,19,20,0.95
16,after,1,1,19,20,0.95
16,after,2,1,19,20,0.95
16,after,3,2,15,20,0.75
16,after,4,2,14,20,0.7
16,after,5,1,14,20,0.7
16,after,6,2,20,20,1.0
16,after,7,1,15,20,0.75
16,after,8,2,17,20,0.85
16,after,9,0,15,20,0.75
16,after,10,2,16,20,0.8
16,after,11,1,20,20,1.0
16,after,12,2,20,20,1.0
16,after,13,2,15,20,0.75
16,after,14,2,20,20,1.0
16,after,15,1,20,20,1.0
16,after,16,2,14,20,0.7
16,after,17,1,19,20,0.95
16,after,18,2,19,20,0.95
16,after,19,1,20,20,1.0
16,after,20,1,13,20,0.65
16,after,21,1,11,20,0.55
16,after,22,2,20,20,1.0
16,after,23,2,17,20,0.85
16,after,24,1,20,20,1.0
16,after,25,1,10,20,0.5
16,after,26,2,20,20,1.0
16,after,27,2,20,20,1.0
16,after,28,1,11,20,0.55
16,after,29,0,11,20,0.55
16,after,30,2,20,20,1.0
16,after,31,2,20,20,1.0
16,after,32,2,20,20,1.0
16,after,33,1,10,20,0.5
16,after,34,2,20,20,1.0
16,after,35,0,12,20,0.6
16,after,36,1,12,20,0.6
16,after,37,0,10,20,0.5
16,after,38,2,20,20,1.0
16,after,39,2,20,20,1.0
16,after,40,1,17,20,0.85
16,after,41,2,15,20,0.75
16,after,42,2,20,20,1.0
16,after,43,2,12,20,0.6
16,after,44,2,16,20,0.8
16,after,45,1,20,20,1.0
16,after,46,2,20,20,1.0
16,after,47,1,7,20,0.35
16,after,48,2,20,20,1.0
16,after,49,2,20,20,1.0
16,after,50,2,20,20,1.0
16,after,51,1,12,20,0.6
16,after,52,0,13,20,0.65
16,after,53,2,20,20,1.0
16,after,54,2,19,20,0.95
16,after,55,2,13,20,0.65
16,after,56,1,20,20,1.0
16,after,57,2,20,20,1.0
16,after,58,2,11,20,0.55
16,after,59,1,20,20,1.0
16,after,60,1,20,20,1.0
16,after,61,1,9,20,0.45
16,after,62,1,19,20,0.95
16,after,63,1,17,20,0.85
16,after,64,2,18,20,0.9
16,after,65,1,20,20,1.0
16,after,66,2,20,20,1.0
16,after,67,2,18,20,0.9
16,after,68,2,19,20,0.95
16,after,69,2,20,20,1.0
16,after,70,1,9,20,0.45
16,after,71,2,12,20,0.6
16,after,72,1,11,20,0.55
16,after,73,2,20,20,1.0
16,after,74,2,20,20,1.0
16,after,75,2,20,20,1.0
16,after,76,2,16,20,0.8
16,after,77,2,20,20,1.0
16,after,78,1,20,20,1.0
16,after,79,2,20,20,1.0
16,after,80,2,19,20,0.95
16,after,81,1,20,20,1.0
16,after,82,2,20,20,1.0
16,after,83,1,18,20,0.9
16,after,84,1,20,20,1.0
16,after,85,2,20,20,1.0
16,after,86,1,20,20,1.0
16,after,87,1,20,20,1.0
16,after,88,2,20,20,1.0
16,after,89,1,13,20,0.65
16,after,90,2,20,20,1.0
16,after,91,2,18,20,0.9
16,after,92,1,13,20,0.65
16,after,93,1,17,20,0.85
16,after,94,1,19,20,0.95
16,after,95,2,11,20,0.55
16,after,96,0,13,20,0.65
16,after,97,2,12,20,0.6
16,after,98,1,13,20,0.65
16,after,99,2,20,20,1.0
16,after,100,2,20,20,1.0
16,after,101,2,20,20,1.0
16,after,102,2,20,20,1.0
16,after,103,2,16,20,0.8
16,after,104,2,19,20,0.95
16,after,105,1,13,20,0.65
16,after,106,2,19,20,0.95
16,after,107,2,20,20,1.0
16,after,108,2,20,20,1.0
16,after,109,2,18,20,0.9
16,after,110,1,18,20,0.9
16,after,111,1,12,20,0.6
16,after,112,2,15,20,0.75
16,after,113,2,16,20,0.8
16,after,114,2,20,20,1.0
16,after,115,1,16,20,0.8
16,after,116,2,20,20,1.0
16,after,117,2,20,20,1.0
16,after,118,2,20,20,1.0
16,after,119,2,20,20,1.0
16,after,120,2,18,20,0.9
16,after,121,2,20,20,1.0
16,after,122,2,20,20,1.0
16,after,123,1,18,20,0.9
16,after,124,2,20,20,1.0
16,after,125,1,18,20,0.9
16,after,126,2,20,20,1.0
16,after,127,0,12,20,0.6
16,after,128,2,20,20,1.0
16,after,129,1,20,20,1.0
16,after,130,2,20,20,1.0
16,before,0,2,20,20,1.0
16,before,1,1,20,20,1.0
16,before,2,1,20,20,1.0
16,before,3,2,20,20,1.0
16,before,4,2,18,20,0.9
16,before,5,1,16,20,0.8
16,before,6,2,20,20,1.0
16,before,7,0,10,20,0.5
16,before,8,2,20,20,1.0
16,before,9,0,19,20,0.95
16,before,10,2,16,20,0.8
16,before,11,1,19,20,0.95
16,before,12,2,20,20,1.0
16,before,13,2,17,20,0.85
16,before,14,2,20,20,1.0
16,before,15,1,20,20,1.0
16,before,16,2,13,20,0.65
16,before,17,1,18,20,0.9
16,before,18,2,16,20,0.8
16,before,19,1,20,20,1.0
16,before,20,1,14,20,0.7
16,before,21,2,14,20,0.7
16,before,22,2,20,20,1.0
16,before,23,2,20,20,1.0
16,before,24,1,20,20,1.0
16,before,25,1,12,20,0.6
16,before,26,2,20,20,1.0
16,before,27,2,20,20,1.0
16,before,28,2,11,20,0.55
16,before,29,0,10,20,0.5
16,before,30,2,20,20,1.0
16,before,31,2,20,20,1.0
16,before,32,2,20,20,1.0
16,before,33,2,10,20,0.5
16,before,34,2,20,20,1.0
16,before,35,0,11,20,0.55
16,before,36,1,10,20,0.5
16,before,37,0,10,20,0.5
16,before,38,2,20,20,1.0
16,before,39,2,20,20,1.0
16,before,40,1,17,20,0.85
16,before,41,2,19,20,0.95
16,before,42,2,20,20,1.0
16,before,43,2,17,20,0.85
16,before,44,2,20,20,1.0
16,before,45,1,20,20,1.0
16,before,46,2,20,20,1.0
16,before,47,2,15,20,0.75
16,before,48,2,20,20,1.0
16,before,49,2,20,20,1.0
16,before,50,2,20,20,1.0
16,before,51,2,13,20,0.65
16,before,52,0,12,20,0.6
16,before,53,2,20,20,1.0
16,before,54,2,20,20,1.0
16,before,55,2,20,20,1.0
16,before,56,1,20,20,1.0
16,before,57,2,20,20,1.0
16,before,58,2,11,20,0.55
16,before,59,1,19,20,0.95
16,before,60,1,20,20,1.0
16,before,61,2,13,20,0.65
16,before,62,1,19,20,0.95
16,before,63,0,10,20,0.5
16,before,64,2,16,20,0.8
16,before,65,1,20,20,1.0
16,before,66,2,20,20,1.0
16,before,67,2,20,20,1.0
16,before,68,2,20,20,1.0
16,before,69,2,20,20,1.0
16,before,70,2,11,20,0.55
16,before,71,2,20,20,1.0
16,before,72,1,10,20,0.5
16,before,73,2,20,20,1.0
16,before,74,2,20,20,1.0
16,before,75,2,20,20,1.0
16,before,76,2,20,20,1.0
16,before,77,2,20,20,1.0
16,before,78,1,20,20,1.0
16,before,79,2,20,20,1.0
16,before,80,2,20,20,1.0
16,before,81,1,19,20,0.95
16,before,82,2,20,20,1.0
16,before,83,1,19,20,0.95
16,before,84,1,20,20,1.0
16,before,85,2,20,20,1.0
16,before,86,1,19,20,0.95
16,before,87,1,19,20,0.95
16,before,88,2,20,20,1.0
16,before,89,1,13,20,0.65
16,before,90,2,20,20,1.0
16,before,91,2,20,20,1.0
16,before,92,1,12,20,0.6
16,before,93,1,19,20,0.95
16,before,94,1,20,20,1.0
16,before,95,2,10,20,0.5
16,before,96,0,11,20,0.55
16,before,97,2,16,20,0.8
16,before,98,1,11,20,0.55
16,before,99,2,20,20,1.0
16,before,100,2,20,20,1.0
16,before,101,2,20,20,1.0
16,before,102,2,20,20,1.0
16,before,103,2,20,20,1.0
16,before,104,2,20,20,1.0
16,before,105,1,13,20,0.65
16,before,106,2,20,20,1.0
16,before,107,2,20,20,1.0
16,before,108,2,20,20,1.0
16,before,109,2,16,20,0.8
16,before,110,1,20,20,1.0
16,before,111,0,10,20,0.5
16,before,112,2,19,20,0.95
16,before,113,2,20,20,1.0
16,before,114,2,20,20,1.0
16,before,115,1,17,20,0.85
16,before,116,2,20,20,1.0
16,before,117,2,20,20,1.0
16,before,118,2,20,20,1.0
16,before,119,2,20,20,1.0
16,before,120,2,20,20,1.0
16,before,121,2,20,20,1.0
16,before,122,2,20,20,1.0
16,before,123,1,20,20,1.0
16,before,124,2,20,20,1.0
16,before,125,1,14,20,0.7
16,before,126,2,20,20,1.0
16,before,127,0,10,20,0.5
16,before,128,2,20,20,1.0
16,before,129,1,19,20,0.95
16,before,130,2,20,20,1.0
17,after,0,2,19,20,0.95
17,after,1,1,20,20,1.0
17,after,2,1,16,20,0.8
17,after,3,2,17,20,0.85
17,after,4,2,18,20,0.9
17,after,5,1,17,20,0.85
17,after,6,2,20,20,1.0
17,after,7,1,18,20,0.9
17,after,8,2,19,20,0.95
17,after,9,0,19,20,0.95
17,after,10,2,20,20,1.0
17,after,11,1,20,20,1.0
17,after,12,2,20,20,1.0
17,after,13,2,18,20,0.9
17,after,14,2,20,20,1.0
17,after,15,1,20,20,1.0
17,after,16,2,18,20,0.9
17,after,17,1,19,20,0.95
17,after,18,2,20,20,1.0
17,after,19,1,20,20,1.0
17,after,20,1,13,20,0.65
17,after,21,2,10,20,0.5
17,after,22,2,20,20,1.0
17,after,23,2,19,20,0.95
17,after,24,1,20,20,1.0
17,after,25,2,10,20,0.5
17,after,26,2,20,20,1.0
17,after,27,2,20,20,1.0
17,after,28,2,12,20,0.6
17,after,29,1,12,20,0.6
17,after,30,2,19,20,0.95
17,after,31,2,20,20,1.0
17,after,32,2,20,20,1.0
17,after,33,2,11,20,0.55
17,after,34,2,20,20,1.0
17,after,35,0,14,20,0.7
17,after,36,1,14,20,0.7
17,after,37,1,11,20,0.55
17,after,38,2,20,20,1.0
17,after,39,2,20,20,1.0
17,after,40,1,12,20,0.6
17,after,41,2,18,20,0.9
17,after,42,2,20,20,1.0
17,after,43,2,14,20,0.7
17,after,44,2,18,20,0.9
17,after,45,1,20,20,1.0
17,after,46,2,20,20,1.0
17,after,47,2,15,20,0.75
17,after,48,2,20,20,1.0
17,after,49,2,20,20,1.0
17,after,50,2,20,20,1.0
17,after,51,2,11,20,0.55
17,after,52,0,10,20,0.5
17,after,53,2,20,20,1.0
17,after,54,2,20,20,1.0
17,after,55,2,15,20,0.75
17,after,56,1,20,20,1.0
17,after,57,2,20,20,1.0
17,after,58,2,14,20,0.7
17,after,59,1,19,20,0.95
17,after,60,1,20,20,1.0
17,after,61,2,11,20,0.55
17,after,62,1,18,20,0.9
17,after,63,1,18,20,0.9
17,after,64,2,17,20,0.85
17,after,65,1,20,20,1.0
17,after,66,2,20,20,1.0
17,after,67,2,20,20,1.0
17,after,68,2,18,20,0.9
17,after,69,2,20,20,1.0
17,after,70,0,9,20,0.45
17,after,71,2,13,20,0.65
17,after,72,2,12,20,0.6
17,after,73,2,20,20,1.0
17,after,74,2,20,20,1.0
17,after,75,2,20,20,1.0
17,after,76,2,16,20,0.8
17,after,77,2,20,20,1.0
17,after,78,1,19,20,0.95
17,after,79,2,20,20,1.0
17,after,80,2,20,20,1.0
17,after,81,1,19,20,0.95
17,after,82,2,20,20,1.0
17,after,83,1,18,20,0.9
17,after,84,1,20,20,1.0
17,after,85,2,20,20,1.0
17,after,86,1,19,20,0.95
17,after,87,1,20,20,1.0
17,after,88,2,20,20,1.0
17,after,89,1,10,20,0.5
17,after,90,2,20,20,1.0
17,after,91,2,20,20,1.0
17,after,92,1,10,20,0.5
17,after,93,1,15,20,0.75
17,after,94,1,18,20,0.9
17,after,95,2,15,20,0.75
17,after,96,0,15,20,0.75
17,after,97,2,19,20,0.95
17,after,98,1,13,20,0.65
17,after,99,2,20,20,1.0
17,after,100,2,20,20,1.0
17,after,101,2,19,20,0.95
17,after,102,2,20,20,1.0
17,after,103,2,19,20,0.95
17,after,104,2,20,20,1.0
17,after,105,1,11,20,0.55
17,after,106,2,20,20,1.0
17,after,107,2,20,20,1.0
17,after,108,2,20,20,1.0
17,after,109,2,19,20,0.95
17,after,110,1,17,20,0.85
17,after,111,1,17,20,0.85
17,after,112,2,15,20,0.75
17,after,113,2,20,20,1.0
17,after,114,2,20,20,1.0
17,after,115,1,17,20,0.85
17,after,116,2,20,20,1.0
17,after,117,2,20,20,1.0
17,after,118,2,20,20,1.0
17,after,119,2,20,20,1.0
17,after,120,2,20,20,1.0
17,after,121,2,20,20,1.0
17,after,122,2,20,20,1.0
17,after,123,1,17,20,0.85
17,after,124,2,20,20,1.0
17,after,125,1,19,20,0.95
17,after,126,2,20,20,1.0
17,after,127,0,9,20,0.45
17,after,128,2,20,20,1.0
17,after,129,1,18,20,0.9
17,after,130,2,20,20,1.0
17,before,0,2,18,20,0.9
17,before,1,1,19,20,0.95
17,before,2,1,19,20,0.95
17,before,3,2,14,20,0.7
17,before,4,2,14,20,0.7
17,before,5,2,12,20,0.6
17,before,6,2,20,20,1.0
17,before,7,1,12,20,0.6
17,before,8,2,17,20,0.85
17,before,9,0,12,20,0.6
17,before,10,2,18,20,0.9
17,before,11,1,19,20,0.95
17,before,12,2,20,20,1.0
17,before,13,2,20,20,1.0
17,before,14,2,20,20,1.0
17,before,15,1,19,20,0.95
17,before,16,2,12,20,0.6
17,before,17,1,19,20,0.95
17,before,18,2,20,20,1.0
17,before,19,1,19,20,0.95
17,before,20,1,12,20,0.6
17,before,21,2,8,20,0.4
17,before,22,2,20,20,1.0
17,before,23,2,15,20,0.75
17,before,24,1,19,20,0.95
17,before,25,2,10,20,0.5
17,before,26,2,20,20,1.0
17,before,27,2,20,20,1.0
17,before,28,2,20,20,1.0
17,before,29,1,12,20,0.6
17,before,30,2,20,20,1.0
17,before,31,2,20,20,1.0
17,before,32,2,20,20,1.0
17,before,33,2,11,20,0.55
17,before,34,2,20,20,1.0
17,before,35,0,10,20,0.5
17,before,36,2,10,20,0.5
17,before,37,1,13,20,0.65
17,before,38,2,20,20,1.0
17,before,39,2,20,20,1.0
17,before,40,1,13,20,0.65
17,before,41,2,19,20,0.95
17,before,42,2,20,20,1.0
17,before,43,2,17,20,0.85
17,before,44,2,19,20,0.95
17,before,45,1,20,20,1.0
17,before,46,2,20,20,1.0
17,before,47,2,11,20,0.55
17,before,48,2,20,20,1.0
17,before,49,2,20,20,1.0
17,before,50,2,20,20,1.0
17,before,51,2,10,20,0.5
17,before,52,0,10,20,0.5
17,before,53,2,20,20,1.0
17,before,54,2,20,20,1.0
17,before,55,2,20,20,1.0
17,before,56,1,19,20,0.95
17,before,57,2,20,20,1.0
17,before,58,2,19,20,0.95
17,before,59,1,18,20,0.9
17,before,60,1,19,20,0.95
17,before,61,2,8,20,0.4
17,before,62,1,15,20,0.75
17,before,63,1,19,20,0.95
17,before,64,2,20,20,1.0
17,before,65,1,19,20,0.95
17,before,66,2,20,20,1.0
17,before,67,2,20,20,1.0
17,before,68,2,18,20,0.9
17,before,69,2,20,20,1.0
17,before,70,2,11,20,0.55
17,before,71,2,14,20,0.7
17,before,72,2,15,20,0.75
17,before,73,2,20,20,1.0
17,before,74,2,20,20,1.0
17,before,75,2,20,20,1.0
17,before,76,2,14,20,0.7
17,before,77,2,20,20,1.0
17,before,78,1,18,20,0.9
17,before,79,2,20,20,1.0
17,before,80,2,20,20,1.0
17,before,81,1,19,20,0.95
17,before,82,2,20,20,1.0
17,before,83,1,13,20,0.65
17,before,84,1,19,20,0.95
17,before,85,2,20,20,1.0
17,before,86,1,19,20,0.95
17,before,87,1,19,20,0.95
17,before,88,2,20,20,1.0
17,before,89,1,10,20,0.5
17,before,90,2,20,20,1.0
17,before,91,2,20,20,1.0
17,before,92,2,16,20,0.8
17,before,93,1,17,20,0.85
17,before,94,1,20,20,1.0
17,before,95,2,14,20,0.7
17,before,96,0,16,20,0.8
17,before,97,2,18,20,0.9
17,before,98,1,11,20,0.55
17,before,99,2,20,20,1.0
17,before,100,2,20,20,1.0
17,before,101,2,20,20,1.0
17,before,102,2,20,20,1.0
17,before,103,2,20,20,1.0
17,before,104,2,20,20,1.0
17,before,105,1,13,20,0.65
17,before,106,2,20,20,1.0
17,before,107,2,19,20,0.95
17,before,108,2,20,20,1.0
17,before,109,2,18,20,0.9
17,before,110,1,15,20,0.75
17,before,111,1,11,20,0.55
17,before,112,2,18,20,0.9
17,before,113,2,18,20,0.9
17,before,114,2,20,20,1.0
17,before,115,1,18,20,0.9
17,before,116,2,20,20,1.0
17,before,117,2,19,20,0.95
17,before,118,2,20,20,1.0
17,before,119,2,20,20,1.0
17,before,120,2,20,20,1.0
17,before,121,2,19,20,0.95
17,before,122,2,20,20,1.0
17,before,123,1,19,20,0.95
17,before,124,2,20,20,1.0
17,before,125,1,19,20,0.95
17,before,126,2,20,20,1.0
17,before,127,2,10,20,0.5
17,before,128,2,20,20,1.0
17,before,129,1,18,20,0.9
17,before,130,2,20,20,1.0
18,after,0,2,19,20,0.95
18,after,1,1,20,20,1.0
18,after,2,1,11,20,0.55
18,after,3,0,12,20,0.6
18,after,4,2,15,20,0.75
18,after,5,1,19,20,0.95
18,after,6,2,20,20,1.0
18,after,7,1,18,20,0.9
18,after,8,2,17,20,0.85
18,after,9,0,20,20,1.0
18,after,10,2,18,20,0.9
18,after,11,1,19,20,0.95
18,after,12,2,20,20,1.0
18,after,13,2,19,20,0.95
18,after,14,2,20,20,1.0
18,after,15,1,20,20,1.0
18,after,16,2,12,20,0.6
18,after,17,1,16,20,0.8
18,after,18,2,19,20,0.95
18,after,19,1,20,20,1.0
18,after,20,1,17,20,0.85
18,after,21,2,10,20,0.5
18,after,22,2,20,20,1.0
18,after,23,2,18,20,0.9
18,after,24,1,20,20,1.0
18,after,25,0,15,20,0.75
18,after,26,2,20,20,1.0
18,after,27,2,20,20,1.0
18,after,28,2,11,20,0.55
18,after,29,0,12,20,0.6
18,after,30,2,20,20,1.0
18,after,31,2,20,20,1.0
18,after,32,2,20,20,1.0
18,after,33,1,15,20,0.75
18,after,34,2,20,20,1.0
18,after,35,0,15,20,0.75
18,after,36,2,12,20,0.6
18,after,37,0,16,20,0.8
18,after,38,2,20,20,1.0
18,after,39,2,20,20,1.0
18,after,40,1,11,20,0.55
18,after,41,2,19,20,0.95
18,after,42,2,19,20,0.95
18,after,43,2,10,20,0.5
18,after,44,2,18,20,0.9
18,after,45,1,20,20,1.0
18,after,46,2,20,20,1.0
18,after,47,2,11,20,0.55
18,after,48,2,20,20,1.0
18,after,49,2,20,20,1.0
18,after,50,2,20,20,1.0
18,after,51,1,12,20,0.6
18,after,52,0,17,20,0.85
18,after,53,2,20,20,1.0
18,after,54,2,19,20,0.95
18,after,55,2,12,20,0.6
18,after,56,1,20,20,1.0
18,after,57,2,20,20,1.0
18,after,58,1,11,20,0.55
18,after,59,1,20,20,1.0
18,after,60,1,20,20,1.0
18,after,61,1,9,20,0.45
18,after,62,1,20,20,1.0
18,after,63,1,19,20,0.95
18,after,64,2,17,20,0.85
18,after,65,1,20,20,1.0
18,after,66,2,20,20,1.0
18,after,67,2,18,20,0.9
18,after,68,2,19,20,0.95
18,after,69,2,19,20,0.95
18,after,70,0,17,20,0.85
18,after,71,0,9,20,0.45
18,after,72,1,13,20,0.65
18,after,73,2,20,20,1.0
18,after,74,2,20,20,1.0
18,after,75,2,18,20,0.9
18,after,76,2,12,20,0.6
18,after,77,2,20,20,1.0
18,after,78,1,20,20,1.0
18,after,79,2,20,20,1.0
18,after,80,2,20,20,1.0
18,after,81,1,20,20,1.0
18,after,82,2,20,20,1.0
18,after,83,1,12,20,0.6
18,after,84,1,17,20,0.85
18,after,85,2,20,20,1.0
18,after,86,1,20,20,1.0
18,after,87,1,19,20,0.95
18,after,88,2,20,20,1.0
18,after,89,1,17,20,0.85
18,after,90,2,19,20,0.95
18,after,91,2,19,20,0.95
18,after,92,1,16,20,0.8
18,after,93,1,16,20,0.8
18,after,94,1,20,20,1.0
18,after,95,2,10,20,0.5
18,after,96,0,14,20,0.7
18,after,97,2,17,20,0.85
18,after,98,1,16,20,0.8
18,after,99,2,19,20,0.95
18,after,100,2,20,20,1.0
18,after,101,2,19,20,0.95
18,after,102,2,20,20,1.0
18,after,103,2,16,20,0.8
18,after,104,2,19,20,0.95
18,after,105,2,12,20,0.6
18,after,106,2,19,20,0.95
18,after,107,2,20,20,1.0
18,after,108,2,20,20,1.0
18,after,109,2,19,20,0.95
18,after,110,1,19,20,0.95
18,after,111,1,12,20,0.6
18,after,112,2,16,20,0.8
18,after,113,2,18,20,0.9
18,after,114,2,20,20,1.0
18,after,115,1,14,20,0.7
18,after,116,2,20,20,1.0
18,after,117,2,20,20,1.0
18,after,118,2,19,20,0.95
18,after,119,2,20,20,1.0
18,after,120,2,20,20,1.0
18,after,121,2,20,20,1.0
18,after,122,2,20,20,1.0
18,after,123,1,20,20,1.0
18,after,124,2,20,20,1.0
18,after,125,1,20,20,1.0
18,after,126,2,20,20,1.0
18,after,127,0,17,20,0.85
18,after,128,2,20,20,1.0
18,after,129,1,19,20,0.95
18,after,130,2,20,20,1.0
18,before,0,2,20,20,1.0
18,before,1,1,18,20,0.9
18,before,2,1,19,20,0.95
18,before,3,2,18,20,0.9
18,before,4,2,20,20,1.0
18,before,5,1,18,20,0.9
18,before,6,2,20,20,1.0
18,before,7,1,20,20,1.0
18,before,8,2,20,20,1.0
18,before,9,0,14,20,0.7
18,before,10,2,20,20,1.0
18,before,11,1,20,20,1.0
18,before,12,2,20,20,1.0
18,before,13,2,20,20,1.0
18,before,14,2,20,20,1.0
18,before,15,1,20,20,1.0
18,before,16,2,20,20,1.0
18,before,17,1,19,20,0.95
18,before,18,2,20,20,1.0
18,before,19,1,20,20,1.0
18,before,20,1,17,20,0.85
18,before,21,2,12,20,0.6
18,before,22,2,20,20,1.0
18,before,23,2,20,20,1.0
18,before,24,1,20,20,1.0
18,before,25,1,10,20,0.5
18,before,26,2,20,20,1.0
18,before,27,2,20,20,1.0
18,before,28,2,11,20,0.55
18,before,29,0,12,20,0.6
18,before,30,2,20,20,1.0
18,before,31,2,20,20,1.0
18,before,32,2,20,20,1.0
18,before,33,2,10,20,0.5
18,before,34,2,20,20,1.0
18,before,35,0,10,20,0.5
18,before,36,2,11,20,0.55
18,before,37,0,15,20,0.75
18,before,38,2,20,20,1.0
18,before,39,2,20,20,1.0
18,before,40,1,14,20,0.7
18,before,41,2,20,20,1.0
18,before,42,2,20,20,1.0
18,before,43,1,12,20,0.6
18,before,44,2,20,20,1.0
18,before,45,1,20,20,1.0
18,before,46,2,20,20,1.0
18,before,47,2,17,20,0.85
18,before,48,2,20,20,1.0
18,before,49,2,20,20,1.0
18,before,50,2,20,20,1.0
18,before,51,1,12,20,0.6
18,before,52,0,17,20,0.85
18,before,53,2,20,20,1.0
18,before,54,2,20,20,1.0
18,before,55,2,20,20,1.0
18,before,56,1,20,20,1.0
18,before,57,2,20,20,1.0
18,before,58,1,11,20,0.55
18,before,59,1,18,20,0.9
18,before,60,1,20,20,1.0
18,before,61,2,12,20,0.6
18,before,62,1,20,20,1.0
18,before,63,1,20,20,1.0
18,before,64,2,19,20,0.95
18,before,65,1,20,20,1.0
18,before,66,2,20,20,1.0
18,before,67,2,20,20,1.0
18,before,68,2,20,20,1.0
18,before,69,2,20,20,1.0
18,before,70,0,11,20,0.55
18,before,71,2,18,20,0.9
18,before,72,1,15,20,0.75
18,before,73,2,20,20,1.0
18,before,74,2,20,20,1.0
18,before,75,2,20,20,1.0
18,before,76,2,20,20,1.0
18,before,77,2,20,20,1.0
18,before,78,1,17,20,0.85
18,before,79,2,20,20,1.0
18,before,80,2,20,20,1.0
18,before,81,1,19,20,0.95
18,before,82,2,20,20,1.0
18,before,83,1,18,20,0.9
18,before,84,1,20,20,1.0
18,before,85,2,20,20,1.0
18,before,86,1,19,20,0.95
18,before,87,1,20,20,1.0
18,before,88,2,20,20,1.0
18,before,89,1,17,20,0.85
18,before,90,2,20,20,1.0
18,before,91,2,20,20,1.0
18,before,92,1,13,20,0.65
18,before,93,1,17,20,0.85
18,before,94,1,20,20,1.0
18,before,95,0,12,20,0.6
18,before,96,1,10,20,0.5
18,before,97,2,20,20,1.0
18,before,98,1,12,20,0.6
18,before,99,2,20,20,1.0
18,before,100,2,20,20,1.0
18,before,101,2,20,20,1.0
18,before,102,2,20,20,1.0
18,before,103,2,20,20,1.0
18,before,104,2,20,20,1.0
18,before,105,2,17,20,0.85
18,before,106,2,20,20,1.0
18,before,107,2,20,20,1.0
18,before,108,2,20,20,1.0
18,before,109,2,20,20,1.0
18,before,110,1,18,20,0.9
18,before,111,1,19,20,0.95
18,before,112,2,15,20,0.75
18,before,113,2,19,20,0.95
18,before,114,2,20,20,1.0
18,before,115,1,20,20,1.0
18,before,116,2,20,20,1.0
18,before,117,2,20,20,1.0
18,before,118,2,20,20,1.0
18,before,119,2,20,20,1.0
18,before,120,2,20,20,1.0
18,before,121,2,20,20,1.0
18,before,122,2,20,20,1.0
18,before,123,1,20,20,1.0
18,before,124,2,20,20,1.0
18,before,125,1,17,20,0.85
18,before,126,2,20,20,1.0
18,before,127,0,15,20,0.75
18,before,128,2,20,20,1.0
18,before,129,1,18,20,0.9
18,before,130,2,20,20,1.0
19,after,0,2,19,20,0.95
19,after,1,1,20,20,1.0
19,after,2,0,16,20,0.8
19,after,3,0,17,20,0.85
19,after,4,2,16,20,0.8
19,after,5,1,18,20,0.9
19,after,6,2,20,20,1.0
19,after,7,1,18,20,0.9
19,after,8,2,20,20,1.0
19,after,9,0,19,20,0.95
19,after,10,2,19,20,0.95
19,after,11,1,20,20,1.0
19,after,12,2,20,20,1.0
19,after,13,2,19,20,0.95
19,after,14,2,20,20,1.0
19,after,15,1,20,20,1.0
19,after,16,2,13,20,0.65
19,after,17,1,19,20,0.95
19,after,18,2,19,20,0.95
19,after,19,1,20,20,1.0
19,after,20,1,20,20,1.0
19,after,21,1,15,20,0.75
19,after,22,2,20,20,1.0
19,after,23,2,19,20,0.95
19,after,24,1,20,20,1.0
19,after,25,0,20,20,1.0
19,after,26,2,20,20,1.0
19,after,27,2,20,20,1.0
19,after,28,1,14,20,0.7
19,after,29,0,12,20,0.6
19,after,30,2,20,20,1.0
19,after,31,2,20,20,1.0
19,after,32,2,20,20,1.0
19,after,33,1,16,20,0.8
19,after,34,2,20,20,1.0
19,after,35,0,15,20,0.75
19,after,36,1,11,20,0.55
19,after,37,0,20,20,1.0
19,after,38,2,20,20,1.0
19,after,39,2,20,20,1.0
19,after,40,0,14,20,0.7
19,after,41,2,19,20,0.95
19,after,42,2,20,20,1.0
19,after,43,1,12,20,0.6
19,after,44,2,15,20,0.75
19,after,45,1,20,20,1.0
19,after,46,2,20,20,1.0
19,after,47,0,11,20,0.55
19,after,48,2,20,20,1.0
19,after,49,2,20,20,1.0
19,after,50,2,20,20,1.0
19,after,51,1,14,20,0.7
19,after,52,0,20,20,1.0
19,after,53,2,20,20,1.0
19,after,54,2,20,20,1.0
19,after,55,2,11,20,0.55
19,after,56,1,20,20,1.0
19,after,57,2,20,20,1.0
19,after,58,1,16,20,0.8
19,after,59,1,20,20,1.0
19,after,60,1,20,20,1.0
19,after,61,1,9,20,0.45
19,after,62,1,19,20,0.95
19,after,63,1,20,20,1.0
19,after,64,2,19,20,0.95
19,after,65,1,20,20,1.0
19,after,66,2,20,20,1.0
19,after,67,2,19,20,0.95
19,after,68,2,19,20,0.95
19,after,69,2,20,20,1.0
19,after,70,0,20,20,1.0
19,after,71,2,10,20,0.5
19,after,72,1,17,20,0.85
19,after,73,2,20,20,1.0
19,after,74,2,20,20,1.0
19,after,75,2,20,20,1.0
19,after,76,2,16,20,0.8
19,after,77,2,20,20,1.0
19,after,78,1,20,20,1.0
19,after,79,2,20,20,1.0
19,after,80,2,20,20,1.0
19,after,81,1,20,20,1.0
19,after,82,2,20,20,1.0
19,after,83,1,14,20,0.7
19,after,84,1,18,20,0.9
19,after,85,2,20,20,1.0
19,after,86,1,20,20,1.0
19,after,87,1,19,20,0.95
19,after,88,2,20,20,1.0
19,after,89,1,19,20,0.95
19,after,90,2,20,20,1.0
19,after,91,2,20,20,1.0
19,after,92,1,18,20,0.9
19,after,93,1,19,20,0.95
19,after,94,1,20,20,1.0
19,after,95,0,12,20,0.6
19,after,96,0,14,20,0.7
19,after,97,2,18,20,0.9
19,after,98,1,15,20,0.75
19,after,99,2,20,20,1.0
19,after,100,2,20,20,1.0
19,after,101,2,19,20,0.95
19,after,102,2,20,20,1.0
19,after,103,2,17,20,0.85
19,after,104,2,17,20,0.85
19,after,105,1,10,20,0.5
19,after,106,2,20,20,1.0
19,after,107,2,20,20,1.0
19,after,108,2,20,20,1.0
19,after,109,2,20,20,1.0
19,after,110,1,18,20,0.9
19,after,111,1,18,20,0.9
19,after,112,2,14,20,0.7
19,after,113,2,19,20,0.95
19,after,114,2,20,20,1.0
19,after,115,1,12,20,0.6
19,after,116,2,20,20,1.0
19,after,117,2,19,20,0.95
19,after,118,2,19,20,0.95
19,after,119,2,20,20,1.0
19,after,120,2,20,20,1.0
19,after,121,2,20,20,1.0
19,after,122,2,20,20,1.0
19,after,123,1,19,20,0.95
19,after,124,2,20,20,1.0
19,after,125,1,20,20,1.0
19,after,126,2,20,20,1.0
19,after,127,0,20,20,1.0
19,after,128,2,20,20,1.0
19,after,129,1,18,20,0.9
19,after,130,2,20,20,1.0
19,before,0,2,17,20,0.85
19,before,1,1,16,20,0.8
19,before,2,1,11,20,0.55
19,before,3,0,11,20,0.55
19,before,4,2,13,20,0.65
19,before,5,1,19,20,0.95
19,before,6,2,20,20,1.0
19,before,7,1,12,20,0.6
19,before,8,2,17,20,0.85
19,before,9,0,20,20,1.0
19,before,10,2,20,20,1.0
19,before,11,1,16,20,0.8
19,before,12,2,20,20,1.0
19,before,13,2,20,20,1.0
19,before,14,2,20,20,1.0
19,before,15,1,19,20,0.95
19,before,16,1,11,20,0.55
19,before,17,1,12,20,0.6
19,before,18,2,20,20,1.0
19,before,19,1,20,20,1.0
19,before,20,1,19,20,0.95
19,before,21,2,12,20,0.6
19,before,22,2,20,20,1.0
19,before,23,2,20,20,1.0
19,before,24,1,18,20,0.9
19,before,25,0,17,20,0.85
19,before,26,2,20,20,1.0
19,before,27,2,20,20,1.0
19,before,28,1,11,20,0.55
19,before,29,1,11,20,0.55
19,before,30,2,20,20,1.0
19,before,31,2,20,20,1.0
19,before,32,2,20,20,1.0
19,before,33,2,10,20,0.5
19,before,34,2,20,20,1.0
19,before,35,0,19,20,0.95
19,before,36,2,17,20,0.85
19,before,37,0,17,20,0.85
19,before,38,2,20,20,1.0
19,before,39,2,20,20,1.0
19,before,40,1,11,20,0.55
19,before,41,2,19,20,0.95
19,before,42,2,20,20,1.0
19,before,43,1,10,20,0.5
19,before,44,2,14,20,0.7
19,before,45,1,20,20,1.0
19,before,46,2,20,20,1.0
19,before,47,2,19,20,0.95
19,before,48,2,20,20,1.0
19,before,49,2,20,20,1.0
19,before,50,2,18,20,0.9
19,before,51,2,15,20,0.75
19,before,52,0,20,20,1.0
19,before,53,2,20,20,1.0
19,before,54,2,20,20,1.0
19,before,55,2,15,20,0.75
19,before,56,1,18,20,0.9
19,before,57,2,20,20,1.0
19,before,58,1,11,20,0.55
19,before,59,1,14,20,0.7
19,before,60,1,20,20,1.0
19,before,61,2,12,20,0.6
19,before,62,1,19,20,0.95
19,before,63,1,13,20,0.65
19,before,64,2,20,20,1.0
19,before,65,1,18,20,0.9
19,before,66,2,20,20,1.0
19,before,67,2,20,20,1.0
19,before,68,2,16,20,0.8
19,before,69,2,20,20,1.0
19,before,70,0,19,20,0.95
19,before,71,2,12,20,0.6
19,before,72,1,16,20,0.8
19,before,73,2,20,20,1.0
19,before,74,2,20,20,1.0
19,before,75,2,13,20,0.65
19,before,76,0,9,20,0.45
19,before,77,2,20,20,1.0
19,before,78,1,15,20,0.75
19,before,79,2,20,20,1.0
19,before,80,2,20,20,1.0
19,before,81,1,15,20,0.75
19,before,82,2,20,20,1.0
19,before,83,0,11,20,0.55
19,before,84,1,12,20,0.6
19,before,85,2,20,20,1.0
19,before,86,1,15,20,0.75
19,before,87,1,16,20,0.8
19,before,88,2,20,20,1.0
19,before,89,1,20,20,1.0
19,before,90,2,15,20,0.75
19,before,91,2,19,20,0.95
19,before,92,1,13,20,0.65
19,before,93,1,19,20,0.95
19,before,94,1,20,20,1.0
19,before,95,0,11,20,0.55
19,before,96,0,16,20,0.8
19,before,97,2,20,20,1.0
19,before,98,1,11,20,0.55
19,before,99,2,20,20,1.0
19,before,100,2,20,20,1.0
19,before,101,2,20,20,1.0
19,before,102,2,20,20,1.0
19,before,103,2,13,20,0.65
19,before,104,2,20,20,1.0
19,before,105,2,19,20,0.95
19,before,106,2,20,20,1.0
19,before,107,2,20,20,1.0
19,before,108,2,20,20,1.0
19,before,109,2,20,20,1.0
19,before,110,1,19,20,0.95
19,before,111,1,11,20,0.55
19,before,112,2,20,20,1.0
19,before,113,2,20,20,1.0
19,before,114,2,20,20,1.0
19,before,115,1,11,20,0.55
19,before,116,2,20,20,1.0
19,before,117,2,20,20,1.0
19,before,118,2,20,20,1.0
19,before,119,2,20,20,1.0
19,before,120,2,18,20,0.9
19,before,121,2,19,20,0.95
19,before,122,2,20,20,1.0
19,before,123,1,20,20,1.0
19,before,124,2,20,20,1.0
19,before,125,1,17,20,0.85
19,before,126,2,20,20,1.0
19,before,127,0,20,20,1.0
19,before,128,2,20,20,1.0
19,before,129,1,15,20,0.75
19,before,130,2,20,20,1.0
20,after,0,2,20,20,1.0
20,after,1,1,19,20,0.95
20,after,2,0,17,20,0.85
20,after,3,0,19,20,0.95
20,after,4,2,13,20,0.65
20,after,5,1,20,20,1.0
20,after,6,2,20,20,1.0
20,after,7,1,19,20,0.95
20,after,8,2,20,20,1.0
20,after,9,0,20,20,1.0
20,after,10,2,16,20,0.8
20,after,11,1,20,20,1.0
20,after,12,2,20,20,1.0
20,after,13,2,18,20,0.9
20,after,14,2,20,20,1.0
20,after,15,1,19,20,0.95
20,after,16,2,17,20,0.85
20,after,17,1,13,20,0.65
20,after,18,2,20,20,1.0
20,after,19,1,19,20,0.95
20,after,20,1,20,20,1.0
20,after,21,1,16,20,0.8
20,after,22,2,19,20,0.95
20,after,23,2,20,20,1.0
20,after,24,1,19,20,0.95
20,after,25,0,20,20,1.0
20,after,26,2,20,20,1.0
20,after,27,2,20,20,1.0
20,after,28,1,14,20,0.7
20,after,29,0,12,20,0.6
20,after,30,2,20,20,1.0
20,after,31,2,20,20,1.0
20,after,32,2,20,20,1.0
20,after,33,1,14,20,0.7
20,after,34,2,20,20,1.0
20,after,35,0,13,20,0.65
20,after,36,2,8,20,0.4
20,after,37,0,20,20,1.0
20,after,38,2,20,20,1.0
20,after,39,2,20,20,1.0
20,after,40,0,16,20,0.8
20,after,41,2,20,20,1.0
20,after,42,2,20,20,1.0
20,after,43,2,10,20,0.5
20,after,44,2,14,20,0.7
20,after,45,1,20,20,1.0
20,after,46,2,20,20,1.0
20,after,47,0,15,20,0.75
20,after,48,2,20,20,1.0
20,after,49,2,20,20,1.0
20,after,50,2,19,20,0.95
20,after,51,1,14,20,0.7
20,after,52,0,20,20,1.0
20,after,53,2,20,20,1.0
20,after,54,2,20,20,1.0
20,after,55,0,12,20,0.6
20,after,56,1,19,20,0.95
20,after,57,2,20,20,1.0
20,after,58,1,15,20,0.75
20,after,59,1,18,20,0.9
20,after,60,1,20,20,1.0
20,after,61,0,10,20,0.5
20,after,62,1,20,20,1.0
20,after,63,1,19,20,0.95
20,after,64,2,20,20,1.0
20,after,65,1,20,20,1.0
20,after,66,2,20,20,1.0
20,after,67,2,20,20,1.0
20,after,68,2,20,20,1.0
20,after,69,2,20,20,1.0
20,after,70,0,19,20,0.95
20,after,71,0,11,20,0.55
20,after,72,1,14,20,0.7
20,after,73,2,20,20,1.0
20,after,74,2,20,20,1.0
20,after,75,2,20,20,1.0
20,after,76,2,14,20,0.7
20,after,77,2,20,20,1.0
20,after,78,1,19,20,0.95
20,after,79,2,20,20,1.0
20,after,80,2,20,20,1.0
20,after,81,1,18,20,0.9
20,after,82,2,20,20,1.0
20,after,83,0,11,20,0.55
20,after,84,1,11,20,0.55
20,after,85,2,20,20,1.0
20,after,86,1,18,20,0.9
20,after,87,1,16,20,0.8
20,after,88,2,20,20,1.0
20,after,89,1,15,20,0.75
20,after,90,2,17,20,0.85
20,after,91,2,19,20,0.95
20,after,92,1,14,20,0.7
20,after,93,1,20,20,1.0
20,after,94,1,20,20,1.0
20,after,95,2,11,20,0.55
20,after,96,0,19,20,0.95
20,after,97,2,15,20,0.75
20,after,98,1,14,20,0.7
20,after,99,2,20,20,1.0
20,after,100,2,20,20,1.0
20,after,101,2,19,20,0.95
20,after,102,2,20,20,1.0
20,after,103,2,18,20,0.9
20,after,104,2,19,20,0.95
20,after,105,2,12,20,0.6
20,after,106,2,19,20,0.95
20,after,107,2,20,20,1.0
20,after,108,2,20,20,1.0
20,after,109,2,20,20,1.0
20,after,110,1,18,20,0.9
20,after,111,1,14,20,0.7
20,after,112,2,17,20,0.85
20,after,113,2,19,20,0.95
20,after,114,2,20,20,1.0
20,after,115,1,16,20,0.8
20,after,116,2,20,20,1.0
20,after,117,2,17,20,0.85
20,after,118,2,20,20,1.0
20,after,119,2,20,20,1.0
20,after,120,2,20,20,1.0
20,after,121,2,17,20,0.85
20,after,122,2,20,20,1.0
20,after,123,1,19,20,0.95
20,after,124,2,20,20,1.0
20,after,125,1,20,20,1.0
20,after,126,2,20,20,1.0
20,after,127,0,20,20,1.0
20,after,128,2,20,20,1.0
20,after,129,1,17,20,0.85
20,after,130,2,20,20,1.0
20,before,0,2,20,20,1.0
20,before,1,1,19,20,0.95
20,before,2,0,13,20,0.65
20,before,3,0,18,20,0.9
20,before,4,2,16,20,0.8
20,before,5,1,19,20,0.95
20,before,6,2,20,20,1.0
20,before,7,1,17,20,0.85
20,before,8,2,20,20,1.0
20,before,9,0,18,20,0.9
20,before,10,2,20,20,1.0
20,before,11,1,20,20,1.0
20,before,12,2,20,20,1.0
20,before,13,2,20,20,1.0
20,before,14,2,20,20,1.0
20,before,15,1,20,20,1.0
20,before,16,2,13,20,0.65
20,before,17,1,15,20,0.75
20,before,18,2,20,20,1.0
20,before,19,1,19,20,0.95
20,before,20,1,19,20,0.95
20,before,21,1,10,20,0.5
20,before,22,2,20,20,1.0
20,before,23,2,20,20,1.0
20,before,24,1,18,20,0.9
20,before,25,0,20,20,1.0
20,before,26,2,20,20,1.0
20,before,27,2,20,20,1.0
20,before,28,1,15,20,0.75
20,before,29,0,12,20,0.6
20,before,30,2,20,20,1.0
20,before,31,2,20,20,1.0
20,before,32,2,20,20,1.0
20,before,33,1,11,20,0.55
20,before,34,2,20,20,1.0
20,before,35,0,11,20,0.55
20,before,36,2,11,20,0.55
20,before,37,0,20,20,1.0
20,before,38,2,20,20,1.0
20,before,39,2,20,20,1.0
20,before,40,2,8,20,0.4
20,before,41,2,20,20,1.0
20,before,42,2,20,20,1.0
20,before,43,2,12,20,0.6
20,before,44,2,20,20,1.0
20,before,45,1,20,20,1.0
20,before,46,2,20,20,1.0
20,before,47,2,14,20,0.7
20,before,48,2,20,20,1.0
20,before,49,2,20,20,1.0
20,before,50,2,20,20,1.0
20,before,51,1,10,20,0.5
20,before,52,0,20,20,1.0
20,before,53,2,20,20,1.0
20,before,54,2,20,20,1.0
20,before,55,2,11,20,0.55
20,before,56,1,19,20,0.95
20,before,57,2,20,20,1.0
20,before,58,1,15,20,0.75
20,before,59,1,17,20,0.85
20,before,60,1,20,20,1.0
20,before,61,0,9,20,0.45
20,before,62,1,19,20,0.95
20,before,63,1,18,20,0.9
20,before,64,2,20,20,1.0
20,before,65,1,20,20,1.0
20,before,66,2,20,20,1.0
20,before,67,2,20,20,1.0
20,before,68,2,20,20,1.0
20,before,69,2,20,20,1.0
20,before,70,0,20,20,1.0
20,before,71,0,11,20,0.55
20,before,72,1,15,20,0.75
20,before,73,2,20,20,1.0
20,before,74,2,20,20,1.0
20,before,75,2,20,20,1.0
20,before,76,2,17,20,0.85
20,before,77,2,20,20,1.0
20,before,78,1,16,20,0.8
20,before,79,2,20,20,1.0
20,before,80,2,20,20,1.0
20,before,81,1,19,20,0.95
20,before,82,2,20,20,1.0
20,before,83,0,11,20,0.55
20,before,84,1,15,20,0.75
20,before,85,2,20,20,1.0
20,before,86,1,19,20,0.95
20,before,87,1,16,20,0.8
20,before,88,2,20,20,1.0
20,before,89,1,15,20,0.75
20,before,90,2,19,20,0.95
20,before,91,2,20,20,1.0
20,before,92,1,15,20,0.75
20,before,93,1,20,20,1.0
20,before,94,1,20,20,1.0
20,before,95,0,10,20,0.5
20,before,96,2,12,20,0.6
20,before,97,2,20,20,1.0
20,before,98,1,13,20,0.65
20,before,99,2,20,20,1.0
20,before,100,2,20,20,1.0
20,before,101,2,20,20,1.0
20,before,102,2,20,20,1.0
20,before,103,2,14,20,0.7
20,before,104,2,19,20,0.95
20,before,105,2,15,20,0.75
20,before,106,2,20,20,1.0
20,before,107,2,20,20,1.0
20,before,108,2,20,20,1.0
20,before,109,2,19,20,0.95
20,before,110,1,19,20,0.95
20,before,111,1,14,20,0.7
20,before,112,2,12,20,0.6
20,before,113,2,20,20,1.0
20,before,114,2,20,20,1.0
20,before,115,1,15,20,0.75
20,before,116,2,20,20,1.0
20,before,117,2,20,20,1.0
20,before,118,2,20,20,1.0
20,before,119,2,20,20,1.0
20,before,120,2,20,20,1.0
20,before,121,2,20,20,1.0
20,before,122,2,20,20,1.0
20,before,123,1,20,20,1.0
20,before,124,2,20,20,1.0
20,before,125,1,20,20,1.0
20,before,126,2,20,20,1.0
20,before,127,0,20,20,1.0
20,before,128,2,20,20,1.0
20,before,129,2,11,20,0.55
20,before,130,2,20,20,1.0
21,after,0,2,19,20,0.95
21,after,1,1,20,20,1.0
21,after,2,0,20,20,1.0
21,after,3,0,20,20,1.0
21,after,4,2,10,20,0.5
21,after,5,1,18,20,0.9
21,after,6,2,20,20,1.0
21,after,7,1,18,20,0.9
21,after,8,2,20,20,1.0
21,after,9,0,20,20,1.0
21,after,10,2,18,20,0.9
21,after,11,1,20,20,1.0
21,after,12,2,20,20,1.0
21,after,13,2,15,20,0.75
21,after,14,2,20,20,1.0
21,after,15,1,20,20,1.0
21,after,16,2,18,20,0.9
21,after,17,1,14,20,0.7
21,after,18,2,20,20,1.0
21,after,19,1,19,20,0.95
21,after,20,1,19,20,0.95
21,after,21,1,13,20,0.65
21,after,22,2,18,20,0.9
21,after,23,2,20,20,1.0
21,after,24,1,20,20,1.0
21,after,25,0,20,20,1.0
21,after,26,2,20,20,1.0
21,after,27,2,20,20,1.0
21,after,28,1,15,20,0.75
21,after,29,0,12,20,0.6
21,after,30,2,20,20,1.0
21,after,31,2,20,20,1.0
21,after,32,2,20,20,1.0
21,after,33,1,13,20,0.65
21,after,34,2,20,20,1.0
21,after,35,0,16,20,0.8
21,after,36,2,10,20,0.5
21,after,37,0,20,20,1.0
21,after,38,2,20,20,1.0
21,after,39,2,20,20,1.0
21,after,40,0,15,20,0.75
21,after,41,2,20,20,1.0
21,after,42,2,20,20,1.0
21,after,43,2,14,20,0.7
21,after,44,2,14,20,0.7
21,after,45,1,20,20,1.0
21,after,46,2,19,20,0.95
21,after,47,0,14,20,0.7
21,after,48,2,20,20,1.0
21,after,49,2,20,20,1.0
21,after,50,2,18,20,0.9
21,after,51,1,15,20,0.75
21,after,52,0,19,20,0.95
21,after,53,2,20,20,1.0
21,after,54,2,16,20,0.8
21,after,55,0,11,20,0.55
21,after,56,1,19,20,0.95
21,after,57,2,20,20,1.0
21,after,58,1,14,20,0.7
21,after,59,1,20,20,1.0
21,after,60,1,20,20,1.0
21,after,61,0,9,20,0.45
21,after,62,1,18,20,0.9
21,after,63,1,18,20,0.9
21,after,64,2,16,20,0.8
21,after,65,1,20,20,1.0
21,after,66,2,19,20,0.95
21,after,67,2,19,20,0.95
21,after,68,2,20,20,1.0
21,after,69,2,20,20,1.0
21,after,70,0,19,20,0.95
21,after,71,2,10,20,0.5
21,after,72,1,14,20,0.7
21,after,73,2,20,20,1.0
21,after,74,2,20,20,1.0
21,after,75,2,20,20,1.0
21,after,76,2,13,20,0.65
21,after,77,2,20,20,1.0
21,after,78,1,20,20,1.0
21,after,79,2,20,20,1.0
21,after,80,2,20,20,1.0
21,after,81,1,20,20,1.0
21,after,82,2,20,20,1.0
21,after,83,1,10,20,0.5
21,after,84,1,14,20,0.7
21,after,85,2,20,20,1.0
21,after,86,1,20,20,1.0
21,after,87,1,17,20,0.85
21,after,88,2,20,20,1.0
21,after,89,1,15,20,0.75
21,after,90,2,15,20,0.75
21,after,91,2,19,20,0.95
21,after,92,1,13,20,0.65
21,after,93,1,19,20,0.95
21,after,94,1,20,20,1.0
21,after,95,0,12,20,0.6
21,after,96,0,20,20,1.0
21,after,97,2,13,20,0.65
21,after,98,1,15,20,0.75
21,after,99,2,20,20,1.0
21,after,100,2,20,20,1.0
21,after,101,2,18,20,0.9
21,after,102,2,20,20,1.0
21,after,103,2,20,20,1.0
21,after,104,2,17,20,0.85
21,after,105,2,11,20,0.55
21,after,106,2,18,20,0.9
21,after,107,2,20,20,1.0
21,after,108,2,20,20,1.0
21,after,109,2,20,20,1.0
21,after,110,1,16,20,0.8
21,after,111,1,16,20,0.8
21,after,112,2,13,20,0.65
21,after,113,2,19,20,0.95
21,after,114,2,20,20,1.0
21,after,115,1,15,20,0.75
21,after,116,2,20,20,1.0
21,after,117,2,15,20,0.75
21,after,118,2,20,20,1.0
21,after,119,2,20,20,1.0
21,after,120,2,18,20,0.9
21,after,121,2,19,20,0.95
21,after,122,2,20,20,1.0
21,after,123,1,20,20,1.0
21,after,124,2,20,20,1.0
21,after,125,1,20,20,1.0
21,after,126,2,20,20,1.0
21,after,127,0,20,20,1.0
21,after,128,2,20,20,1.0
21,after,129,1,14,20,0.7
21,after,130,2,20,20,1.0
21,before,0,2,19,20,0.95
21,before,1,1,20,20,1.0
21,before,2,0,13,20,0.65
21,before,3,0,15,20,0.75
21,before,4,2,17,20,0.85
21,before,5,1,19,20,0.95
21,before,6,2,20,20,1.0
21,before,7,1,18,20,0.9
21,before,8,2,20,20,1.0
21,before,9,0,19,20,0.95
21,before,10,2,20,20,1.0
21,before,11,1,20,20,1.0
21,before,12,2,20,20,1.0
21,before,13,2,20,20,1.0
21,before,14,2,20,20,1.0
21,before,15,1,20,20,1.0
21,before,16,2,15,20,0.75
21,before,17,1,14,20,0.7
21,before,18,2,20,20,1.0
21,before,19,1,20,20,1.0
21,before,20,1,18,20,0.9
21,before,21,1,14,20,0.7
21,before,22,2,20,20,1.0
21,before,23,2,20,20,1.0
21,before,24,1,20,20,1.0
21,before,25,0,20,20,1.0
21,before,26,2,20,20,1.0
21,before,27,2,20,20,1.0
21,before,28,1,14,20,0.7
21,before,29,0,12,20,0.6
21,before,30,2,20,20,1.0
21,before,31,2,20,20,1.0
21,before,32,2,20,20,1.0
21,before,33,1,13,20,0.65
21,before,34,2,20,20,1.0
21,before,35,0,12,20,0.6
21,before,36,2,11,20,0.55
21,before,37,0,20,20,1.0
21,before,38,2,20,20,1.0
21,before,39,2,20,20,1.0
21,before,40,0,14,20,0.7
21,before,41,2,20,20,1.0
21,before,42,2,20,20,1.0
21,before,43,1,13,20,0.65
21,before,44,2,15,20,0.75
21,before,45,1,20,20,1.0
21,before,46,2,19,20,0.95
21,before,47,0,12,20,0.6
21,before,48,2,20,20,1.0
21,before,49,2,20,20,1.0
21,before,50,2,20,20,1.0
21,before,51,1,11,20,0.55
21,before,52,0,19,20,0.95
21,before,53,2,20,20,1.0
21,before,54,2,19,20,0.95
21,before,55,0,11,20,0.55
21,before,56,1,20,20,1.0
21,before,57,2,20,20,1.0
21,before,58,1,14,20,0.7
21,before,59,1,19,20,0.95
21,before,60,1,20,20,1.0
21,before,61,0,8,20,0.4
21,before,62,1,18,20,0.9
21,before,63,1,18,20,0.9
21,before,64,2,20,20,1.0
21,before,65,1,20,20,1.0
21,before,66,2,20,20,1.0
21,before,67,2,20,20,1.0
21,before,68,2,19,20,0.95
21,before,69,2,20,20,1.0
21,before,70,0,18,20,0.9
21,before,71,2,12,20,0.6
21,before,72,1,14,20,0.7
21,before,73,2,20,20,1.0
21,before,74,2,20,20,1.0
21,before,75,2,20,20,1.0
21,before,76,2,19,20,0.95
21,before,77,2,20,20,1.0
21,before,78,1,19,20,0.95
21,before,79,2,20,20,1.0
21,before,80,2,20,20,1.0
21,before,81,1,20,20,1.0
21,before,82,2,20,20,1.0
21,before,83,1,12,20,0.6
21,before,84,1,14,20,0.7
21,before,85,2,20,20,1.0
21,before,86,1,20,20,1.0
21,before,87,1,18,20,0.9
21,before,88,2,20,20,1.0
21,before,89,1,14,20,0.7
21,before,90,2,20,20,1.0
21,before,91,2,20,20,1.0
21,before,92,1,14,20,0.7
21,before,93,1,19,20,0.95
21,before,94,1,20,20,1.0
21,before,95,2,13,20,0.65
21,before,96,0,14,20,0.7
21,before,97,2,16,20,0.8
21,before,98,1,14,20,0.7
21,before,99,2,20,20,1.0
21,before,100,2,20,20,1.0
21,before,101,2,20,20,1.0
21,before,102,2,20,20,1.0
21,before,103,2,18,20,0.9
21,before,104,2,19,20,0.95
21,before,105,1,11,20,0.55
21,before,106,2,20,20,1.0
21,before,107,2,20,20,1.0
21,before,108,2,20,20,1.0
21,before,109,2,20,20,1.0
21,before,110,1,14,20,0.7
21,before,111,1,13,20,0.65
21,before,112,2,18,20,0.9
21,before,113,2,20,20,1.0
21,before,114,2,20,20,1.0
21,before,115,1,19,20,0.95
21,before,116,2,20,20,1.0
21,before,117,2,20,20,1.0
21,before,118,2,20,20,1.0
21,before,119,2,20,20,1.0
21,before,120,2,20,20,1.0
21,before,121,2,20,20,1.0
21,before,122,2,20,20,1.0
21,before,123,1,19,20,0.95
21,before,124,2,20,20,1.0
21,before,125,1,20,20,1.0
21,before,126,2,20,20,1.0
21,before,127,0,20,20,1.0
21,before,128,2,19,20,0.95
21,before,129,1,15,20,0.75
21,before,130,2,20,20,1.0
22,after,0,2,19,20,0.95
22,after,1,1,20,20,1.0
22,after,2,0,19,20,0.95
22,after,3,0,15,20,0.75
22,after,4,2,17,20,0.85
22,after,5,1,20,20,1.0
22,after,6,2,20,20,1.0
22,after,7,1,20,20,1.0
22,after,8,2,20,20,1.0
22,after,9,0,18,20,0.9
22,after,10,2,16,20,0.8
22,after,11,1,18,20,0.9
22,after,12,2,20,20,1.0
22,after,13,2,16,20,0.8
22,after,14,2,20,20,1.0
22,after,15,1,20,20,1.0
22,after,16,2,18,20,0.9
22,after,17,1,20,20,1.0
22,after,18,2,20,20,1.0
22,after,19,1,20,20,1.0
22,after,20,1,20,20,1.0
22,after,21,1,15,20,0.75
22,after,22,2,20,20,1.0
22,after,23,2,20,20,1.0
22,after,24,1,20,20,1.0
22,after,25,0,20,20,1.0
22,after,26,2,20,20,1.0
22,after,27,2,20,20,1.0
22,after,28,1,19,20,0.95
22,after,29,1,13,20,0.65
22,after,30,2,20,20,1.0
22,after,31,2,20,20,1.0
22,after,32,2,20,20,1.0
22,after,33,1,17,20,0.85
22,after,34,2,20,20,1.0
22,after,35,0,11,20,0.55
22,after,36,1,14,20,0.7
22,after,37,0,20,20,1.0
22,after,38,2,20,20,1.0
22,after,39,2,20,20,1.0
22,after,40,0,16,20,0.8
22,after,41,2,20,20,1.0
22,after,42,2,19,20,0.95
22,after,43,2,10,20,0.5
22,after,44,2,12,20,0.6
22,after,45,1,20,20,1.0
22,after,46,2,18,20,0.9
22,after,47,0,15,20,0.75
22,after,48,2,20,20,1.0
22,after,49,2,20,20,1.0
22,after,50,2,20,20,1.0
22,after,51,1,14,20,0.7
22,after,52,0,17,20,0.85
22,after,53,2,20,20,1.0
22,after,54,2,18,20,0.9
22,after,55,0,10,20,0.5
22,after,56,1,19,20,0.95
22,after,57,2,20,20,1.0
22,after,58,1,16,20,0.8
22,after,59,1,19,20,0.95
22,after,60,1,20,20,1.0
22,after,61,0,9,20,0.45
22,after,62,1,20,20,1.0
22,after,63,1,18,20,0.9
22,after,64,2,14,20,0.7
22,after,65,1,19,20,0.95
22,after,66,2,20,20,1.0
22,after,67,2,20,20,1.0
22,after,68,2,20,20,1.0
22,after,69,2,19,20,0.95
22,after,70,0,15,20,0.75
22,after,71,2,17,20,0.85
22,after,72,1,19,20,0.95
22,after,73,2,20,20,1.0
22,after,74,2,20,20,1.0
22,after,75,2,20,20,1.0
22,after,76,2,18,20,0.9
22,after,77,2,20,20,1.0
22,after,78,1,19,20,0.95
22,after,79,2,20,20,1.0
22,after,80,2,20,20,1.0
22,after,81,1,19,20,0.95
22,after,82,2,20,20,1.0
22,after,83,1,13,20,0.65
22,after,84,1,20,20,1.0
22,after,85,2,20,20,1.0
22,after,86,1,20,20,1.0
22,after,87,1,19,20,0.95
22,after,88,2,20,20,1.0
22,after,89,1,20,20,1.0
22,after,90,2,20,20,1.0
22,after,91,2,20,20,1.0
22,after,92,1,20,20,1.0
22,after,93,1,20,20,1.0
22,after,94,1,20,20,1.0
22,after,95,0,12,20,0.6
22,after,96,0,16,20,0.8
22,after,97,0,12,20,0.6
22,after,98,1,16,20,0.8
22,after,99,2,19,20,0.95
22,after,100,2,20,20,1.0
22,after,101,2,18,20,0.9
22,after,102,2,20,20,1.0
22,after,103,2,16,20,0.8
22,after,104,2,15,20,0.75
22,after,105,1,13,20,0.65
22,after,106,2,20,20,1.0
22,after,107,2,20,20,1.0
22,after,108,2,20,20,1.0
22,after,109,2,19,20,0.95
22,after,110,1,18,20,0.9
22,after,111,1,17,20,0.85
22,after,112,2,10,20,0.5
22,after,113,2,20,20,1.0
22,after,114,2,20,20,1.0
22,after,115,1,15,20,0.75
22,after,116,2,20,20,1.0
22,after,117,2,20,20,1.0
22,after,118,2,20,20,1.0
22,after,119,2,20,20,1.0
22,after,120,2,20,20,1.0
22,after,121,2,19,20,0.95
22,after,122,2,20,20,1.0
22,after,123,1,20,20,1.0
22,after,124,2,20,20,1.0
22,after,125,1,20,20,1.0
22,after,126,2,20,20,1.0
22,after,127,0,20,20,1.0
22,after,128,2,19,20,0.95
22,after,129,1,19,20,0.95
22,after,130,2,20,20,1.0
22,before,0,2,12,20,0.6
22,before,1,1,20,20,1.0
22,before,2,0,20,20,1.0
22,before,3,0,20,20,1.0
22,before,4,2,17,20,0.85
22,before,5,1,19,20,0.95
22,before,6,2,20,20,1.0
22,before,7,1,20,20,1.0
22,before,8,2,20,20,1.0
22,before,9,0,20,20,1.0
22,before,10,2,18,20,0.9
22,before,11,1,20,20,1.0
22,before,12,2,20,20,1.0
22,before,13,0,11,20,0.55
22,before,14,2,20,20,1.0
22,before,15,1,20,20,1.0
22,before,16,2,15,20,0.75
22,before,17,1,20,20,1.0
22,before,18,2,20,20,1.0
22,before,19,1,20,20,1.0
22,before,20,1,20,20,1.0
22,before,21,1,19,20,0.95
22,before,22,2,20,20,1.0
22,before,23,2,20,20,1.0
22,before,24,1,20,20,1.0
22,before,25,0,20,20,1.0
22,before,26,2,20,20,1.0
22,before,27,2,20,20,1.0
22,before,28,1,20,20,1.0
22,before,29,1,13,20,0.65
22,before,30,2,19,20,0.95
22,before,31,2,20,20,1.0
22,before,32,2,20,20,1.0
22,before,33,1,17,20,0.85
22,before,34,2,20,20,1.0
22,before,35,0,13,20,0.65
22,before,36,1,14,20,0.7
22,before,37,0,20,20,1.0
22,before,38,2,20,20,1.0
22,before,39,2,20,20,1.0
22,before,40,0,17,20,0.85
22,before,41,2,19,20,0.95
22,before,42,2,20,20,1.0
22,before,43,1,17,20,0.85
22,before,44,1,13,20,0.65
22,before,45,1,20,20,1.0
22,before,46,2,20,20,1.0
22,before,47,0,19,20,0.95
22,before,48,2,20,20,1.0
22,before,49,2,20,20,1.0
22,before,50,2,20,20,1.0
22,before,51,1,18,20,0.9
22,before,52,0,14,20,0.7
22,before,53,2,20,20,1.0
22,before,54,2,10,20,0.5
22,before,55,0,12,20,0.6
22,before,56,1,20,20,1.0
22,before,57,2,20,20,1.0
22,before,58,1,20,20,1.0
22,before,59,1,20,20,1.0
22,before,60,1,20,20,1.0
22,before,61,1,16,20,0.8
22,before,62,1,20,20,1.0
22,before,63,1,20,20,1.0
22,before,64,2,13,20,0.65
22,before,65,1,20,20,1.0
22,before,66,2,20,20,1.0
22,before,67,2,16,20,0.8
22,before,68,2,18,20,0.9
22,before,69,2,20,20,1.0
22,before,70,0,13,20,0.65
22,before,71,2,14,20,0.7
22,before,72,1,20,20,1.0
22,before,73,2,20,20,1.0
22,before,74,2,20,20,1.0
22,before,75,2,20,20,1.0
22,before,76,2,14,20,0.7
22,before,77,2,20,20,1.0
22,before,78,1,20,20,1.0
22,before,79,2,20,20,1.0
22,before,80,2,20,20,1.0
22,before,81,1,20,20,1.0
22,before,82,2,20,20,1.0
22,before,83,1,15,20,0.75
22,before,84,1,20,20,1.0
22,before,85,2,20,20,1.0
22,before,86,1,20,20,1.0
22,before,87,1,20,20,1.0
22,before,88,2,20,20,1.0
22,before,89,1,20,20,1.0
22,before,90,2,20,20,1.0
22,before,91,2,20,20,1.0
22,before,92,1,20,20,1.0
22,before,93,1,20,20,1.0
22,before,94,1,20,20,1.0
22,before,95,0,14,20,0.7
22,before,96,0,20,20,1.0
22,before,97,2,11,20,0.55
22,before,98,1,20,20,1.0
22,before,99,2,20,20,1.0
22,before,100,2,20,20,1.0
22,before,101,2,20,20,1.0
22,before,102,2,20,20,1.0
22,before,103,2,18,20,0.9
22,before,104,2,14,20,0.7
22,before,105,2,13,20,0.65
22,before,106,2,19,20,0.95
22,before,107,2,19,20,0.95
22,before,108,2,20,20,1.0
22,before,109,2,20,20,1.0
22,before,110,1,18,20,0.9
22,before,111,1,17,20,0.85
22,before,112,1,14,20,0.7
22,before,113,2,20,20,1.0
22,before,114,2,20,20,1.0
22,before,115,1,16,20,0.8
22,before,116,2,20,20,1.0
22,before,117,2,20,20,1.0
22,before,118,2,20,20,1.0
22,before,119,2,20,20,1.0
22,before,120,2,19,20,0.95
22,before,121,2,20,20,1.0
22,before,122,2,20,20,1.0
22,before,123,1,20,20,1.0
22,before,124,2,20,20,1.0
22,before,125,1,20,20,1.0
22,before,126,2,20,20,1.0
22,before,127,0,20,20,1.0
22,before,128,2,20,20,1.0
22,before,129,1,18,20,0.9
22,before,130,2,20,20,1.0
23,after,0,2,20,20,1.0
23,after,1,1,20,20,1.0
23,after,2,0,19,20,0.95
23,after,3,0,20,20,1.0
23,after,4,2,16,20,0.8
23,after,5,1,19,20,0.95
23,after,6,2,20,20,1.0
23,after,7,1,20,20,1.0
23,after,8,2,19,20,0.95
23,after,9,0,20,20,1.0
23,after,10,2,18,20,0.9
23,after,11,1,20,20,1.0
23,after,12,2,20,20,1.0
23,after,13,2,14,20,0.7
23,after,14,2,20,20,1.0
23,after,15,1,20,20,1.0
23,after,16,2,17,20,0.85
23,after,17,1,20,20,1.0
23,after,18,2,19,20,0.95
23,after,19,1,20,20,1.0
23,after,20,1,20,20,1.0
23,after,21,1,19,20,0.95
23,after,22,2,20,20,1.0
23,after,23,2,20,20,1.0
23,after,24,1,20,20,1.0
23,after,25,0,20,20,1.0
23,after,26,2,20,20,1.0
23,after,27,2,20,20,1.0
23,after,28,1,16,20,0.8
23,after,29,1,11,20,0.55
23,after,30,2,18,20,0.9
23,after,31,2,20,20,1.0
23,after,32,2,20,20,1.0
23,after,33,1,15,20,0.75
23,after,34,2,20,20,1.0
23,after,35,0,11,20,0.55
23,after,36,1,13,20,0.65
23,after,37,0,20,20,1.0
23,after,38,2,20,20,1.0
23,after,39,2,19,20,0.95
23,after,40,0,15,20,0.75
23,after,41,2,20,20,1.0
23,after,42,2,20,20,1.0
23,after,43,2,11,20,0.55
23,after,44,2,13,20,0.65
23,after,45,1,20,20,1.0
23,after,46,2,20,20,1.0
23,after,47,0,14,20,0.7
23,after,48,2,20,20,1.0
23,after,49,2,20,20,1.0
23,after,50,2,20,20,1.0
23,after,51,1,14,20,0.7
23,after,52,0,19,20,0.95
23,after,53,2,20,20,1.0
23,after,54,2,17,20,0.85
23,after,55,0,14,20,0.7
23,after,56,1,20,20,1.0
23,after,57,2,20,20,1.0
23,after,58,1,19,20,0.95
23,after,59,1,20,20,1.0
23,after,60,1,20,20,1.0
23,after,61,0,9,20,0.45
23,after,62,1,19,20,0.95
23,after,63,1,19,20,0.95
23,after,64,2,16,20,0.8
23,after,65,1,20,20,1.0
23,after,66,2,20,20,1.0
23,after,67,2,20,20,1.0
23,after,68,2,20,20,1.0
23,after,69,2,20,20,1.0
23,after,70,0,18,20,0.9
23,after,71,2,20,20,1.0
23,after,72,1,20,20,1.0
23,after,73,2,20,20,1.0
23,after,74,2,20,20,1.0
23,after,75,2,19,20,0.95
23,after,76,2,15,20,0.75
23,after,77,2,19,20,0.95
23,after,78,1,20,20,1.0
23,after,79,2,20,20,1.0
23,after,80,2,20,20,1.0
23,after,81,1,20,20,1.0
23,after,82,2,20,20,1.0
23,after,83,1,14,20,0.7
23,after,84,1,20,20,1.0
23,after,85,2,19,20,0.95
23,after,86,1,20,20,1.0
23,after,87,1,20,20,1.0
23,after,88,2,20,20,1.0
23,after,89,1,20,20,1.0
23,after,90,2,20,20,1.0
23,after,91,2,20,20,1.0
23,after,92,1,20,20,1.0
23,after,93,1,20,20,1.0
23,after,94,1,19,20,0.95
23,after,95,2,12,20,0.6
23,after,96,0,18,20,0.9
23,after,97,2,11,20,0.55
23,after,98,1,16,20,0.8
23,after,99,2,20,20,1.0
23,after,100,2,20,20,1.0
23,after,101,2,20,20,1.0
23,after,102,2,20,20,1.0
23,after,103,2,19,20,0.95
23,after,104,2,17,20,0.85
23,after,105,2,11,20,0.55
23,after,106,2,20,20,1.0
23,after,107,2,20,20,1.0
23,after,108,2,20,20,1.0
23,after,109,2,19,20,0.95
23,after,110,1,17,20,0.85
23,after,111,1,19,20,0.95
23,after,112,1,13,20,0.65
23,after,113,2,19,20,0.95
23,after,114,2,20,20,1.0
23,after,115,1,17,20,0.85
23,after,116,2,20,20,1.0
23,after,117,2,19,20,0.95
23,after,118,2,16,20,0.8
23,after,119,2,20,20,1.0
23,after,120,2,18,20,0.9
23,after,121,2,19,20,0.95
23,after,122,2,20,20,1.0
23,after,123,1,20,20,1.0
23,after,124,2,20,20,1.0
23,after,125,1,20,20,1.0
23,after,126,2,20,20,1.0
23,after,127,0,20,20,1.0
23,after,128,2,20,20,1.0
23,after,129,1,17,20,0.85
23,after,130,2,20,20,1.0
23,before,0,2,20,20,1.0
23,before,1,1,20,20,1.0
23,before,2,0,17,20,0.85
23,before,3,0,10,20,0.5
23,before,4,2,15,20,0.75
23,before,5,1,20,20,1.0
23,before,6,2,20,20,1.0
23,before,7,1,20,20,1.0
23,before,8,2,19,20,0.95
23,before,9,0,16,20,0.8
23,before,10,2,20,20,1.0
23,before,11,1,20,20,1.0
23,before,12,2,20,20,1.0
23,before,13,2,20,20,1.0
23,before,14,2,20,20,1.0
23,before,15,1,20,20,1.0
23,before,16,2,17,20,0.85
23,before,17,1,20,20,1.0
23,before,18,2,20,20,1.0
23,before,19,1,20,20,1.0
23,before,20,1,20,20,1.0
23,before,21,1,13,20,0.65
23,before,22,2,20,20,1.0
23,before,23,2,20,20,1.0
23,before,24,1,20,20,1.0
23,before,25,0,20,20,1.0
23,before,26,2,20,20,1.0
23,before,27,2,20,20,1.0
23,before,28,1,20,20,1.0
23,before,29,1,11,20,0.55
23,before,30,2,20,20,1.0
23,before,31,2,20,20,1.0
23,before,32,2,20,20,1.0
23,before,33,1,15,20,0.75
23,before,34,2,20,20,1.0
23,before,35,0,11,20,0.55
23,before,36,1,13,20,0.65
23,before,37,0,20,20,1.0
23,before,38,2,20,20,1.0
23,before,39,2,20,20,1.0
23,before,40,0,14,20,0.7
23,before,41,2,20,20,1.0
23,before,42,2,20,20,1.0
23,before,43,2,17,20,0.85
23,before,44,2,13,20,0.65
23,before,45,1,20,20,1.0
23,before,46,2,14,20,0.7
23,before,47,0,13,20,0.65
23,before,48,2,20,20,1.0
23,before,49,2,20,20,1.0
23,before,50,2,20,20,1.0
23,before,51,1,13,20,0.65
23,before,52,0,15,20,0.75
23,before,53,2,20,20,1.0
23,before,54,2,16,20,0.8
23,before,55,2,16,20,0.8
23,before,56,1,20,20,1.0
23,before,57,2,20,20,1.0
23,before,58,1,20,20,1.0
23,before,59,1,20,20,1.0
23,before,60,1,20,20,1.0
23,before,61,0,16,20,0.8
23,before,62,1,20,20,1.0
23,before,63,1,20,20,1.0
23,before,64,2,12,20,0.6
23,before,65,1,20,20,1.0
23,before,66,2,20,20,1.0
23,before,67,2,20,20,1.0
23,before,68,2,20,20,1.0
23,before,69,2,20,20,1.0
23,before,70,0,14,20,0.7
23,before,71,2,20,20,1.0
23,before,72,1,20,20,1.0
23,before,73,2,20,20,1.0
23,before,74,2,20,20,1.0
23,before,75,2,20,20,1.0
23,before,76,2,17,20,0.85
23,before,77,2,20,20,1.0
23,before,78,1,20,20,1.0
23,before,79,2,20,20,1.0
23,before,80,2,20,20,1.0
23,before,81,1,20,20,1.0
23,before,82,2,20,20,1.0
23,before,83,1,15,20,0.75
23,before,84,1,19,20,0.95
23,before,85,2,20,20,1.0
23,before,86,1,20,20,1.0
23,before,87,1,20,20,1.0
23,before,88,2,20,20,1.0
23,before,89,1,20,20,1.0
23,before,90,2,20,20,1.0
23,before,91,2,20,20,1.0
23,before,92,1,20,20,1.0
23,before,93,1,20,20,1.0
23,before,94,1,20,20,1.0
23,before,95,0,12,20,0.6
23,before,96,0,19,20,0.95
23,before,97,0,14,20,0.7
23,before,98,1,15,20,0.75
23,before,99,2,20,20,1.0
23,before,100,2,20,20,1.0
23,before,101,2,20,20,1.0
23,before,102,2,20,20,1.0
23,before,103,2,20,20,1.0
23,before,104,2,15,20,0.75
23,before,105,2,11,20,0.55
23,before,106,2,20,20,1.0
23,before,107,2,20,20,1.0
23,before,108,2,20,20,1.0
23,before,109,2,20,20,1.0
23,before,110,1,20,20,1.0
23,before,111,1,20,20,1.0
23,before,112,2,10,20,0.5
23,before,113,2,20,20,1.0
23,before,114,2,20,20,1.0
23,before,115,1,18,20,0.9
23,before,116,2,20,20,1.0
23,before,117,2,20,20,1.0
23,before,118,2,20,20,1.0
23,before,119,2,20,20,1.0
23,before,120,2,20,20,1.0
23,before,121,2,20,20,1.0
23,before,122,2,20,20,1.0
23,before,123,1,20,20,1.0
23,before,124,2,20,20,1.0
23,before,125,1,20,20,1.0
23,before,126,2,20,20,1.0
23,before,127,0,20,20,1.0
23,before,128,2,20,20,1.0
23,before,129,1,20,20,1.0
23,before,130,2,20,20,1.0
24,after,0,2,19,20,0.95
24,after,1,1,20,20,1.0
24,after,2,0,19,20,0.95
24,after,3,0,18,20,0.9
24,after,4,2,16,20,0.8
24,after,5,1,18,20,0.9
24,after,6,2,20,20,1.0
24,after,7,1,19,20,0.95
24,after,8,2,18,20,0.9
24,after,9,0,18,20,0.9
24,after,10,2,17,20,0.85
24,after,11,1,19,20,0.95
24,after,12,2,20,20,1.0
24,after,13,2,11,20,0.55
24,after,14,2,20,20,1.0
24,after,15,1,20,20,1.0
24,after,16,2,20,20,1.0
24,after,17,1,20,20,1.0
24,after,18,2,20,20,1.0
24,after,19,1,20,20,1.0
24,after,20,1,20,20,1.0
24,after,21,1,16,20,0.8
24,after,22,2,20,20,1.0
24,after,23,2,19,20,0.95
24,after,24,1,20,20,1.0
24,after,25,0,19,20,0.95
24,after,26,2,20,20,1.0
24,after,27,2,20,20,1.0
24,after,28,1,16,20,0.8
24,after,29,1,12,20,0.6
24,after,30,2,18,20,0.9
24,after,31,2,20,20,1.0
24,after,32,2,20,20,1.0
24,after,33,1,12,20,0.6
24,after,34,2,20,20,1.0
24,after,35,0,16,20,0.8
24,after,36,1,14,20,0.7
24,after,37,0,20,20,1.0
24,after,38,2,20,20,1.0
24,after,39,2,20,20,1.0
24,after,40,0,13,20,0.65
24,after,41,2,20,20,1.0
24,after,42,2,20,20,1.0
24,after,43,1,11,20,0.55
24,after,44,2,12,20,0.6
24,after,45,1,19,20,0.95
24,after,46,2,19,20,0.95
24,after,47,0,15,20,0.75
24,after,48,2,20,20,1.0
24,after,49,2,20,20,1.0
24,after,50,2,20,20,1.0
24,after,51,1,15,20,0.75
24,after,52,0,20,20,1.0
24,after,53,2,20,20,1.0
24,after,54,2,18,20,0.9
24,after,55,0,10,20,0.5
24,after,56,1,20,20,1.0
24,after,57,2,20,20,1.0
24,after,58,1,18,20,0.9
24,after,59,1,20,20,1.0
24,after,60,1,20,20,1.0
24,after,61,0,14,20,0.7
24,after,62,1,19,20,0.95
24,after,63,1,19,20,0.95
24,after,64,2,14,20,0.7
24,after,65,1,20,20,1.0
24,after,66,2,20,20,1.0
24,after,67,2,20,20,1.0
24,after,68,2,20,20,1.0
24,after,69,2,20,20,1.0
24,after,70,0,19,20,0.95
24,after,71,2,17,20,0.85
24,after,72,1,20,20,1.0
24,after,73,2,20,20,1.0
24,after,74,2,20,20,1.0
24,after,75,2,20,20,1.0
24,after,76,2,18,20,0.9
24,after,77,2,20,20,1.0
24,after,78,1,20,20,1.0
24,after,79,2,20,20,1.0
24,after,80,2,20,20,1.0
24,after,81,1,20,20,1.0
24,after,82,2,20,20,1.0
24,after,83,1,15,20,0.75
24,after,84,1,19,20,0.95
24,after,85,2,20,20,1.0
24,after,86,1,20,20,1.0
24,after,87,1,20,20,1.0
24,after,88,2,20,20,1.0
24,after,89,1,20,20,1.0
24,after,90,2,20,20,1.0
24,after,91,2,20,20,1.0
24,after,92,1,20,20,1.0
24,after,93,1,19,20,0.95
24,after,94,1,20,20,1.0
24,after,95,0,10,20,0.5
24,after,96,0,20,20,1.0
24,after,97,2,12,20,0.6
24,after,98,1,14,20,0.7
24,after,99,2,20,20,1.0
24,after,100,2,20,20,1.0
24,after,101,2,20,20,1.0
24,after,102,2,20,20,1.0
24,after,103,2,17,20,0.85
24,after,104,2,13,20,0.65
24,after,105,2,14,20,0.7
24,after,106,2,20,20,1.0
24,after,107,2,20,20,1.0
24,after,108,2,20,20,1.0
24,after,109,2,20,20,1.0
24,after,110,1,17,20,0.85
24,after,111,1,19,20,0.95
24,after,112,1,11,20,0.55
24,after,113,2,18,20,0.9
24,after,114,2,20,20,1.0
24,after,115,1,17,20,0.85
24,after,116,2,20,20,1.0
24,after,117,2,20,20,1.0
24,after,118,2,18,20,0.9
24,after,119,2,20,20,1.0
24,after,120,2,19,20,0.95
24,after,121,2,20,20,1.0
24,after,122,2,20,20,1.0
24,after,123,1,19,20,0.95
24,after,124,2,20,20,1.0
24,after,125,1,20,20,1.0
24,after,126,2,20,20,1.0
24,after,127,0,19,20,0.95
24,after,128,2,20,20,1.0
24,after,129,1,20,20,1.0
24,after,130,2,20,20,1.0
24,before,0,2,17,20,0.85
24,before,1,1,20,20,1.0
24,before,2,0,15,20,0.75
24,before,3,0,19,20,0.95
24,before,4,0,10,20,0.5
24,before,5,1,15,20,0.75
24,before,6,2,20,20,1.0
24,before,7,1,20,20,1.0
24,before,8,2,19,20,0.95
24,before,9,0,20,20,1.0
24,before,10,2,14,20,0.7
24,before,11,1,20,20,1.0
24,before,12,2,20,20,1.0
24,before,13,0,13,20,0.65
24,before,14,2,20,20,1.0
24,before,15,1,20,20,1.0
24,before,16,2,15,20,0.75
24,before,17,1,20,20,1.0
24,before,18,2,20,20,1.0
24,before,19,1,20,20,1.0
24,before,20,1,18,20,0.9
24,before,21,1,19,20,0.95
24,before,22,2,20,20,1.0
24,before,23,2,20,20,1.0
24,before,24,1,20,20,1.0
24,before,25,0,20,20,1.0
24,before,26,2,20,20,1.0
24,before,27,2,20,20,1.0
24,before,28,1,15,20,0.75
24,before,29,1,10,20,0.5
24,before,30,2,14,20,0.7
24,before,31,2,20,20,1.0
24,before,32,2,20,20,1.0
24,before,33,1,12,20,0.6
24,before,34,2,20,20,1.0
24,before,35,0,11,20,0.55
24,before,36,1,11,20,0.55
24,before,37,0,20,20,1.0
24,before,38,2,20,20,1.0
24,before,39,2,16,20,0.8
24,before,40,0,18,20,0.9
24,before,41,2,20,20,1.0
24,before,42,2,20,20,1.0
24,before,43,2,13,20,0.65
24,before,44,1,10,20,0.5
24,before,45,1,20,20,1.0
24,before,46,2,17,20,0.85
24,before,47,0,13,20,0.65
24,before,48,2,20,20,1.0
24,before,49,2,20,20,1.0
24,before,50,2,20,20,1.0
24,before,51,2,10,20,0.5
24,before,52,0,20,20,1.0
24,before,53,2,20,20,1.0
24,before,54,2,11,20,0.55
24,before,55,0,10,20,0.5
24,before,56,1,20,20,1.0
24,before,57,2,20,20,1.0
24,before,58,1,19,20,0.95
24,before,59,1,20,20,1.0
24,before,60,1,20,20,1.0
24,before,61,2,9,20,0.45
24,before,62,1,15,20,0.75
24,before,63,1,20,20,1.0
24,before,64,2,11,20,0.55
24,before,65,1,20,20,1.0
24,before,66,2,20,20,1.0
24,before,67,2,19,20,0.95
24,before,68,2,20,20,1.0
24,before,69,2,20,20,1.0
24,before,70,0,19,20,0.95
24,before,71,2,20,20,1.0
24,before,72,1,20,20,1.0
24,before,73,2,20,20,1.0
24,before,74,2,20,20,1.0
24,before,75,2,14,20,0.7
24,before,76,2,10,20,0.5
24,before,77,2,14,20,0.7
24,before,78,1,20,20,1.0
24,before,79,2,20,20,1.0
24,before,80,2,20,20,1.0
24,before,81,1,20,20,1.0
24,before,82,2,20,20,1.0
24,before,83,1,14,20,0.7
24,before,84,1,20,20,1.0
24,before,85,2,19,20,0.95
24,before,86,1,20,20,1.0
24,before,87,1,20,20,1.0
24,before,88,2,20,20,1.0
24,before,89,1,20,20,1.0
24,before,90,2,20,20,1.0
24,before,91,2,20,20,1.0
24,before,92,1,20,20,1.0
24,before,93,1,19,20,0.95
24,before,94,1,20,20,1.0
24,before,95,0,11,20,0.55
24,before,96,0,20,20,1.0
24,before,97,2,14,20,0.7
24,before,98,1,13,20,0.65
24,before,99,2,20,20,1.0
24,before,100,2,20,20,1.0
24,before,101,2,19,20,0.95
24,before,102,2,20,20,1.0
24,before,103,2,20,20,1.0
24,before,104,2,15,20,0.75
24,before,105,2,16,20,0.8
24,before,106,2,20,20,1.0
24,before,107,2,20,20,1.0
24,before,108,2,20,20,1.0
24,before,109,2,20,20,1.0
24,before,110,1,14,20,0.7
24,before,111,1,20,20,1.0
24,before,112,1,13,20,0.65
24,before,113,2,20,20,1.0
24,before,114,2,20,20,1.0
24,before,115,1,16,20,0.8
24,before,116,2,20,20,1.0
24,before,117,2,14,20,0.7
24,before,118,2,16,20,0.8
24,before,119,2,20,20,1.0
24,before,120,2,11,20,0.55
24,before,121,2,20,20,1.0
24,before,122,2,20,20,1.0
24,before,123,1,20,20,1.0
24,before,124,2,20,20,1.0
24,before,125,1,20,20,1.0
24,before,126,2,20,20,1.0
24,before,127,0,20,20,1.0
24,before,128,2,20,20,1.0
24,before,129,1,20,20,1.0
24,before,130,2,20,20,1.0
25,after,0,2,19,20,0.95
25,after,1,1,20,20,1.0
25,after,2,0,17,20,0.85
25,after,3,0,16,20,0.8
25,after,4,2,16,20,0.8
25,after,5,1,18,20,0.9
25,after,6,2,20,20,1.0
25,after,7,1,20,20,1.0
25,after,8,2,18,20,0.9
25,after,9,0,17,20,0.85
25,after,10,2,18,20,0.9
25,after,11,1,20,20,1.0
25,after,12,2,20,20,1.0
25,after,13,2,15,20,0.75
25,after,14,2,20,20,1.0
25,after,15,1,20,20,1.0
25,after,16,2,18,20,0.9
25,after,17,1,20,20,1.0
25,after,18,2,20,20,1.0
25,after,19,1,20,20,1.0
25,after,20,1,20,20,1.0
25,after,21,1,13,20,0.65
25,after,22,2,20,20,1.0
25,after,23,2,19,20,0.95
25,after,24,1,20,20,1.0
25,after,25,0,20,20,1.0
25,after,26,2,20,20,1.0
25,after,27,2,20,20,1.0
25,after,28,1,19,20,0.95
25,after,29,1,12,20,0.6
25,after,30,2,20,20,1.0
25,after,31,2,20,20,1.0
25,after,32,2,20,20,1.0
25,after,33,1,13,20,0.65
25,after,34,2,20,20,1.0
25,after,35,0,15,20,0.75
25,after,36,1,8,20,0.4
25,after,37,0,20,20,1.0
25,after,38,2,20,20,1.0
25,after,39,2,20,20,1.0
25,after,40,0,17,20,0.85
25,after,41,2,20,20,1.0
25,after,42,2,19,20,0.95
25,after,43,2,10,20,0.5
25,after,44,2,15,20,0.75
25,after,45,1,19,20,0.95
25,after,46,2,20,20,1.0
25,after,47,0,11,20,0.55
25,after,48,2,20,20,1.0
25,after,49,2,20,20,1.0
25,after,50,2,20,20,1.0
25,after,51,1,12,20,0.6
25,after,52,0,19,20,0.95
25,after,53,2,20,20,1.0
25,after,54,2,20,20,1.0
25,after,55,2,12,20,0.6
25,after,56,1,20,20,1.0
25,after,57,2,20,20,1.0
25,after,58,1,17,20,0.85
25,after,59,1,20,20,1.0
25,after,60,1,20,20,1.0
25,after,61,0,17,20,0.85
25,after,62,1,20,20,1.0
25,after,63,1,19,20,0.95
25,after,64,2,14,20,0.7
25,after,65,1,20,20,1.0
25,after,66,2,19,20,0.95
25,after,67,2,20,20,1.0
25,after,68,2,20,20,1.0
25,after,69,2,20,20,1.0
25,after,70,0,18,20,0.9
25,after,71,2,18,20,0.9
25,after,72,1,20,20,1.0
25,after,73,2,20,20,1.0
25,after,74,2,20,20,1.0
25,after,75,2,20,20,1.0
25,after,76,2,17,20,0.85
25,after,77,2,20,20,1.0
25,after,78,1,20,20,1.0
25,after,79,2,20,20,1.0
25,after,80,2,20,20,1.0
25,after,81,1,20,20,1.0
25,after,82,2,20,20,1.0
25,after,83,1,13,20,0.65
25,after,84,1,19,20,0.95
25,after,85,2,20,20,1.0
25,after,86,1,19,20,0.95
25,after,87,1,20,20,1.0
25,after,88,2,20,20,1.0
25,after,89,1,20,20,1.0
25,after,90,2,20,20,1.0
25,after,91,2,20,20,1.0
25,after,92,1,18,20,0.9
25,after,93,1,18,20,0.9
25,after,94,1,20,20,1.0
25,after,95,2,12,20,0.6
25,after,96,0,20,20,1.0
25,after,97,2,11,20,0.55
25,after,98,1,13,20,0.65
25,after,99,2,20,20,1.0
25,after,100,2,20,20,1.0
25,after,101,2,20,20,1.0
25,after,102,2,20,20,1.0
25,after,103,2,16,20,0.8
25,after,104,2,13,20,0.65
25,after,105,2,15,20,0.75
25,after,106,2,20,20,1.0
25,after,107,2,20,20,1.0
25,after,108,2,20,20,1.0
25,after,109,2,20,20,1.0
25,after,110,1,15,20,0.75
25,after,111,1,19,20,0.95
25,after,112,1,12,20,0.6
25,after,113,2,15,20,0.75
25,after,114,2,20,20,1.0
25,after,115,1,17,20,0.85
25,after,116,2,20,20,1.0
25,after,117,2,18,20,0.9
25,after,118,2,19,20,0.95
25,after,119,2,20,20,1.0
25,after,120,2,19,20,0.95
25,after,121,2,19,20,0.95
25,after,122,2,20,20,1.0
25,after,123,1,20,20,1.0
25,after,124,2,20,20,1.0
25,after,125,1,19,20,0.95
25,after,126,2,20,20,1.0
25,after,127,0,20,20,1.0
25,after,128,2,19,20,0.95
25,after,129,1,16,20,0.8
25,after,130,2,20,20,1.0
25,before,0,2,20,20,1.0
25,before,1,1,20,20,1.0
25,before,2,0,20,20,1.0
25,before,3,0,14,20,0.7
25,before,4,2,13,20,0.65
25,before,5,1,19,20,0.95
25,before,6,2,20,20,1.0
25,before,7,1,20,20,1.0
25,before,8,2,20,20,1.0
25,before,9,0,19,20,0.95
25,before,10,2,16,20,0.8
25,before,11,1,20,20,1.0
25,before,12,2,20,20,1.0
25,before,13,2,14,20,0.7
25,before,14,2,20,20,1.0
25,before,15,1,20,20,1.0
25,before,16,2,20,20,1.0
25,before,17,1,20,20,1.0
25,before,18,2,20,20,1.0
25,before,19,1,20,20,1.0
25,before,20,1,20,20,1.0
25,before,21,1,15,20,0.75
25,before,22,2,20,20,1.0
25,before,23,2,20,20,1.0
25,before,24,1,20,20,1.0
25,before,25,0,20,20,1.0
25,before,26,2,20,20,1.0
25,before,27,2,20,20,1.0
25,before,28,1,19,20,0.95
25,before,29,1,14,20,0.7
25,before,30,2,20,20,1.0
25,before,31,2,20,20,1.0
25,before,32,2,20,20,1.0
25,before,33,2,14,20,0.7
25,before,34,2,20,20,1.0
25,before,35,0,15,20,0.75
25,before,36,1,11,20,0.55
25,before,37,0,20,20,1.0
25,before,38,2,20,20,1.0
25,before,39,2,20,20,1.0
25,before,40,0,12,20,0.6
25,before,41,2,20,20,1.0
25,before,42,2,20,20,1.0
25,before,43,2,12,20,0.6
25,before,44,2,13,20,0.65
25,before,45,1,20,20,1.0
25,before,46,2,20,20,1.0
25,before,47,2,13,20,0.65
25,before,48,2,20,20,1.0
25,before,49,2,20,20,1.0
25,before,50,2,20,20,1.0
25,before,51,1,14,20,0.7
25,before,52,0,20,20,1.0
25,before,53,2,20,20,1.0
25,before,54,2,20,20,1.0
25,before,55,2,15,20,0.75
25,before,56,1,20,20,1.0
25,before,57,2,20,20,1.0
25,before,58,1,11,20,0.55
25,before,59,1,19,20,0.95
25,before,60,1,20,20,1.0
25,before,61,0,18,20,0.9
25,before,62,1,19,20,0.95
25,before,63,1,20,20,1.0
25,before,64,2,15,20,0.75
25,before,65,1,20,20,1.0
25,before,66,2,20,20,1.0
25,before,67,2,20,20,1.0
25,before,68,2,20,20,1.0
25,before,69,2,20,20,1.0
25,before,70,0,20,20,1.0
25,before,71,2,20,20,1.0
25,before,72,1,19,20,0.95
25,before,73,2,20,20,1.0
25,before,74,2,20,20,1.0
25,before,75,2,20,20,1.0
25,before,76,2,19,20,0.95
25,before,77,2,20,20,1.0
25,before,78,1,19,20,0.95
25,before,79,2,20,20,1.0
25,before,80,2,20,20,1.0
25,before,81,1,20,20,1.0
25,before,82,2,20,20,1.0
25,before,83,1,20,20,1.0
25,before,84,1,20,20,1.0
25,before,85,2,20,20,1.0
25,before,86,1,18,20,0.9
25,before,87,1,20,20,1.0
25,before,88,2,20,20,1.0
25,before,89,1,20,20,1.0
25,before,90,2,20,20,1.0
25,before,91,2,20,20,1.0
25,before,92,1,17,20,0.85
25,before,93,1,19,20,0.95
25,before,94,1,20,20,1.0
25,before,95,2,15,20,0.75
25,before,96,0,20,20,1.0
25,before,97,2,17,20,0.85
25,before,98,1,10,20,0.5
25,before,99,2,20,20,1.0
25,before,100,2,20,20,1.0
25,before,101,2,20,20,1.0
25,before,102,2,20,20,1.0
25,before,103,2,20,20,1.0
25,before,104,2,12,20,0.6
25,before,105,2,16,20,0.8
25,before,106,2,20,20,1.0
25,before,107,2,20,20,1.0
25,before,108,2,20,20,1.0
25,before,109,2,20,20,1.0
25,before,110,1,19,20,0.95
25,before,111,1,20,20,1.0
25,before,112,2,11,20,0.55
25,before,113,2,16,20,0.8
25,before,114,2,20,20,1.0
25,before,115,1,19,20,0.95
25,before,116,2,20,20,1.0
25,before,117,2,20,20,1.0
25,before,118,2,20,20,1.0
25,before,119,2,20,20,1.0
25,before,120,2,19,20,0.95
25,before,121,2,20,20,1.0
25,before,122,2,20,20,1.0
25,before,123,1,19,20,0.95
25,before,124,2,20,20,1.0
25,before,125,1,16,20,0.8
25,before,126,2,20,20,1.0
25,before,127,0,20,20,1.0
25,before,128,2,20,20,1.0
25,before,129,1,14,20,0.7
25,before,130,2,20,20,1.0
26,after,0,2,20,20,1.0
26,after,1,1,20,20,1.0
26,after,2,0,18,20,0.9
26,after,3,0,19,20,0.95
26,after,4,2,17,20,0.85
26,after,5,1,20,20,1.0
26,after,6,2,20,20,1.0
26,after,7,1,20,20,1.0
26,after,8,2,20,20,1.0
26,after,9,0,18,20,0.9
26,after,10,2,17,20,0.85
26,after,11,1,20,20,1.0
26,after,12,2,20,20,1.0
26,after,13,2,15,20,0.75
26,after,14,2,20,20,1.0
26,after,15,1,20,20,1.0
26,after,16,2,19,20,0.95
26,after,17,1,20,20,1.0
26,after,18,2,20,20,1.0
26,after,19,1,20,20,1.0
26,after,20,1,20,20,1.0
26,after,21,1,12,20,0.6
26,after,22,2,20,20,1.0
26,after,23,2,18,20,0.9
26,after,24,1,20,20,1.0
26,after,25,0,20,20,1.0
26,after,26,2,20,20,1.0
26,after,27,2,20,20,1.0
26,after,28,1,18,20,0.9
26,after,29,1,10,20,0.5
26,after,30,2,19,20,0.95
26,after,31,2,20,20,1.0
26,after,32,2,20,20,1.0
26,after,33,1,10,20,0.5
26,after,34,2,20,20,1.0
26,after,35,0,19,20,0.95
26,after,36,1,8,20,0.4
26,after,37,0,20,20,1.0
26,after,38,2,20,20,1.0
26,after,39,2,20,20,1.0
26,after,40,0,18,20,0.9
26,after,41,2,20,20,1.0
26,after,42,2,20,20,1.0
26,after,43,1,10,20,0.5
26,after,44,2,12,20,0.6
26,after,45,1,20,20,1.0
26,after,46,2,19,20,0.95
26,after,47,0,12,20,0.6
26,after,48,2,20,20,1.0
26,after,49,2,20,20,1.0
26,after,50,2,20,20,1.0
26,after,51,1,12,20,0.6
26,after,52,0,20,20,1.0
26,after,53,2,20,20,1.0
26,after,54,2,20,20,1.0
26,after,55,2,12,20,0.6
26,after,56,1,20,20,1.0
26,after,57,2,20,20,1.0
26,after,58,1,15,20,0.75
26,after,59,1,20,20,1.0
26,after,60,1,20,20,1.0
26,after,61,0,17,20,0.85
26,after,62,1,20,20,1.0
26,after,63,1,20,20,1.0
26,after,64,2,16,20,0.8
26,after,65,1,20,20,1.0
26,after,66,2,20,20,1.0
26,after,67,2,20,20,1.0
26,after,68,2,20,20,1.0
26,after,69,2,20,20,1.0
26,after,70,0,20,20,1.0
26,after,71,2,17,20,0.85
26,after,72,1,19,20,0.95
26,after,73,2,20,20,1.0
26,after,74,2,20,20,1.0
26,after,75,2,20,20,1.0
26,after,76,2,19,20,0.95
26,after,77,2,20,20,1.0
26,after,78,1,19,20,0.95
26,after,79,2,20,20,1.0
26,after,80,2,20,20,1.0
26,after,81,1,20,20,1.0
26,after,82,2,20,20,1.0
26,after,83,1,15,20,0.75
26,after,84,1,19,20,0.95
26,after,85,2,20,20,1.0
26,after,86,1,20,20,1.0
26,after,87,1,20,20,1.0
26,after,88,2,20,20,1.0
26,after,89,1,20,20,1.0
26,after,90,2,20,20,1.0
26,after,91,2,19,20,0.95
26,after,92,1,20,20,1.0
26,after,93,1,19,20,0.95
26,after,94,1,20,20,1.0
26,after,95,2,13,20,0.65
26,after,96,0,20,20,1.0
26,after,97,2,14,20,0.7
26,after,98,1,10,20,0.5
26,after,99,2,20,20,1.0
26,after,100,2,20,20,1.0
26,after,101,2,19,20,0.95
26,after,102,2,20,20,1.0
26,after,103,2,20,20,1.0
26,after,104,2,11,20,0.55
26,after,105,2,15,20,0.75
26,after,106,2,20,20,1.0
26,after,107,2,20,20,1.0
26,after,108,2,20,20,1.0
26,after,109,2,20,20,1.0
26,after,110,1,19,20,0.95
26,after,111,1,18,20,0.9
26,after,112,1,11,20,0.55
26,after,113,2,20,20,1.0
26,after,114,2,20,20,1.0
26,after,115,1,17,20,0.85
26,after,116,2,20,20,1.0
26,after,117,2,19,20,0.95
26,after,118,2,19,20,0.95
26,after,119,2,20,20,1.0
26,after,120,2,19,20,0.95
26,after,121,2,20,20,1.0
26,after,122,2,20,20,1.0
26,after,123,1,20,20,1.0
26,after,124,2,20,20,1.0
26,after,125,1,20,20,1.0
26,after,126,2,20,20,1.0
26,after,127,0,20,20,1.0
26,after,128,2,20,20,1.0
26,after,129,1,18,20,0.9
26,after,130,2,20,20,1.0
26,before,0,2,17,20,0.85
26,before,1,1,20,20,1.0
26,before,2,0,14,20,0.7
26,before,3,0,10,20,0.5
26,before,4,2,18,20,0.9
26,before,5,1,20,20,1.0
26,before,6,2,20,20,1.0
26,before,7,1,20,20,1.0
26,before,8,2,14,20,0.7
26,before,9,0,19,20,0.95
26,before,10,2,20,20,1.0
26,before,11,1,20,20,1.0
26,before,12,2,20,20,1.0
26,before,13,2,15,20,0.75
26,before,14,2,20,20,1.0
26,before,15,1,20,20,1.0
26,before,16,2,20,20,1.0
26,before,17,1,20,20,1.0
26,before,18,2,20,20,1.0
26,before,19,1,20,20,1.0
26,before,20,1,20,20,1.0
26,before,21,1,13,20,0.65
26,before,22,2,20,20,1.0
26,before,23,2,20,20,1.0
26,before,24,1,20,20,1.0
26,before,25,0,20,20,1.0
26,before,26,2,20,20,1.0
26,before,27,2,20,20,1.0
26,before,28,1,19,20,0.95
26,before,29,1,12,20,0.6
26,before,30,2,20,20,1.0
26,before,31,2,20,20,1.0
26,before,32,2,20,20,1.0
26,before,33,2,10,20,0.5
26,before,34,2,20,20,1.0
26,before,35,0,20,20,1.0
26,before,36,0,10,20,0.5
26,before,37,0,20,20,1.0
26,before,38,2,20,20,1.0
26,before,39,2,20,20,1.0
26,before,40,0,15,20,0.75
26,before,41,2,20,20,1.0
26,before,42,2,20,20,1.0
26,before,43,1,14,20,0.7
26,before,44,2,13,20,0.65
26,before,45,1,12,20,0.6
26,before,46,2,20,20,1.0
26,before,47,0,11,20,0.55
26,before,48,2,20,20,1.0
26,before,49,2,20,20,1.0
26,before,50,2,20,20,1.0
26,before,51,1,18,20,0.9
26,before,52,0,20,20,1.0
26,before,53,2,20,20,1.0
26,before,54,2,20,20,1.0
26,before,55,2,12,20,0.6
26,before,56,1,20,20,1.0
26,before,57,2,20,20,1.0
26,before,58,1,19,20,0.95
26,before,59,1,20,20,1.0
26,before,60,1,20,20,1.0
26,before,61,0,17,20,0.85
26,before,62,1,20,20,1.0
26,before,63,1,14,20,0.7
26,before,64,2,17,20,0.85
26,before,65,1,20,20,1.0
26,before,66,2,20,20,1.0
26,before,67,2,20,20,1.0
26,before,68,2,20,20,1.0
26,before,69,2,20,20,1.0
26,before,70,0,20,20,1.0
26,before,71,2,19,20,0.95
26,before,72,1,19,20,0.95
26,before,73,2,20,20,1.0
26,before,74,2,20,20,1.0
26,before,75,2,20,20,1.0
26,before,76,2,20,20,1.0
26,before,77,2,20,20,1.0
26,before,78,1,20,20,1.0
26,before,79,2,20,20,1.0
26,before,80,2,20,20,1.0
26,before,81,1,20,20,1.0
26,before,82,2,20,20,1.0
26,before,83,1,13,20,0.65
26,before,84,1,20,20,1.0
26,before,85,2,20,20,1.0
26,before,86,1,20,20,1.0
26,before,87,1,20,20,1.0
26,before,88,2,20,20,1.0
26,before,89,1,20,20,1.0
26,before,90,2,20,20,1.0
26,before,91,2,20,20,1.0
26,before,92,1,20,20,1.0
26,before,93,1,19,20,0.95
26,before,94,1,20,20,1.0
26,before,95,0,13,20,0.65
26,before,96,0,20,20,1.0
26,before,97,2,14,20,0.7
26,before,98,1,9,20,0.45
26,before,99,2,20,20,1.0
26,before,100,2,20,20,1.0
26,before,101,2,20,20,1.0
26,before,102,2,20,20,1.0
26,before,103,2,16,20,0.8
26,before,104,1,12,20,0.6
26,before,105,2,20,20,1.0
26,before,106,2,20,20,1.0
26,before,107,2,20,20,1.0
26,before,108,2,20,20,1.0
26,before,109,2,20,20,1.0
26,before,110,1,20,20,1.0
26,before,111,1,12,20,0.6
26,before,112,1,12,20,0.6
26,before,113,2,13,20,0.65
26,before,114,2,20,20,1.0
26,before,115,1,12,20,0.6
26,before,116,2,20,20,1.0
26,before,117,2,20,20,1.0
26,before,118,2,20,20,1.0
26,before,119,2,20,20,1.0
26,before,120,2,20,20,1.0
26,before,121,2,20,20,1.0
26,before,122,2,20,20,1.0
26,before,123,1,20,20,1.0
26,before,124,2,20,20,1.0
26,before,125,1,19,20,0.95
26,before,126,2,20,20,1.0
26,before,127,0,20,20,1.0
26,before,128,2,20,20,1.0
26,before,129,1,19,20,0.95
26,before,130,2,20,20,1.0
27,after,0,2,19,20,0.95
27,after,1,1,20,20,1.0
27,after,2,0,18,20,0.9
27,after,3,0,15,20,0.75
27,after,4,2,19,20,0.95
27,after,5,1,20,20,1.0
27,after,6,2,20,20,1.0
27,after,7,1,17,20,0.85
27,after,8,2,19,20,0.95
27,after,9,0,19,20,0.95
27,after,10,2,18,20,0.9
27,after,11,1,20,20,1.0
27,after,12,2,20,20,1.0
27,after,13,0,11,20,0.55
27,after,14,2,20,20,1.0
27,after,15,1,20,20,1.0
27,after,16,2,20,20,1.0
27,after,17,1,20,20,1.0
27,after,18,2,20,20,1.0
27,after,19,1,20,20,1.0
27,after,20,1,20,20,1.0
27,after,21,1,16,20,0.8
27,after,22,2,20,20,1.0
27,after,23,2,20,20,1.0
27,after,24,1,20,20,1.0
27,after,25,0,20,20,1.0
27,after,26,2,20,20,1.0
27,after,27,2,20,20,1.0
27,after,28,1,19,20,0.95
27,after,29,0,18,20,0.9
27,after,30,2,20,20,1.0
27,after,31,2,20,20,1.0
27,after,32,2,20,20,1.0
27,after,33,1,12,20,0.6
27,after,34,2,20,20,1.0
27,after,35,0,20,20,1.0
27,after,36,0,12,20,0.6
27,after,37,0,19,20,0.95
27,after,38,2,20,20,1.0
27,after,39,2,20,20,1.0
27,after,40,0,14,20,0.7
27,after,41,2,20,20,1.0
27,after,42,2,20,20,1.0
27,after,43,2,13,20,0.65
27,after,44,2,19,20,0.95
27,after,45,1,20,20,1.0
27,after,46,2,20,20,1.0
27,after,47,0,10,20,0.5
27,after,48,2,20,20,1.0
27,after,49,2,19,20,0.95
27,after,50,2,20,20,1.0
27,after,51,1,12,20,0.6
27,after,52,0,19,20,0.95
27,after,53,2,20,20,1.0
27,after,54,2,19,20,0.95
27,after,55,0,10,20,0.5
27,after,56,1,20,20,1.0
27,after,57,2,20,20,1.0
27,after,58,1,20,20,1.0
27,after,59,1,19,20,0.95
27,after,60,1,20,20,1.0
27,after,61,0,18,20,0.9
27,after,62,1,20,20,1.0
27,after,63,1,16,20,0.8
27,after,64,2,17,20,0.85
27,after,65,1,20,20,1.0
27,after,66,2,20,20,1.0
27,after,67,2,20,20,1.0
27,after,68,2,20,20,1.0
27,after,69,2,20,20,1.0
27,after,70,0,20,20,1.0
27,after,71,2,18,20,0.9
27,after,72,1,20,20,1.0
27,after,73,2,20,20,1.0
27,after,74,2,20,20,1.0
27,after,75,2,20,20,1.0
27,after,76,2,17,20,0.85
27,after,77,2,20,20,1.0
27,after,78,1,19,20,0.95
27,after,79,2,20,20,1.0
27,after,80,2,20,20,1.0
27,after,81,1,20,20,1.0
27,after,82,2,20,20,1.0
27,after,83,1,17,20,0.85
27,after,84,1,19,20,0.95
27,after,85,2,20,20,1.0
27,after,86,1,20,20,1.0
27,after,87,1,20,20,1.0
27,after,88,2,20,20,1.0
27,after,89,1,20,20,1.0
27,after,90,2,20,20,1.0
27,after,91,2,20,20,1.0
27,after,92,1,20,20,1.0
27,after,93,1,19,20,0.95
27,after,94,1,20,20,1.0
27,after,95,2,12,20,0.6
27,after,96,0,19,20,0.95
27,after,97,0,11,20,0.55
27,after,98,1,16,20,0.8
27,after,99,2,20,20,1.0
27,after,100,2,20,20,1.0
27,after,101,2,19,20,0.95
27,after,102,2,20,20,1.0
27,after,103,2,17,20,0.85
27,after,104,1,19,20,0.95
27,after,105,2,16,20,0.8
27,after,106,2,20,20,1.0
27,after,107,2,20,20,1.0
27,after,108,2,20,20,1.0
27,after,109,2,20,20,1.0
27,after,110,1,15,20,0.75
27,after,111,1,15,20,0.75
27,after,112,1,13,20,0.65
27,after,113,2,19,20,0.95
27,after,114,2,20,20,1.0
27,after,115,1,15,20,0.75
27,after,116,2,20,20,1.0
27,after,117,2,19,20,0.95
27,after,118,2,20,20,1.0
27,after,119,2,20,20,1.0
27,after,120,2,19,20,0.95
27,after,121,2,20,20,1.0
27,after,122,2,20,20,1.0
27,after,123,1,20,20,1.0
27,after,124,2,20,20,1.0
27,after,125,1,20,20,1.0
27,after,126,2,20,20,1.0
27,after,127,0,19,20,0.95
27,after,128,2,20,20,1.0
27,after,129,1,18,20,0.9
27,after,130,2,20,20,1.0
27,before,0,2,20,20,1.0
27,before,1,1,20,20,1.0
27,before,2,0,18,20,0.9
27,before,3,0,19,20,0.95
27,before,4,2,19,20,0.95
27,before,5,1,19,20,0.95
27,before,6,2,20,20,1.0
27,before,7,1,19,20,0.95
27,before,8,2,19,20,0.95
27,before,9,0,15,20,0.75
27,before,10,2,20,20,1.0
27,before,11,1,20,20,1.0
27,before,12,2,20,20,1.0
27,before,13,2,16,20,0.8
27,before,14,2,20,20,1.0
27,before,15,1,20,20,1.0
27,before,16,2,20,20,1.0
27,before,17,1,20,20,1.0
27,before,18,2,20,20,1.0
27,before,19,1,20,20,1.0
27,before,20,1,20,20,1.0
27,before,21,1,12,20,0.6
27,before,22,2,20,20,1.0
27,before,23,2,20,20,1.0
27,before,24,1,20,20,1.0
27,before,25,0,20,20,1.0
27,before,26,2,20,20,1.0
27,before,27,2,20,20,1.0
27,before,28,1,20,20,1.0
27,before,29,0,12,20,0.6
27,before,30,2,20,20,1.0
27,before,31,2,20,20,1.0
27,before,32,2,20,20,1.0
27,before,33,1,10,20,0.5
27,before,34,2,20,20,1.0
27,before,35,0,20,20,1.0
27,before,36,2,11,20,0.55
27,before,37,0,20,20,1.0
27,before,38,2,20,20,1.0
27,before,39,2,20,20,1.0
27,before,40,0,11,20,0.55
27,before,41,2,20,20,1.0
27,before,42,2,20,20,1.0
27,before,43,1,10,20,0.5
27,before,44,2,20,20,1.0
27,before,45,1,20,20,1.0
27,before,46,2,20,20,1.0
27,before,47,2,12,20,0.6
27,before,48,2,20,20,1.0
27,before,49,2,19,20,0.95
27,before,50,2,20,20,1.0
27,before,51,0,9,20,0.45
27,before,52,0,20,20,1.0
27,before,53,2,20,20,1.0
27,before,54,2,20,20,1.0
27,before,55,2,15,20,0.75
27,before,56,1,20,20,1.0
27,before,57,2,20,20,1.0
27,before,58,1,19,20,0.95
27,before,59,1,19,20,0.95
27,before,60,1,20,20,1.0
27,before,61,0,17,20,0.85
27,before,62,1,20,20,1.0
27,before,63,1,19,20,0.95
27,before,64,2,15,20,0.75
27,before,65,1,20,20,1.0
27,before,66,2,20,20,1.0
27,before,67,2,20,20,1.0
27,before,68,2,20,20,1.0
27,before,69,2,20,20,1.0
27,before,70,0,20,20,1.0
27,before,71,2,20,20,1.0
27,before,72,1,20,20,1.0
27,before,73,2,20,20,1.0
27,before,74,2,20,20,1.0
27,before,75,2,20,20,1.0
27,before,76,2,20,20,1.0
27,before,77,2,20,20,1.0
27,before,78,1,19,20,0.95
27,before,79,2,20,20,1.0
27,before,80,2,20,20,1.0
27,before,81,1,20,20,1.0
27,before,82,2,20,20,1.0
27,before,83,1,20,20,1.0
27,before,84,1,20,20,1.0
27,before,85,2,20,20,1.0
27,before,86,1,20,20,1.0
27,before,87,1,20,20,1.0
27,before,88,2,20,20,1.0
27,before,89,1,20,20,1.0
27,before,90,2,20,20,1.0
27,before,91,2,20,20,1.0
27,before,92,1,20,20,1.0
27,before,93,1,19,20,0.95
27,before,94,1,20,20,1.0
27,before,95,2,14,20,0.7
27,before,96,0,20,20,1.0
27,before,97,2,17,20,0.85
27,before,98,1,7,20,0.35
27,before,99,2,20,20,1.0
27,before,100,2,20,20,1.0
27,before,101,2,20,20,1.0
27,before,102,2,20,20,1.0
27,before,103,2,20,20,1.0
27,before,104,1,19,20,0.95
27,before,105,2,17,20,0.85
27,before,106,2,20,20,1.0
27,before,107,2,20,20,1.0
27,before,108,2,20,20,1.0
27,before,109,2,20,20,1.0
27,before,110,1,17,20,0.85
27,before,111,1,17,20,0.85
27,before,112,1,12,20,0.6
27,before,113,2,20,20,1.0
27,before,114,2,20,20,1.0
27,before,115,1,16,20,0.8
27,before,116,2,20,20,1.0
27,before,117,2,20,20,1.0
27,before,118,2,20,20,1.0
27,before,119,2,20,20,1.0
27,before,120,2,14,20,0.7
27,before,121,2,20,20,1.0
27,before,122,2,20,20,1.0
27,before,123,1,20,20,1.0
27,before,124,2,20,20,1.0
27,before,125,1,18,20,0.9
27,before,126,2,20,20,1.0
27,before,127,0,20,20,1.0
27,before,128,2,20,20,1.0
27,before,129,1,16,20,0.8
27,before,130,2,20,20,1.0
28,after,0,2,20,20,1.0
28,after,1,1,20,20,1.0
28,after,2,0,19,20,0.95
28,after,3,0,17,20,0.85
28,after,4,2,17,20,0.85
28,after,5,1,20,20,1.0
28,after,6,2,20,20,1.0
28,after,7,1,18,20,0.9
28,after,8,2,19,20,0.95
28,after,9,0,20,20,1.0
28,after,10,2,20,20,1.0
28,after,11,1,20,20,1.0
28,after,12,2,20,20,1.0
28,after,13,2,13,20,0.65
28,after,14,2,20,20,1.0
28,after,15,1,20,20,1.0
28,after,16,2,20,20,1.0
28,after,17,1,19,20,0.95
28,after,18,2,20,20,1.0
28,after,19,1,20,20,1.0
28,after,20,1,20,20,1.0
28,after,21,1,14,20,0.7
28,after,22,2,20,20,1.0
28,after,23,2,20,20,1.0
28,after,24,1,20,20,1.0
28,after,25,0,20,20,1.0
28,after,26,2,20,20,1.0
28,after,27,2,20,20,1.0
28,after,28,1,17,20,0.85
28,after,29,0,19,20,0.95
28,after,30,2,20,20,1.0
28,after,31,2,20,20,1.0
28,after,32,2,20,20,1.0
28,after,33,1,13,20,0.65
28,after,34,2,20,20,1.0
28,after,35,0,20,20,1.0
28,after,36,0,18,20,0.9
28,after,37,0,20,20,1.0
28,after,38,2,20,20,1.0
28,after,39,2,20,20,1.0
28,after,40,0,18,20,0.9
28,after,41,2,20,20,1.0
28,after,42,2,20,20,1.0
28,after,43,1,11,20,0.55
28,after,44,2,16,20,0.8
28,after,45,1,20,20,1.0
28,after,46,2,20,20,1.0
28,after,47,0,11,20,0.55
28,after,48,2,20,20,1.0
28,after,49,2,20,20,1.0
28,after,50,2,19,20,0.95
28,after,51,1,10,20,0.5
28,after,52,0,20,20,1.0
28,after,53,2,20,20,1.0
28,after,54,2,20,20,1.0
28,after,55,0,10,20,0.5
28,after,56,1,20,20,1.0
28,after,57,2,20,20,1.0
28,after,58,1,18,20,0.9
28,after,59,1,20,20,1.0
28,after,60,1,20,20,1.0
28,after,61,0,17,20,0.85
28,after,62,1,20,20,1.0
28,after,63,1,18,20,0.9
28,after,64,2,18,20,0.9
28,after,65,1,20,20,1.0
28,after,66,2,20,20,1.0
28,after,67,2,20,20,1.0
28,after,68,2,20,20,1.0
28,after,69,2,20,20,1.0
28,after,70,0,20,20,1.0
28,after,71,2,19,20,0.95
28,after,72,1,19,20,0.95
28,after,73,2,20,20,1.0
28,after,74,2,20,20,1.0
28,after,75,2,20,20,1.0
28,after,76,2,16,20,0.8
28,after,77,2,20,20,1.0
28,after,78,1,20,20,1.0
28,after,79,2,20,20,1.0
28,after,80,2,20,20,1.0
28,after,81,1,20,20,1.0
28,after,82,2,20,20,1.0
28,after,83,1,13,20,0.65
28,after,84,1,17,20,0.85
28,after,85,2,20,20,1.0
28,after,86,1,20,20,1.0
28,after,87,1,20,20,1.0
28,after,88,2,20,20,1.0
28,after,89,1,20,20,1.0
28,after,90,2,20,20,1.0
28,after,91,2,20,20,1.0
28,after,92,1,19,20,0.95
28,after,93,1,19,20,0.95
28,after,94,1,20,20,1.0
28,after,95,2,15,20,0.75
28,after,96,0,19,20,0.95
28,after,97,2,14,20,0.7
28,after,98,1,16,20,0.8
28,after,99,2,20,20,1.0
28,after,100,2,20,20,1.0
28,after,101,2,20,20,1.0
28,after,102,2,20,20,1.0
28,after,103,2,19,20,0.95
28,after,104,1,11,20,0.55
28,after,105,2,10,20,0.5
28,after,106,2,20,20,1.0
28,after,107,2,20,20,1.0
28,after,108,2,20,20,1.0
28,after,109,2,20,20,1.0
28,after,110,1,13,20,0.65
28,after,111,1,17,20,0.85
28,after,112,2,13,20,0.65
28,after,113,2,20,20,1.0
28,after,114,2,20,20,1.0
28,after,115,1,17,20,0.85
28,after,116,2,20,20,1.0
28,after,117,2,20,20,1.0
28,after,118,2,20,20,1.0
28,after,119,2,20,20,1.0
28,after,120,2,18,20,0.9
28,after,121,2,19,20,0.95
28,after,122,2,20,20,1.0
28,after,123,1,20,20,1.0
28,after,124,2,20,20,1.0
28,after,125,1,19,20,0.95
28,after,126,2,20,20,1.0
28,after,127,0,20,20,1.0
28,after,128,2,20,20,1.0
28,after,129,1,15,20,0.75
28,after,130,2,20,20,1.0
28,before,0,2,20,20,1.0
28,before,1,1,20,20,1.0
28,before,2,0,19,20,0.95
28,before,3,2,11,20,0.55
28,before,4,2,20,20,1.0
28,before,5,1,20,20,1.0
28,before,6,2,20,20,1.0
28,before,7,1,20,20,1.0
28,before,8,2,20,20,1.0
28,before,9,0,16,20,0.8
28,before,10,2,20,20,1.0
28,before,11,1,20,20,1.0
28,before,12,2,20,20,1.0
28,before,13,2,14,20,0.7
28,before,14,2,20,20,1.0
28,before,15,1,20,20,1.0
28,before,16,2,20,20,1.0
28,before,17,1,20,20,1.0
28,before,18,2,20,20,1.0
28,before,19,1,20,20,1.0
28,before,20,1,20,20,1.0
28,before,21,1,11,20,0.55
28,before,22,2,20,20,1.0
28,before,23,2,20,20,1.0
28,before,24,1,20,20,1.0
28,before,25,0,19,20,0.95
28,before,26,2,20,20,1.0
28,before,27,2,20,20,1.0
28,before,28,1,18,20,0.9
28,before,29,0,20,20,1.0
28,before,30,2,20,20,1.0
28,before,31,2,20,20,1.0
28,before,32,2,20,20,1.0
28,before,33,1,12,20,0.6
28,before,34,2,20,20,1.0
28,before,35,0,19,20,0.95
28,before,36,0,18,20,0.9
28,before,37,0,20,20,1.0
28,before,38,2,20,20,1.0
28,before,39,2,20,20,1.0
28,before,40,0,20,20,1.0
28,before,41,2,20,20,1.0
28,before,42,2,20,20,1.0
28,before,43,2,12,20,0.6
28,before,44,2,20,20,1.0
28,before,45,1,20,20,1.0
28,before,46,2,20,20,1.0
28,before,47,2,10,20,0.5
28,before,48,2,20,20,1.0
28,before,49,2,20,20,1.0
28,before,50,2,20,20,1.0
28,before,51,0,11,20,0.55
28,before,52,0,16,20,0.8
28,before,53,2,20,20,1.0
28,before,54,2,20,20,1.0
28,before,55,2,14,20,0.7
28,before,56,1,20,20,1.0
28,before,57,2,20,20,1.0
28,before,58,1,20,20,1.0
28,before,59,1,20,20,1.0
28,before,60,1,20,20,1.0
28,before,61,0,20,20,1.0
28,before,62,1,20,20,1.0
28,before,63,1,19,20,0.95
28,before,64,2,19,20,0.95
28,before,65,1,20,20,1.0
28,before,66,2,20,20,1.0
28,before,67,2,20,20,1.0
28,before,68,2,20,20,1.0
28,before,69,2,20,20,1.0
28,before,70,0,19,20,0.95
28,before,71,2,20,20,1.0
28,before,72,1,20,20,1.0
28,before,73,2,20,20,1.0
28,before,74,2,20,20,1.0
28,before,75,2,20,20,1.0
28,before,76,2,19,20,0.95
28,before,77,2,20,20,1.0
28,before,78,1,20,20,1.0
28,before,79,2,20,20,1.0
28,before,80,2,20,20,1.0
28,before,81,1,20,20,1.0
28,before,82,2,20,20,1.0
28,before,83,1,15,20,0.75
28,before,84,1,20,20,1.0
28,before,85,2,20,20,1.0
28,before,86,1,20,20,1.0
28,before,87,1,20,20,1.0
28,before,88,2,20,20,1.0
28,before,89,1,20,20,1.0
28,before,90,2,20,20,1.0
28,before,91,2,20,20,1.0
28,before,92,1,20,20,1.0
28,before,93,1,20,20,1.0
28,before,94,1,20,20,1.0
28,before,95,2,18,20,0.9
28,before,96,0,16,20,0.8
28,before,97,2,11,20,0.55
28,before,98,1,17,20,0.85
28,before,99,2,20,20,1.0
28,before,100,2,20,20,1.0
28,before,101,2,20,20,1.0
28,before,102,2,20,20,1.0
28,before,103,2,20,20,1.0
28,before,104,1,19,20,0.95
28,before,105,2,15,20,0.75
28,before,106,2,20,20,1.0
28,before,107,2,20,20,1.0
28,before,108,2,20,20,1.0
28,before,109,2,20,20,1.0
28,before,110,1,15,20,0.75
28,before,111,1,15,20,0.75
28,before,112,2,14,20,0.7
28,before,113,2,20,20,1.0
28,before,114,2,20,20,1.0
28,before,115,1,14,20,0.7
28,before,116,2,20,20,1.0
28,before,117,2,20,20,1.0
28,before,118,2,20,20,1.0
28,before,119,2,20,20,1.0
28,before,120,2,19,20,0.95
28,before,121,2,20,20,1.0
28,before,122,2,20,20,1.0
28,before,123,1,20,20,1.0
28,before,124,2,20,20,1.0
28,before,125,1,19,20,0.95
28,before,126,2,20,20,1.0
28,before,127,0,16,20,0.8
28,before,128,2,20,20,1.0
28,before,129,1,12,20,0.6
28,before,130,2,20,20,1.0
29,after,0,2,20,20,1.0
29,after,1,1,20,20,1.0
29,after,2,0,20,20,1.0
29,after,3,0,19,20,0.95
29,after,4,2,16,20,0.8
29,after,5,1,20,20,1.0
29,after,6,2,20,20,1.0
29,after,7,1,20,20,1.0
29,after,8,2,20,20,1.0
29,after,9,0,20,20,1.0
29,after,10,2,20,20,1.0
29,after,11,1,20,20,1.0
29,after,12,2,20,20,1.0
29,after,13,2,12,20,0.6
29,after,14,2,20,20,1.0
29,after,15,1,20,20,1.0
29,after,16,2,19,20,0.95
29,after,17,1,19,20,0.95
29,after,18,2,20,20,1.0
29,after,19,1,20,20,1.0
29,after,20,1,20,20,1.0
29,after,21,1,11,20,0.55
29,after,22,2,20,20,1.0
29,after,23,2,20,20,1.0
29,after,24,1,20,20,1.0
29,after,25,0,20,20,1.0
29,after,26,2,20,20,1.0
29,after,27,2,20,20,1.0
29,after,28,1,18,20,0.9
29,after,29,0,18,20,0.9
29,after,30,2,20,20,1.0
29,after,31,2,20,20,1.0
29,after,32,2,20,20,1.0
29,after,33,1,14,20,0.7
29,after,34,2,20,20,1.0
29,after,35,0,19,20,0.95
29,after,36,0,18,20,0.9
29,after,37,0,20,20,1.0
29,after,38,2,20,20,1.0
29,after,39,2,20,20,1.0
29,after,40,0,20,20,1.0
29,after,41,2,20,20,1.0
29,after,42,2,20,20,1.0
29,after,43,1,11,20,0.55
29,after,44,2,15,20,0.75
29,after,45,1,20,20,1.0
29,after,46,2,20,20,1.0
29,after,47,0,13,20,0.65
29,after,48,2,20,20,1.0
29,after,49,2,20,20,1.0
29,after,50,2,18,20,0.9
29,after,51,1,10,20,0.5
29,after,52,0,19,20,0.95
29,after,53,2,20,20,1.0
29,after,54,2,20,20,1.0
29,after,55,0,12,20,0.6
29,after,56,1,20,20,1.0
29,after,57,2,19,20,0.95
29,after,58,1,20,20,1.0
29,after,59,1,20,20,1.0
29,after,60,1,20,20,1.0
29,after,61,0,18,20,0.9
29,after,62,1,20,20,1.0
29,after,63,1,20,20,1.0
29,after,64,2,18,20,0.9
29,after,65,1,20,20,1.0
29,after,66,2,20,20,1.0
29,after,67,2,20,20,1.0
29,after,68,2,20,20,1.0
29,after,69,2,20,20,1.0
29,after,70,0,20,20,1.0
29,after,71,2,18,20,0.9
29,after,72,1,20,20,1.0
29,after,73,2,20,20,1.0
29,after,74,2,20,20,1.0
29,after,75,2,20,20,1.0
29,after,76,2,15,20,0.75
29,after,77,2,20,20,1.0
29,after,78,1,20,20,1.0
29,after,79,2,20,20,1.0
29,after,80,2,20,20,1.0
29,after,81,1,20,20,1.0
29,after,82,2,20,20,1.0
29,after,83,1,11,20,0.55
29,after,84,1,15,20,0.75
29,after,85,2,20,20,1.0
29,after,86,1,20,20,1.0
29,after,87,1,20,20,1.0
29,after,88,2,20,20,1.0
29,after,89,1,20,20,1.0
29,after,90,2,20,20,1.0
29,after,91,2,20,20,1.0
29,after,92,1,20,20,1.0
29,after,93,1,19,20,0.95
29,after,94,1,20,20,1.0
29,after,95,2,11,20,0.55
29,after,96,0,20,20,1.0
29,after,97,0,10,20,0.5
29,after,98,1,16,20,0.8
29,after,99,2,20,20,1.0
29,after,100,2,20,20,1.0
29,after,101,2,18,20,0.9
29,after,102,2,20,20,1.0
29,after,103,2,17,20,0.85
29,after,104,1,13,20,0.65
29,after,105,2,12,20,0.6
29,after,106,2,20,20,1.0
29,after,107,2,20,20,1.0
29,after,108,2,20,20,1.0
29,after,109,2,20,20,1.0
29,after,110,1,12,20,0.6
29,after,111,1,17,20,0.85
29,after,112,2,14,20,0.7
29,after,113,2,20,20,1.0
29,after,114,2,20,20,1.0
29,after,115,1,18,20,0.9
29,after,116,2,20,20,1.0
29,after,117,2,19,20,0.95
29,after,118,2,20,20,1.0
29,after,119,2,20,20,1.0
29,after,120,2,20,20,1.0
29,after,121,2,20,20,1.0
29,after,122,2,20,20,1.0
29,after,123,1,19,20,0.95
29,after,124,2,20,20,1.0
29,after,125,1,19,20,0.95
29,after,126,2,20,20,1.0
29,after,127,0,20,20,1.0
29,after,128,2,20,20,1.0
29,after,129,1,14,20,0.7
29,after,130,2,20,20,1.0
29,before,0,2,19,20,0.95
29,before,1,1,19,20,0.95
29,before,2,0,20,20,1.0
29,before,3,2,13,20,0.65
29,before,4,2,17,20,0.85
29,before,5,1,19,20,0.95
29,before,6,2,20,20,1.0
29,before,7,1,20,20,1.0
29,before,8,2,19,20,0.95
29,before,9,0,20,20,1.0
29,before,10,2,20,20,1.0
29,before,11,1,20,20,1.0
29,before,12,2,20,20,1.0
29,before,13,2,20,20,1.0
29,before,14,2,20,20,1.0
29,before,15,1,19,20,0.95
29,before,16,2,20,20,1.0
29,before,17,1,19,20,0.95
29,before,18,2,20,20,1.0
29,before,19,1,20,20,1.0
29,before,20,1,20,20,1.0
29,before,21,1,14,20,0.7
29,before,22,2,20,20,1.0
29,before,23,2,20,20,1.0
29,before,24,1,19,20,0.95
29,before,25,0,18,20,0.9
29,before,26,2,20,20,1.0
29,before,27,2,20,20,1.0
29,before,28,1,11,20,0.55
29,before,29,0,18,20,0.9
29,before,30,2,20,20,1.0
29,before,31,2,20,20,1.0
29,before,32,2,20,20,1.0
29,before,33,2,13,20,0.65
29,before,34,2,20,20,1.0
29,before,35,0,20,20,1.0
29,before,36,0,14,20,0.7
29,before,37,0,20,20,1.0
29,before,38,2,20,20,1.0
29,before,39,2,20,20,1.0
29,before,40,0,16,20,0.8
29,before,41,2,20,20,1.0
29,before,42,2,20,20,1.0
29,before,43,1,13,20,0.65
29,before,44,2,14,20,0.7
29,before,45,1,20,20,1.0
29,before,46,2,20,20,1.0
29,before,47,2,19,20,0.95
29,before,48,2,20,20,1.0
29,before,49,2,20,20,1.0
29,before,50,2,20,20,1.0
29,before,51,1,9,20,0.45
29,before,52,0,20,20,1.0
29,before,53,2,20,20,1.0
29,before,54,2,20,20,1.0
29,before,55,2,20,20,1.0
29,before,56,1,19,20,0.95
29,before,57,2,20,20,1.0
29,before,58,1,19,20,0.95
29,before,59,1,19,20,0.95
29,before,60,1,20,20,1.0
29,before,61,0,12,20,0.6
29,before,62,1,19,20,0.95
29,before,63,1,19,20,0.95
29,before,64,2,14,20,0.7
29,before,65,1,20,20,1.0
29,before,66,2,20,20,1.0
29,before,67,2,20,20,1.0
29,before,68,2,20,20,1.0
29,before,69,2,20,20,1.0
29,before,70,0,19,20,0.95
29,before,71,2,20,20,1.0
29,before,72,1,19,20,0.95
29,before,73,2,20,20,1.0
29,before,74,2,20,20,1.0
29,before,75,2,20,20,1.0
29,before,76,2,20,20,1.0
29,before,77,2,20,20,1.0
29,before,78,1,19,20,0.95
29,before,79,2,20,20,1.0
29,before,80,2,20,20,1.0
29,before,81,1,19,20,0.95
29,before,82,2,20,20,1.0
29,before,83,0,11,20,0.55
29,before,84,1,12,20,0.6
29,before,85,2,20,20,1.0
29,before,86,1,19,20,0.95
29,before,87,1,20,20,1.0
29,before,88,2,20,20,1.0
29,before,89,1,20,20,1.0
29,before,90,2,20,20,1.0
29,before,91,2,20,20,1.0
29,before,92,1,20,20,1.0
29,before,93,1,18,20,0.9
29,before,94,1,20,20,1.0
29,before,95,2,18,20,0.9
29,before,96,0,19,20,0.95
29,before,97,2,19,20,0.95
29,before,98,1,10,20,0.5
29,before,99,2,20,20,1.0
29,before,100,2,20,20,1.0
29,before,101,2,20,20,1.0
29,before,102,2,20,20,1.0
29,before,103,2,19,20,0.95
29,before,104,2,11,20,0.55
29,before,105,2,13,20,0.65
29,before,106,2,20,20,1.0
29,before,107,2,20,20,1.0
29,before,108,2,20,20,1.0
29,before,109,2,20,20,1.0
29,before,110,2,12,20,0.6
29,before,111,1,17,20,0.85
29,before,112,2,13,20,0.65
29,before,113,2,20,20,1.0
29,before,114,2,20,20,1.0
29,before,115,1,17,20,0.85
29,before,116,2,20,20,1.0
29,before,117,2,20,20,1.0
29,before,118,2,20,20,1.0
29,before,119,2,20,20,1.0
29,before,120,2,20,20,1.0
29,before,121,2,20,20,1.0
29,before,122,2,20,20,1.0
29,before,123,1,19,20,0.95
29,before,124,2,20,20,1.0
29,before,125,1,19,20,0.95
29,before,126,2,20,20,1.0
29,before,127,0,20,20,1.0
29,before,128,2,20,20,1.0
29,before,129,1,12,20,0.6
29,before,130,2,20,20,1.0
30,after,0,2,19,20,0.95
30,after,1,1,20,20,1.0
30,after,2,0,19,20,0.95
30,after,3,0,18,20,0.9
30,after,4,2,19,20,0.95
30,after,5,1,20,20,1.0
30,after,6,2,20,20,1.0
30,after,7,1,15,20,0.75
30,after,8,2,19,20,0.95
30,after,9,0,20,20,1.0
30,after,10,2,20,20,1.0
30,after,11,1,17,20,0.85
30,after,12,2,20,20,1.0
30,after,13,2,14,20,0.7
30,after,14,2,20,20,1.0
30,after,15,1,20,20,1.0
30,after,16,2,20,20,1.0
30,after,17,1,18,20,0.9
30,after,18,2,20,20,1.0
30,after,19,1,19,20,0.95
30,after,20,1,20,20,1.0
30,after,21,1,16,20,0.8
30,after,22,2,20,20,1.0
30,after,23,2,20,20,1.0
30,after,24,1,20,20,1.0
30,after,25,0,20,20,1.0
30,after,26,2,20,20,1.0
30,after,27,2,20,20,1.0
30,after,28,1,18,20,0.9
30,after,29,0,19,20,0.95
30,after,30,2,20,20,1.0
30,after,31,2,20,20,1.0
30,after,32,2,20,20,1.0
30,after,33,2,12,20,0.6
30,after,34,2,20,20,1.0
30,after,35,0,20,20,1.0
30,after,36,0,20,20,1.0
30,after,37,0,17,20,0.85
30,after,38,2,20,20,1.0
30,after,39,2,20,20,1.0
30,after,40,0,14,20,0.7
30,after,41,2,20,20,1.0
30,after,42,2,20,20,1.0
30,after,43,1,14,20,0.7
30,after,44,2,13,20,0.65
30,after,45,1,20,20,1.0
30,after,46,2,20,20,1.0
30,after,47,0,11,20,0.55
30,after,48,2,20,20,1.0
30,after,49,2,20,20,1.0
30,after,50,2,18,20,0.9
30,after,51,1,11,20,0.55
30,after,52,0,19,20,0.95
30,after,53,2,20,20,1.0
30,after,54,2,18,20,0.9
30,after,55,0,10,20,0.5
30,after,56,1,20,20,1.0
30,after,57,2,20,20,1.0
30,after,58,1,19,20,0.95
30,after,59,1,20,20,1.0
30,after,60,1,20,20,1.0
30,after,61,0,18,20,0.9
30,after,62,1,20,20,1.0
30,after,63,1,19,20,0.95
30,after,64,2,19,20,0.95
30,after,65,1,19,20,0.95
30,after,66,2,20,20,1.0
30,after,67,2,18,20,0.9
30,after,68,2,20,20,1.0
30,after,69,2,20,20,1.0
30,after,70,0,20,20,1.0
30,after,71,2,18,20,0.9
30,after,72,1,20,20,1.0
30,after,73,2,20,20,1.0
30,after,74,2,20,20,1.0
30,after,75,2,20,20,1.0
30,after,76,2,18,20,0.9
30,after,77,2,20,20,1.0
30,after,78,1,20,20,1.0
30,after,79,2,20,20,1.0
30,after,80,2,20,20,1.0
30,after,81,1,20,20,1.0
30,after,82,2,20,20,1.0
30,after,83,1,13,20,0.65
30,after,84,1,15,20,0.75
30,after,85,2,20,20,1.0
30,after,86,1,20,20,1.0
30,after,87,1,19,20,0.95
30,after,88,2,20,20,1.0
30,after,89,1,20,20,1.0
30,after,90,2,20,20,1.0
30,after,91,2,20,20,1.0
30,after,92,1,20,20,1.0
30,after,93,1,18,20,0.9
30,after,94,1,20,20,1.0
30,after,95,2,16,20,0.8
30,after,96,0,20,20,1.0
30,after,97,2,15,20,0.75
30,after,98,1,16,20,0.8
30,after,99,2,20,20,1.0
30,after,100,2,20,20,1.0
30,after,101,2,20,20,1.0
30,after,102,2,20,20,1.0
30,after,103,2,18,20,0.9
30,after,104,1,12,20,0.6
30,after,105,2,14,20,0.7
30,after,106,2,20,20,1.0
30,after,107,2,20,20,1.0
30,after,108,2,20,20,1.0
30,after,109,2,20,20,1.0
30,after,110,1,15,20,0.75
30,after,111,1,19,20,0.95
30,after,112,2,15,20,0.75
30,after,113,2,20,20,1.0
30,after,114,2,20,20,1.0
30,after,115,1,17,20,0.85
30,after,116,2,20,20,1.0
30,after,117,2,20,20,1.0
30,after,118,2,20,20,1.0
30,after,119,2,20,20,1.0
30,after,120,2,20,20,1.0
30,after,121,2,20,20,1.0
30,after,122,2,20,20,1.0
30,after,123,1,20,20,1.0
30,after,124,2,20,20,1.0
30,after,125,1,19,20,0.95
30,after,126,2,20,20,1.0
30,after,127,0,20,20,1.0
30,after,128,2,20,20,1.0
30,after,129,1,14,20,0.7
30,after,130,2,20,20,1.0
30,before,0,2,20,20,1.0
30,before,1,1,20,20,1.0
30,before,2,0,20,20,1.0
30,before,3,0,20,20,1.0
30,before,4,0,12,20,0.6
30,before,5,1,20,20,1.0
30,before,6,2,20,20,1.0
30,before,7,1,20,20,1.0
30,before,8,2,20,20,1.0
30,before,9,0,20,20,1.0
30,before,10,2,20,20,1.0
30,before,11,1,20,20,1.0
30,before,12,2,20,20,1.0
30,before,13,2,16,20,0.8
30,before,14,2,20,20,1.0
30,before,15,1,20,20,1.0
30,before,16,2,20,20,1.0
30,before,17,1,20,20,1.0
30,before,18,2,20,20,1.0
30,before,19,1,20,20,1.0
30,before,20,1,20,20,1.0
30,before,21,2,10,20,0.5
30,before,22,2,20,20,1.0
30,before,23,2,20,20,1.0
30,before,24,1,20,20,1.0
30,before,25,0,20,20,1.0
30,before,26,2,20,20,1.0
30,before,27,2,20,20,1.0
30,before,28,1,19,20,0.95
30,before,29,0,20,20,1.0
30,before,30,2,20,20,1.0
30,before,31,2,20,20,1.0
30,before,32,2,20,20,1.0
30,before,33,2,16,20,0.8
30,before,34,2,20,20,1.0
30,before,35,0,20,20,1.0
30,before,36,0,19,20,0.95
30,before,37,0,20,20,1.0
30,before,38,2,20,20,1.0
30,before,39,2,20,20,1.0
30,before,40,0,19,20,0.95
30,before,41,2,20,20,1.0
30,before,42,2,20,20,1.0
30,before,43,1,12,20,0.6
30,before,44,2,16,20,0.8
30,before,45,1,20,20,1.0
30,before,46,2,20,20,1.0
30,before,47,2,11,20,0.55
30,before,48,2,20,20,1.0
30,before,49,2,20,20,1.0
30,before,50,2,20,20,1.0
30,before,51,1,11,20,0.55
30,before,52,0,20,20,1.0
30,before,53,2,20,20,1.0
30,before,54,2,20,20,1.0
30,before,55,2,12,20,0.6
30,before,56,1,20,20,1.0
30,before,57,2,20,20,1.0
30,before,58,1,20,20,1.0
30,before,59,1,20,20,1.0
30,before,60,1,20,20,1.0
30,before,61,0,19,20,0.95
30,before,62,1,20,20,1.0
30,before,63,1,20,20,1.0
30,before,64,2,20,20,1.0
30,before,65,1,20,20,1.0
30,before,66,2,20,20,1.0
30,before,67,2,20,20,1.0
30,before,68,2,20,20,1.0
30,before,69,2,20,20,1.0
30,before,70,0,20,20,1.0
30,before,71,2,16,20,0.8
30,before,72,1,20,20,1.0
30,before,73,2,20,20,1.0
30,before,74,2,20,20,1.0
30,before,75,2,20,20,1.0
30,before,76,0,12,20,0.6
30,before,77,2,20,20,1.0
30,before,78,1,20,20,1.0
30,before,79,2,20,20,1.0
30,before,80,2,20,20,1.0
30,before,81,1,20,20,1.0
30,before,82,2,20,20,1.0
30,before,83,0,17,20,0.85
30,before,84,1,12,20,0.6
30,before,85,2,20,20,1.0
30,before,86,1,16,20,0.8
30,before,87,1,20,20,1.0
30,before,88,2,20,20,1.0
30,before,89,1,20,20,1.0
30,before,90,2,20,20,1.0
30,before,91,2,20,20,1.0
30,before,92,1,20,20,1.0
30,before,93,1,12,20,0.6
30,before,94,1,20,20,1.0
30,before,95,2,12,20,0.6
30,before,96,0,20,20,1.0
30,before,97,2,17,20,0.85
30,before,98,1,9,20,0.45
30,before,99,2,20,20,1.0
30,before,100,2,20,20,1.0
30,before,101,2,20,20,1.0
30,before,102,2,20,20,1.0
30,before,103,2,18,20,0.9
30,before,104,1,14,20,0.7
30,before,105,2,20,20,1.0
30,before,106,2,20,20,1.0
30,before,107,2,20,20,1.0
30,before,108,2,20,20,1.0
30,before,109,2,20,20,1.0
30,before,110,2,12,20,0.6
30,before,111,1,20,20,1.0
30,before,112,2,17,20,0.85
30,before,113,2,20,20,1.0
30,before,114,2,20,20,1.0
30,before,115,1,20,20,1.0
30,before,116,2,20,20,1.0
30,before,117,2,14,20,0.7
30,before,118,2,20,20,1.0
30,before,119,2,20,20,1.0
30,before,120,2,20,20,1.0
30,before,121,2,20,20,1.0
30,before,122,2,20,20,1.0
30,before,123,1,20,20,1.0
30,before,124,2,20,20,1.0
30,before,125,1,19,20,0.95
30,before,126,2,20,20,1.0
30,before,127,0,20,20,1.0
30,before,128,2,20,20,1.0
30,before,129,2,14,20,0.7
30,before,130,2,20,20,1.0
31,after,0,2,19,20,0.95
31,after,1,1,20,20,1.0
31,after,2,0,19,20,0.95
31,after,3,0,17,20,0.85
31,after,4,2,18,20,0.9
31,after,5,1,20,20,1.0
31,after,6,2,20,20,1.0
31,after,7,1,17,20,0.85
31,after,8,2,19,20,0.95
31,after,9,0,20,20,1.0
31,after,10,2,17,20,0.85
31,after,11,1,20,20,1.0
31,after,12,2,20,20,1.0
31,after,13,0,11,20,0.55
31,after,14,2,20,20,1.0
31,after,15,1,20,20,1.0
31,after,16,2,20,20,1.0
31,after,17,1,19,20,0.95
31,after,18,2,19,20,0.95
31,after,19,1,20,20,1.0
31,after,20,1,20,20,1.0
31,after,21,1,14,20,0.7
31,after,22,2,20,20,1.0
31,after,23,2,20,20,1.0
31,after,24,1,20,20,1.0
31,after,25,0,20,20,1.0
31,after,26,2,20,20,1.0
31,after,27,2,20,20,1.0
31,after,28,1,18,20,0.9
31,after,29,0,19,20,0.95
31,after,30,2,20,20,1.0
31,after,31,2,20,20,1.0
31,after,32,2,20,20,1.0
31,after,33,1,14,20,0.7
31,after,34,2,20,20,1.0
31,after,35,0,20,20,1.0
31,after,36,0,20,20,1.0
31,after,37,0,19,20,0.95
31,after,38,2,20,20,1.0
31,after,39,2,20,20,1.0
31,after,40,0,17,20,0.85
31,after,41,2,20,20,1.0
31,after,42,2,19,20,0.95
31,after,43,1,11,20,0.55
31,after,44,2,15,20,0.75
31,after,45,1,20,20,1.0
31,after,46,2,20,20,1.0
31,after,47,0,12,20,0.6
31,after,48,2,20,20,1.0
31,after,49,2,20,20,1.0
31,after,50,2,19,20,0.95
31,after,51,1,9,20,0.45
31,after,52,0,20,20,1.0
31,after,53,2,20,20,1.0
31,after,54,2,19,20,0.95
31,after,55,0,10,20,0.5
31,after,56,1,20,20,1.0
31,after,57,2,20,20,1.0
31,after,58,1,19,20,0.95
31,after,59,1,20,20,1.0
31,after,60,1,20,20,1.0
31,after,61,0,16,20,0.8
31,after,62,1,20,20,1.0
31,after,63,1,18,20,0.9
31,after,64,2,17,20,0.85
31,after,65,1,20,20,1.0
31,after,66,2,20,20,1.0
31,after,67,2,19,20,0.95
31,after,68,2,20,20,1.0
31,after,69,2,19,20,0.95
31,after,70,0,20,20,1.0
31,after,71,2,20,20,1.0
31,after,72,1,20,20,1.0
31,after,73,2,20,20,1.0
31,after,74,2,20,20,1.0
31,after,75,2,20,20,1.0
31,after,76,2,17,20,0.85
31,after,77,2,20,20,1.0
31,after,78,1,20,20,1.0
31,after,79,2,20,20,1.0
31,after,80,2,20,20,1.0
31,after,81,1,20,20,1.0
31,after,82,2,20,20,1.0
31,after,83,0,12,20,0.6
31,after,84,1,13,20,0.65
31,after,85,2,20,20,1.0
31,after,86,1,20,20,1.0
31,after,87,1,20,20,1.0
31,after,88,2,20,20,1.0
31,after,89,1,20,20,1.0
31,after,90,2,20,20,1.0
31,after,91,2,20,20,1.0
31,after,92,1,20,20,1.0
31,after,93,1,17,20,0.85
31,after,94,1,20,20,1.0
31,after,95,2,16,20,0.8
31,after,96,0,20,20,1.0
31,after,97,2,11,20,0.55
31,after,98,1,15,20,0.75
31,after,99,2,20,20,1.0
31,after,100,2,20,20,1.0
31,after,101,2,19,20,0.95
31,after,102,2,20,20,1.0
31,after,103,2,19,20,0.95
31,after,104,1,10,20,0.5
31,after,105,1,10,20,0.5
31,after,106,2,20,20,1.0
31,after,107,2,20,20,1.0
31,after,108,2,20,20,1.0
31,after,109,2,19,20,0.95
31,after,110,1,10,20,0.5
31,after,111,1,19,20,0.95
31,after,112,2,15,20,0.75
31,after,113,2,20,20,1.0
31,after,114,2,20,20,1.0
31,after,115,1,14,20,0.7
31,after,116,2,20,20,1.0
31,after,117,2,20,20,1.0
31,after,118,2,20,20,1.0
31,after,119,2,20,20,1.0
31,after,120,2,20,20,1.0
31,after,121,2,20,20,1.0
31,after,122,2,20,20,1.0
31,after,123,1,20,20,1.0
31,after,124,2,20,20,1.0
31,after,125,1,20,20,1.0
31,after,126,2,20,20,1.0
31,after,127,0,20,20,1.0
31,after,128,2,20,20,1.0
31,after,129,1,13,20,0.65
31,after,130,2,20,20,1.0
31,before,0,2,20,20,1.0
31,before,1,1,19,20,0.95
31,before,2,0,19,20,0.95
31,before,3,0,13,20,0.65
31,before,4,2,20,20,1.0
31,before,5,1,20,20,1.0
31,before,6,2,20,20,1.0
31,before,7,1,11,20,0.55
31,before,8,2,20,20,1.0
31,before,9,0,19,20,0.95
31,before,10,2,20,20,1.0
31,before,11,1,19,20,0.95
31,before,12,2,20,20,1.0
31,before,13,2,15,20,0.75
31,before,14,2,20,20,1.0
31,before,15,1,19,20,0.95
31,before,16,2,20,20,1.0
31,before,17,1,20,20,1.0
31,before,18,2,20,20,1.0
31,before,19,1,20,20,1.0
31,before,20,1,20,20,1.0
31,before,21,1,12,20,0.6
31,before,22,2,20,20,1.0
31,before,23,2,20,20,1.0
31,before,24,1,19,20,0.95
31,before,25,0,17,20,0.85
31,before,26,2,20,20,1.0
31,before,27,2,20,20,1.0
31,before,28,1,11,20,0.55
31,before,29,0,17,20,0.85
31,before,30,2,20,20,1.0
31,before,31,2,20,20,1.0
31,before,32,2,20,20,1.0
31,before,33,2,16,20,0.8
31,before,34,2,20,20,1.0
31,before,35,0,20,20,1.0
31,before,36,0,17,20,0.85
31,before,37,0,18,20,0.9
31,before,38,2,20,20,1.0
31,before,39,2,20,20,1.0
31,before,40,0,14,20,0.7
31,before,41,2,20,20,1.0
31,before,42,2,20,20,1.0
31,before,43,1,12,20,0.6
31,before,44,2,17,20,0.85
31,before,45,1,19,20,0.95
31,before,46,2,20,20,1.0
31,before,47,2,16,20,0.8
31,before,48,2,20,20,1.0
31,before,49,2,20,20,1.0
31,before,50,2,20,20,1.0
31,before,51,1,9,20,0.45
31,before,52,0,16,20,0.8
31,before,53,2,20,20,1.0
31,before,54,2,18,20,0.9
31,before,55,2,16,20,0.8
31,before,56,1,19,20,0.95
31,before,57,2,20,20,1.0
31,before,58,1,17,20,0.85
31,before,59,1,19,20,0.95
31,before,60,1,20,20,1.0
31,before,61,0,10,20,0.5
31,before,62,1,20,20,1.0
31,before,63,1,17,20,0.85
31,before,64,2,17,20,0.85
31,before,65,1,19,20,0.95
31,before,66,2,20,20,1.0
31,before,67,2,18,20,0.9
31,before,68,2,19,20,0.95
31,before,69,2,20,20,1.0
31,before,70,0,17,20,0.85
31,before,71,2,20,20,1.0
31,before,72,1,19,20,0.95
31,before,73,2,20,20,1.0
31,before,74,2,20,20,1.0
31,before,75,2,20,20,1.0
31,before,76,2,19,20,0.95
31,before,77,2,20,20,1.0
31,before,78,1,19,20,0.95
31,before,79,2,20,20,1.0
31,before,80,2,20,20,1.0
31,before,81,1,19,20,0.95
31,before,82,2,20,20,1.0
31,before,83,1,13,20,0.65
31,before,84,1,18,20,0.9
31,before,85,2,20,20,1.0
31,before,86,1,19,20,0.95
31,before,87,1,20,20,1.0
31,before,88,2,20,20,1.0
31,before,89,1,20,20,1.0
31,before,90,2,20,20,1.0
31,before,91,2,20,20,1.0
31,before,92,1,20,20,1.0
31,before,93,1,20,20,1.0
31,before,94,1,20,20,1.0
31,before,95,2,19,20,0.95
31,before,96,0,20,20,1.0
31,before,97,2,16,20,0.8
31,before,98,2,15,20,0.75
31,before,99,2,20,20,1.0
31,before,100,2,20,20,1.0
31,before,101,2,20,20,1.0
31,before,102,2,20,20,1.0
31,before,103,2,19,20,0.95
31,before,104,2,13,20,0.65
31,before,105,2,20,20,1.0
31,before,106,2,20,20,1.0
31,before,107,2,20,20,1.0
31,before,108,2,20,20,1.0
31,before,109,2,20,20,1.0
31,before,110,1,12,20,0.6
31,before,111,1,17,20,0.85
31,before,112,2,14,20,0.7
31,before,113,2,20,20,1.0
31,before,114,2,20,20,1.0
31,before,115,1,17,20,0.85
31,before,116,2,20,20,1.0
31,before,117,2,20,20,1.0
31,before,118,2,20,20,1.0
31,before,119,2,20,20,1.0
31,before,120,2,20,20,1.0
31,before,121,2,20,20,1.0
31,before,122,2,20,20,1.0
31,before,123,1,20,20,1.0
31,before,124,2,20,20,1.0
31,before,125,1,14,20,0.7
31,before,126,2,20,20,1.0
31,before,127,0,19,20,0.95
31,before,128,2,20,20,1.0
31,before,129,2,11,20,0.55
31,before,130,2,20,20,1.0
32,after,0,2,19,20,0.95
32,after,1,1,20,20,1.0
32,after,2,0,20,20,1.0
32,after,3,0,17,20,0.85
32,after,4,2,14,20,0.7
32,after,5,1,18,20,0.9
32,after,6,2,20,20,1.0
32,after,7,1,19,20,0.95
32,after,8,2,20,20,1.0
32,after,9,0,19,20,0.95
32,after,10,2,19,20,0.95
32,after,11,1,20,20,1.0
32,after,12,2,20,20,1.0
32,after,13,2,13,20,0.65
32,after,14,2,20,20,1.0
32,after,15,1,20,20,1.0
32,after,16,2,19,20,0.95
32,after,17,1,16,20,0.8
32,after,18,2,20,20,1.0
32,after,19,1,20,20,1.0
32,after,20,1,18,20,0.9
32,after,21,1,11,20,0.55
32,after,22,2,20,20,1.0
32,after,23,2,20,20,1.0
32,after,24,1,20,20,1.0
32,after,25,0,20,20,1.0
32,after,26,2,20,20,1.0
32,after,27,2,20,20,1.0
32,after,28,1,17,20,0.85
32,after,29,0,16,20,0.8
32,after,30,2,20,20,1.0
32,after,31,2,20,20,1.0
32,after,32,2,20,20,1.0
32,after,33,1,13,20,0.65
32,after,34,2,20,20,1.0
32,after,35,0,20,20,1.0
32,after,36,0,20,20,1.0
32,after,37,0,19,20,0.95
32,after,38,2,20,20,1.0
32,after,39,2,20,20,1.0
32,after,40,0,19,20,0.95
32,after,41,2,20,20,1.0
32,after,42,2,20,20,1.0
32,after,43,2,17,20,0.85
32,after,44,2,11,20,0.55
32,after,45,1,20,20,1.0
32,after,46,2,19,20,0.95
32,after,47,0,13,20,0.65
32,after,48,2,20,20,1.0
32,after,49,2,19,20,0.95
32,after,50,2,18,20,0.9
32,after,51,1,9,20,0.45
32,after,52,0,18,20,0.9
32,after,53,2,20,20,1.0
32,after,54,2,20,20,1.0
32,after,55,0,12,20,0.6
32,after,56,1,20,20,1.0
32,after,57,2,20,20,1.0
32,after,58,1,17,20,0.85
32,after,59,1,19,20,0.95
32,after,60,1,20,20,1.0
32,after,61,0,14,20,0.7
32,after,62,1,18,20,0.9
32,after,63,1,20,20,1.0
32,after,64,2,18,20,0.9
32,after,65,1,20,20,1.0
32,after,66,2,19,20,0.95
32,after,67,2,20,20,1.0
32,after,68,2,20,20,1.0
32,after,69,2,20,20,1.0
32,after,70,0,19,20,0.95
32,after,71,2,16,20,0.8
32,after,72,1,18,20,0.9
32,after,73,2,20,20,1.0
32,after,74,2,20,20,1.0
32,after,75,2,20,20,1.0
32,after,76,2,14,20,0.7
32,after,77,2,20,20,1.0
32,after,78,1,20,20,1.0
32,after,79,2,20,20,1.0
32,after,80,2,20,20,1.0
32,after,81,1,20,20,1.0
32,after,82,2,20,20,1.0
32,after,83,0,16,20,0.8
32,after,84,0,13,20,0.65
32,after,85,2,20,20,1.0
32,after,86,1,20,20,1.0
32,after,87,1,20,20,1.0
32,after,88,2,20,20,1.0
32,after,89,1,18,20,0.9
32,after,90,2,20,20,1.0
32,after,91,2,20,20,1.0
32,after,92,1,16,20,0.8
32,after,93,1,19,20,0.95
32,after,94,1,20,20,1.0
32,after,95,2,19,20,0.95
32,after,96,0,20,20,1.0
32,after,97,2,13,20,0.65
32,after,98,1,14,20,0.7
32,after,99,2,20,20,1.0
32,after,100,2,20,20,1.0
32,after,101,2,19,20,0.95
32,after,102,2,20,20,1.0
32,after,103,2,18,20,0.9
32,after,104,2,11,20,0.55
32,after,105,1,10,20,0.5
32,after,106,2,20,20,1.0
32,after,107,2,20,20,1.0
32,after,108,2,20,20,1.0
32,after,109,2,20,20,1.0
32,after,110,1,14,20,0.7
32,after,111,1,20,20,1.0
32,after,112,2,16,20,0.8
32,after,113,2,18,20,0.9
32,after,114,2,20,20,1.0
32,after,115,1,17,20,0.85
32,after,116,2,20,20,1.0
32,after,117,2,20,20,1.0
32,after,118,2,20,20,1.0
32,after,119,2,20,20,1.0
32,after,120,2,20,20,1.0
32,after,121,2,20,20,1.0
32,after,122,2,20,20,1.0
32,after,123,1,19,20,0.95
32,after,124,2,20,20,1.0
32,after,125,1,18,20,0.9
32,after,126,2,20,20,1.0
32,after,127,0,20,20,1.0
32,after,128,2,20,20,1.0
32,after,129,1,10,20,0.5
32,after,130,2,20,20,1.0
32,before,0,2,20,20,1.0
32,before,1,1,20,20,1.0
32,before,2,0,20,20,1.0
32,before,3,0,20,20,1.0
32,before,4,2,18,20,0.9
32,before,5,1,20,20,1.0
32,before,6,2,20,20,1.0
32,before,7,1,20,20,1.0
32,before,8,2,20,20,1.0
32,before,9,0,20,20,1.0
32,before,10,2,16,20,0.8
32,before,11,1,20,20,1.0
32,before,12,2,20,20,1.0
32,before,13,2,11,20,0.55
32,before,14,2,20,20,1.0
32,before,15,1,20,20,1.0
32,before,16,2,20,20,1.0
32,before,17,1,20,20,1.0
32,before,18,2,20,20,1.0
32,before,19,1,20,20,1.0
32,before,20,1,20,20,1.0
32,before,21,1,16,20,0.8
32,before,22,2,20,20,1.0
32,before,23,2,20,20,1.0
32,before,24,1,20,20,1.0
32,before,25,0,20,20,1.0
32,before,26,2,20,20,1.0
32,before,27,2,20,20,1.0
32,before,28,1,13,20,0.65
32,before,29,0,19,20,0.95
32,before,30,2,20,20,1.0
32,before,31,2,20,20,1.0
32,before,32,2,20,20,1.0
32,before,33,2,15,20,0.75
32,before,34,2,20,20,1.0
32,before,35,0,20,20,1.0
32,before,36,0,20,20,1.0
32,before,37,0,20,20,1.0
32,before,38,2,20,20,1.0
32,before,39,2,20,20,1.0
32,before,40,0,20,20,1.0
32,before,41,2,20,20,1.0
32,before,42,2,20,20,1.0
32,before,43,2,19,20,0.95
32,before,44,2,14,20,0.7
32,before,45,1,20,20,1.0
32,before,46,2,20,20,1.0
32,before,47,2,11,20,0.55
32,before,48,2,20,20,1.0
32,before,49,2,20,20,1.0
32,before,50,2,16,20,0.8
32,before,51,1,13,20,0.65
32,before,52,0,19,20,0.95
32,before,53,2,20,20,1.0
32,before,54,2,16,20,0.8
32,before,55,2,11,20,0.55
32,before,56,1,20,20,1.0
32,before,57,2,20,20,1.0
32,before,58,1,16,20,0.8
32,before,59,1,20,20,1.0
32,before,60,1,20,20,1.0
32,before,61,0,11,20,0.55
32,before,62,1,20,20,1.0
32,before,63,1,20,20,1.0
32,before,64,2,17,20,0.85
32,before,65,1,20,20,1.0
32,before,66,2,20,20,1.0
32,before,67,2,16,20,0.8
32,before,68,2,20,20,1.0
32,before,69,2,20,20,1.0
32,before,70,0,20,20,1.0
32,before,71,2,20,20,1.0
32,before,72,1,18,20,0.9
32,before,73,2,20,20,1.0
32,before,74,2,20,20,1.0
32,before,75,2,20,20,1.0
32,before,76,2,14,20,0.7
32,before,77,2,20,20,1.0
32,before,78,1,20,20,1.0
32,before,79,2,20,20,1.0
32,before,80,2,20,20,1.0
32,before,81,1,20,20,1.0
32,before,82,2,20,20,1.0
32,before,83,0,20,20,1.0
32,before,84,0,17,20,0.85
32,before,85,2,20,20,1.0
32,before,86,1,20,20,1.0
32,before,87,1,20,20,1.0
32,before,88,2,20,20,1.0
32,before,89,1,20,20,1.0
32,before,90,2,20,20,1.0
32,before,91,2,20,20,1.0
32,before,92,1,18,20,0.9
32,before,93,1,20,20,1.0
32,before,94,1,20,20,1.0
32,before,95,2,16,20,0.8
32,before,96,0,20,20,1.0
32,before,97,2,18,20,0.9
32,before,98,2,13,20,0.65
32,before,99,2,20,20,1.0
32,before,100,2,20,20,1.0
32,before,101,2,20,20,1.0
32,before,102,2,20,20,1.0
32,before,103,2,20,20,1.0
32,before,104,2,13,20,0.65
32,before,105,2,14,20,0.7
32,before,106,2,19,20,0.95
32,before,107,2,20,20,1.0
32,before,108,2,20,20,1.0
32,before,109,2,20,20,1.0
32,before,110,2,11,20,0.55
32,before,111,1,20,20,1.0
32,before,112,2,16,20,0.8
32,before,113,2,19,20,0.95
32,before,114,2,20,20,1.0
32,before,115,1,16,20,0.8
32,before,116,2,20,20,1.0
32,before,117,2,20,20,1.0
32,before,118,2,20,20,1.0
32,before,119,2,20,20,1.0
32,before,120,2,20,20,1.0
32,before,121,2,20,20,1.0
32,before,122,2,20,20,1.0
32,before,123,1,20,20,1.0
32,before,124,2,20,20,1.0
32,before,125,1,20,20,1.0
32,before,126,2,20,20,1.0
32,before,127,0,20,20,1.0
32,before,128,2,20,20,1.0
32,before,129,2,16,20,0.8
32,before,130,2,20,20,1.0
33,after,0,2,20,20,1.0
33,after,1,1,20,20,1.0
33,after,2,0,20,20,1.0
33,after,3,0,17,20,0.85
33,after,4,2,17,20,0.85
33,after,5,1,19,20,0.95
33,after,6,2,20,20,1.0
33,after,7,1,20,20,1.0
33,after,8,2,20,20,1.0
33,after,9,0,19,20,0.95
33,after,10,2,20,20,1.0
33,after,11,1,20,20,1.0
33,after,12,2,20,20,1.0
33,after,13,2,17,20,0.85
33,after,14,2,20,20,1.0
33,after,15,1,20,20,1.0
33,after,16,2,20,20,1.0
33,after,17,1,18,20,0.9
33,after,18,2,20,20,1.0
33,after,19,1,20,20,1.0
33,after,20,1,19,20,0.95
33,after,21,1,11,20,0.55
33,after,22,2,20,20,1.0
33,after,23,2,20,20,1.0
33,after,24,1,20,20,1.0
33,after,25,0,20,20,1.0
33,after,26,2,20,20,1.0
33,after,27,2,20,20,1.0
33,after,28,1,16,20,0.8
33,after,29,0,17,20,0.85
33,after,30,2,20,20,1.0
33,after,31,2,20,20,1.0
33,after,32,2,20,20,1.0
33,after,33,1,20,20,1.0
33,after,34,2,20,20,1.0
33,after,35,0,20,20,1.0
33,after,36,0,20,20,1.0
33,after,37,0,15,20,0.75
33,after,38,2,20,20,1.0
33,after,39,2,20,20,1.0
33,after,40,0,20,20,1.0
33,after,41,2,20,20,1.0
33,after,42,2,20,20,1.0
33,after,43,2,13,20,0.65
33,after,44,1,10,20,0.5
33,after,45,1,20,20,1.0
33,after,46,2,20,20,1.0
33,after,47,0,11,20,0.55
33,after,48,2,20,20,1.0
33,after,49,2,19,20,0.95
33,after,50,2,19,20,0.95
33,after,51,1,10,20,0.5
33,after,52,0,19,20,0.95
33,after,53,2,20,20,1.0
33,after,54,2,19,20,0.95
33,after,55,0,11,20,0.55
33,after,56,1,19,20,0.95
33,after,57,2,20,20,1.0
33,after,58,1,19,20,0.95
33,after,59,1,18,20,0.9
33,after,60,1,20,20,1.0
33,after,61,0,11,20,0.55
33,after,62,1,18,20,0.9
33,after,63,1,20,20,1.0
33,after,64,2,20,20,1.0
33,after,65,1,20,20,1.0
33,after,66,2,20,20,1.0
33,after,67,2,18,20,0.9
33,after,68,2,20,20,1.0
33,after,69,2,20,20,1.0
33,after,70,0,20,20,1.0
33,after,71,2,20,20,1.0
33,after,72,1,20,20,1.0
33,after,73,2,20,20,1.0
33,after,74,2,20,20,1.0
33,after,75,2,20,20,1.0
33,after,76,2,18,20,0.9
33,after,77,2,20,20,1.0
33,after,78,1,19,20,0.95
33,after,79,2,20,20,1.0
33,after,80,2,20,20,1.0
33,after,81,1,19,20,0.95
33,after,82,2,20,20,1.0
33,after,83,0,14,20,0.7
33,after,84,1,13,20,0.65
33,after,85,2,20,20,1.0
33,after,86,1,20,20,1.0
33,after,87,1,20,20,1.0
33,after,88,2,20,20,1.0
33,after,89,1,20,20,1.0
33,after,90,2,20,20,1.0
33,after,91,2,20,20,1.0
33,after,92,1,19,20,0.95
33,after,93,1,20,20,1.0
33,after,94,1,20,20,1.0
33,after,95,2,17,20,0.85
33,after,96,0,20,20,1.0
33,after,97,2,12,20,0.6
33,after,98,1,18,20,0.9
33,after,99,2,20,20,1.0
33,after,100,2,20,20,1.0
33,after,101,2,19,20,0.95
33,after,102,2,20,20,1.0
33,after,103,2,20,20,1.0
33,after,104,2,12,20,0.6
33,after,105,1,13,20,0.65
33,after,106,2,19,20,0.95
33,after,107,2,20,20,1.0
33,after,108,2,20,20,1.0
33,after,109,2,20,20,1.0
33,after,110,1,14,20,0.7
33,after,111,1,19,20,0.95
33,after,112,2,14,20,0.7
33,after,113,2,19,20,0.95
33,after,114,2,20,20,1.0
33,after,115,1,15,20,0.75
33,after,116,2,20,20,1.0
33,after,117,2,20,20,1.0
33,after,118,2,20,20,1.0
33,after,119,2,20,20,1.0
33,after,120,2,19,20,0.95
33,after,121,2,20,20,1.0
33,after,122,2,20,20,1.0
33,after,123,1,19,20,0.95
33,after,124,2,20,20,1.0
33,after,125,1,20,20,1.0
33,after,126,2,20,20,1.0
33,after,127,0,20,20,1.0
33,after,128,2,19,20,0.95
33,after,129,1,12,20,0.6
33,after,130,2,20,20,1.0
33,before,0,2,14,20,0.7
33,before,1,1,20,20,1.0
33,before,2,0,20,20,1.0
33,before,3,0,20,20,1.0
33,before,4,2,18,20,0.9
33,before,5,1,19,20,0.95
33,before,6,2,20,20,1.0
33,before,7,1,16,20,0.8
33,before,8,2,20,20,1.0
33,before,9,0,19,20,0.95
33,before,10,2,20,20,1.0
33,before,11,1,20,20,1.0
33,before,12,2,20,20,1.0
33,before,13,2,14,20,0.7
33,before,14,2,20,20,1.0
33,before,15,1,20,20,1.0
33,before,16,2,17,20,0.85
33,before,17,1,16,20,0.8
33,before,18,2,20,20,1.0
33,before,19,1,20,20,1.0
33,before,20,1,19,20,0.95
33,before,21,1,13,20,0.65
33,before,22,2,20,20,1.0
33,before,23,2,20,20,1.0
33,before,24,1,20,20,1.0
33,before,25,0,20,20,1.0
33,before,26,2,20,20,1.0
33,before,27,2,20,20,1.0
33,before,28,1,13,20,0.65
33,before,29,0,16,20,0.8
33,before,30,2,20,20,1.0
33,before,31,2,20,20,1.0
33,before,32,2,20,20,1.0
33,before,33,1,15,20,0.75
33,before,34,2,20,20,1.0
33,before,35,0,20,20,1.0
33,before,36,0,20,20,1.0
33,before,37,0,17,20,0.85
33,before,38,2,20,20,1.0
33,before,39,2,20,20,1.0
33,before,40,0,20,20,1.0
33,before,41,2,20,20,1.0
33,before,42,2,20,20,1.0
33,before,43,2,14,20,0.7
33,before,44,2,15,20,0.75
33,before,45,1,20,20,1.0
33,before,46,2,20,20,1.0
33,before,47,0,13,20,0.65
33,before,48,2,20,20,1.0
33,before,49,2,20,20,1.0
33,before,50,2,20,20,1.0
33,before,51,1,13,20,0.65
33,before,52,0,14,20,0.7
33,before,53,2,20,20,1.0
33,before,54,2,20,20,1.0
33,before,55,0,11,20,0.55
33,before,56,1,20,20,1.0
33,before,57,2,20,20,1.0
33,before,58,1,18,20,0.9
33,before,59,1,18,20,0.9
33,before,60,1,20,20,1.0
33,before,61,0,11,20,0.55
33,before,62,1,19,20,0.95
33,before,63,1,20,20,1.0
33,before,64,2,17,20,0.85
33,before,65,1,20,20,1.0
33,before,66,2,20,20,1.0
33,before,67,2,19,20,0.95
33,before,68,2,20,20,1.0
33,before,69,2,20,20,1.0
33,before,70,0,20,20,1.0
33,before,71,2,20,20,1.0
33,before,72,1,19,20,0.95
33,before,73,2,20,20,1.0
33,before,74,2,20,20,1.0
33,before,75,2,20,20,1.0
33,before,76,2,20,20,1.0
33,before,77,2,20,20,1.0
33,before,78,1,19,20,0.95
33,before,79,2,20,20,1.0
33,before,80,2,20,20,1.0
33,before,81,1,20,20,1.0
33,before,82,2,20,20,1.0
33,before,83,0,13,20,0.65
33,before,84,1,14,20,0.7
33,before,85,2,20,20,1.0
33,before,86,1,20,20,1.0
33,before,87,1,20,20,1.0
33,before,88,2,20,20,1.0
33,before,89,1,19,20,0.95
33,before,90,2,20,20,1.0
33,before,91,2,20,20,1.0
33,before,92,1,18,20,0.9
33,before,93,1,19,20,0.95
33,before,94,1,20,20,1.0
33,before,95,2,19,20,0.95
33,before,96,0,20,20,1.0
33,before,97,2,13,20,0.65
33,before,98,1,14,20,0.7
33,before,99,2,20,20,1.0
33,before,100,2,20,20,1.0
33,before,101,2,18,20,0.9
33,before,102,2,20,20,1.0
33,before,103,2,15,20,0.75
33,before,104,1,11,20,0.55
33,before,105,1,15,20,0.75
33,before,106,2,20,20,1.0
33,before,107,2,20,20,1.0
33,before,108,2,20,20,1.0
33,before,109,2,20,20,1.0
33,before,110,1,14,20,0.7
33,before,111,1,18,20,0.9
33,before,112,2,14,20,0.7
33,before,113,2,20,20,1.0
33,before,114,2,20,20,1.0
33,before,115,1,16,20,0.8
33,before,116,2,20,20,1.0
33,before,117,2,20,20,1.0
33,before,118,2,20,20,1.0
33,before,119,2,20,20,1.0
33,before,120,2,20,20,1.0
33,before,121,2,20,20,1.0
33,before,122,2,20,20,1.0
33,before,123,1,20,20,1.0
33,before,124,2,20,20,1.0
33,before,125,1,16,20,0.8
33,before,126,2,20,20,1.0
33,before,127,0,20,20,1.0
33,before,128,2,20,20,1.0
33,before,129,1,10,20,0.5
33,before,130,2,20,20,1.0
34,after,0,2,19,20,0.95
34,after,1,1,20,20,1.0
34,after,2,0,18,20,0.9
34,after,3,0,17,20,0.85
34,after,4,2,19,20,0.95
34,after,5,1,20,20,1.0
34,after,6,2,20,20,1.0
34,after,7,1,18,20,0.9
34,after,8,2,19,20,0.95
34,after,9,0,20,20,1.0
34,after,10,2,17,20,0.85
34,after,11,1,19,20,0.95
34,after,12,2,20,20,1.0
34,after,13,0,10,20,0.5
34,after,14,2,20,20,1.0
34,after,15,1,20,20,1.0
34,after,16,2,19,20,0.95
34,after,17,1,19,20,0.95
34,after,18,2,20,20,1.0
34,after,19,1,20,20,1.0
34,after,20,1,20,20,1.0
34,after,21,1,9,20,0.45
34,after,22,2,20,20,1.0
34,after,23,2,20,20,1.0
34,after,24,1,20,20,1.0
34,after,25,0,20,20,1.0
34,after,26,2,20,20,1.0
34,after,27,2,20,20,1.0
34,after,28,1,20,20,1.0
34,after,29,0,19,20,0.95
34,after,30,2,20,20,1.0
34,after,31,2,20,20,1.0
34,after,32,2,20,20,1.0
34,after,33,1,18,20,0.9
34,after,34,2,20,20,1.0
34,after,35,0,20,20,1.0
34,after,36,0,19,20,0.95
34,after,37,0,20,20,1.0
34,after,38,2,20,20,1.0
34,after,39,2,20,20,1.0
34,after,40,0,17,20,0.85
34,after,41,2,19,20,0.95
34,after,42,2,20,20,1.0
34,after,43,2,11,20,0.55
34,after,44,2,13,20,0.65
34,after,45,1,20,20,1.0
34,after,46,2,20,20,1.0
34,after,47,0,15,20,0.75
34,after,48,2,20,20,1.0
34,after,49,2,20,20,1.0
34,after,50,2,20,20,1.0
34,after,51,1,10,20,0.5
34,after,52,0,19,20,0.95
34,after,53,2,20,20,1.0
34,after,54,2,18,20,0.9
34,after,55,0,12,20,0.6
34,after,56,1,20,20,1.0
34,after,57,2,20,20,1.0
34,after,58,1,18,20,0.9
34,after,59,1,18,20,0.9
34,after,60,1,20,20,1.0
34,after,61,0,15,20,0.75
34,after,62,1,19,20,0.95
34,after,63,1,18,20,0.9
34,after,64,2,12,20,0.6
34,after,65,1,20,20,1.0
34,after,66,2,19,20,0.95
34,after,67,2,20,20,1.0
34,after,68,2,18,20,0.9
34,after,69,2,20,20,1.0
34,after,70,0,19,20,0.95
34,after,71,2,17,20,0.85
34,after,72,1,19,20,0.95
34,after,73,2,20,20,1.0
34,after,74,2,20,20,1.0
34,after,75,2,20,20,1.0
34,after,76,2,13,20,0.65
34,after,77,2,20,20,1.0
34,after,78,1,20,20,1.0
34,after,79,2,20,20,1.0
34,after,80,2,20,20,1.0
34,after,81,1,19,20,0.95
34,after,82,2,20,20,1.0
34,after,83,1,11,20,0.55
34,after,84,1,15,20,0.75
34,after,85,2,20,20,1.0
34,after,86,1,20,20,1.0
34,after,87,1,20,20,1.0
34,after,88,2,20,20,1.0
34,after,89,1,20,20,1.0
34,after,90,2,20,20,1.0
34,after,91,2,20,20,1.0
34,after,92,1,20,20,1.0
34,after,93,1,18,20,0.9
34,after,94,1,20,20,1.0
34,after,95,2,19,20,0.95
34,after,96,0,20,20,1.0
34,after,97,2,11,20,0.55
34,after,98,1,18,20,0.9
34,after,99,2,20,20,1.0
34,after,100,2,20,20,1.0
34,after,101,2,19,20,0.95
34,after,102,2,20,20,1.0
34,after,103,2,13,20,0.65
34,after,104,1,14,20,0.7
34,after,105,1,12,20,0.6
34,after,106,2,20,20,1.0
34,after,107,2,20,20,1.0
34,after,108,2,20,20,1.0
34,after,109,2,20,20,1.0
34,after,110,1,17,20,0.85
34,after,111,1,15,20,0.75
34,after,112,1,11,20,0.55
34,after,113,2,17,20,0.85
34,after,114,2,20,20,1.0
34,after,115,1,17,20,0.85
34,after,116,2,20,20,1.0
34,after,117,2,20,20,1.0
34,after,118,2,20,20,1.0
34,after,119,2,20,20,1.0
34,after,120,2,17,20,0.85
34,after,121,2,20,20,1.0
34,after,122,2,20,20,1.0
34,after,123,1,18,20,0.9
34,after,124,2,20,20,1.0
34,after,125,1,20,20,1.0
34,after,126,2,20,20,1.0
34,after,127,0,18,20,0.9
34,after,128,2,20,20,1.0
34,after,129,1,18,20,0.9
34,after,130,2,20,20,1.0
34,before,0,2,20,20,1.0
34,before,1,1,20,20,1.0
34,before,2,0,20,20,1.0
34,before,3,0,20,20,1.0
34,before,4,2,20,20,1.0
34,before,5,1,20,20,1.0
34,before,6,2,20,20,1.0
34,before,7,1,16,20,0.8
34,before,8,2,19,20,0.95
34,before,9,0,20,20,1.0
34,before,10,2,17,20,0.85
34,before,11,1,18,20,0.9
34,before,12,2,20,20,1.0
34,before,13,0,13,20,0.65
34,before,14,2,20,20,1.0
34,before,15,1,20,20,1.0
34,before,16,2,20,20,1.0
34,before,17,1,20,20,1.0
34,before,18,2,20,20,1.0
34,before,19,1,20,20,1.0
34,before,20,1,20,20,1.0
34,before,21,1,13,20,0.65
34,before,22,2,20,20,1.0
34,before,23,2,20,20,1.0
34,before,24,1,20,20,1.0
34,before,25,0,20,20,1.0
34,before,26,2,20,20,1.0
34,before,27,2,20,20,1.0
34,before,28,1,19,20,0.95
34,before,29,0,17,20,0.85
34,before,30,2,20,20,1.0
34,before,31,2,20,20,1.0
34,before,32,2,20,20,1.0
34,before,33,1,11,20,0.55
34,before,34,2,20,20,1.0
34,before,35,0,20,20,1.0
34,before,36,0,20,20,1.0
34,before,37,0,20,20,1.0
34,before,38,2,20,20,1.0
34,before,39,2,20,20,1.0
34,before,40,0,20,20,1.0
34,before,41,2,20,20,1.0
34,before,42,2,20,20,1.0
34,before,43,2,15,20,0.75
34,before,44,1,10,20,0.5
34,before,45,1,20,20,1.0
34,before,46,2,20,20,1.0
34,before,47,0,14,20,0.7
34,before,48,2,20,20,1.0
34,before,49,2,20,20,1.0
34,before,50,2,20,20,1.0
34,before,51,1,15,20,0.75
34,before,52,0,14,20,0.7
34,before,53,2,20,20,1.0
34,before,54,2,16,20,0.8
34,before,55,2,11,20,0.55
34,before,56,1,20,20,1.0
34,before,57,2,20,20,1.0
34,before,58,1,18,20,0.9
34,before,59,1,20,20,1.0
34,before,60,1,20,20,1.0
34,before,61,0,15,20,0.75
34,before,62,1,20,20,1.0
34,before,63,1,20,20,1.0
34,before,64,2,19,20,0.95
34,before,65,1,20,20,1.0
34,before,66,2,20,20,1.0
34,before,67,2,12,20,0.6
34,before,68,2,20,20,1.0
34,before,69,2,20,20,1.0
34,before,70,0,20,20,1.0
34,before,71,2,19,20,0.95
34,before,72,1,19,20,0.95
34,before,73,2,20,20,1.0
34,before,74,2,20,20,1.0
34,before,75,2,20,20,1.0
34,before,76,2,19,20,0.95
34,before,77,2,20,20,1.0
34,before,78,1,20,20,1.0
34,before,79,2,20,20,1.0
34,before,80,2,20,20,1.0
34,before,81,1,20,20,1.0
34,before,82,2,20,20,1.0
34,before,83,1,10,20,0.5
34,before,84,1,17,20,0.85
34,before,85,2,20,20,1.0
34,before,86,1,20,20,1.0
34,before,87,1,20,20,1.0
34,before,88,2,20,20,1.0
34,before,89,1,20,20,1.0
34,before,90,2,20,20,1.0
34,before,91,2,20,20,1.0
34,before,92,1,18,20,0.9
34,before,93,1,18,20,0.9
34,before,94,1,20,20,1.0
34,before,95,2,18,20,0.9
34,before,96,0,20,20,1.0
34,before,97,2,13,20,0.65
34,before,98,1,18,20,0.9
34,before,99,2,20,20,1.0
34,before,100,2,20,20,1.0
34,before,101,2,20,20,1.0
34,before,102,2,20,20,1.0
34,before,103,2,19,20,0.95
34,before,104,1,13,20,0.65
34,before,105,1,12,20,0.6
34,before,106,2,18,20,0.9
34,before,107,2,20,20,1.0
34,before,108,2,20,20,1.0
34,before,109,2,20,20,1.0
34,before,110,1,18,20,0.9
34,before,111,1,17,20,0.85
34,before,112,1,16,20,0.8
34,before,113,2,16,20,0.8
34,before,114,2,20,20,1.0
34,before,115,0,12,20,0.6
34,before,116,2,20,20,1.0
34,before,117,2,20,20,1.0
34,before,118,2,20,20,1.0
34,before,119,2,20,20,1.0
34,before,120,2,19,20,0.95
34,before,121,2,20,20,1.0
34,before,122,2,20,20,1.0
34,before,123,1,14,20,0.7
34,before,124,2,20,20,1.0
34,before,125,1,19,20,0.95
34,before,126,2,20,20,1.0
34,before,127,0,18,20,0.9
34,before,128,2,20,20,1.0
34,before,129,1,16,20,0.8
34,before,130,2,20,20,1.0
35,after,0,2,18,20,0.9
35,after,1,1,20,20,1.0
35,after,2,0,20,20,1.0
35,after,3,0,17,20,0.85
35,after,4,2,19,20,0.95
35,after,5,1,19,20,0.95
35,after,6,2,20,20,1.0
35,after,7,1,19,20,0.95
35,after,8,2,20,20,1.0
35,after,9,0,20,20,1.0
35,after,10,2,19,20,0.95
35,after,11,1,20,20,1.0
35,after,12,2,20,20,1.0
35,after,13,2,13,20,0.65
35,after,14,2,20,20,1.0
35,after,15,1,20,20,1.0
35,after,16,2,18,20,0.9
35,after,17,1,20,20,1.0
35,after,18,2,20,20,1.0
35,after,19,1,20,20,1.0
35,after,20,1,19,20,0.95
35,after,21,1,14,20,0.7
35,after,22,2,20,20,1.0
35,after,23,2,20,20,1.0
35,after,24,1,20,20,1.0
35,after,25,0,20,20,1.0
35,after,26,2,20,20,1.0
35,after,27,2,20,20,1.0
35,after,28,1,19,20,0.95
35,after,29,0,14,20,0.7
35,after,30,2,19,20,0.95
35,after,31,2,20,20,1.0
35,after,32,2,20,20,1.0
35,after,33,1,19,20,0.95
35,after,34,2,20,20,1.0
35,after,35,0,20,20,1.0
35,after,36,0,20,20,1.0
35,after,37,0,18,20,0.9
35,after,38,2,20,20,1.0
35,after,39,2,20,20,1.0
35,after,40,0,19,20,0.95
35,after,41,2,20,20,1.0
35,after,42,2,20,20,1.0
35,after,43,2,13,20,0.65
35,after,44,2,15,20,0.75
35,after,45,1,20,20,1.0
35,after,46,2,20,20,1.0
35,after,47,0,13,20,0.65
35,after,48,2,20,20,1.0
35,after,49,2,19,20,0.95
35,after,50,2,19,20,0.95
35,after,51,1,11,20,0.55
35,after,52,0,19,20,0.95
35,after,53,2,20,20,1.0
35,after,54,2,15,20,0.75
35,after,55,2,11,20,0.55
35,after,56,1,20,20,1.0
35,after,57,2,20,20,1.0
35,after,58,1,16,20,0.8
35,after,59,1,20,20,1.0
35,after,60,1,20,20,1.0
35,after,61,0,16,20,0.8
35,after,62,1,19,20,0.95
35,after,63,1,19,20,0.95
35,after,64,2,13,20,0.65
35,after,65,1,20,20,1.0
35,after,66,2,20,20,1.0
35,after,67,2,19,20,0.95
35,after,68,2,19,20,0.95
35,after,69,2,20,20,1.0
35,after,70,0,19,20,0.95
35,after,71,2,17,20,0.85
35,after,72,1,18,20,0.9
35,after,73,2,20,20,1.0
35,after,74,2,20,20,1.0
35,after,75,2,20,20,1.0
35,after,76,2,16,20,0.8
35,after,77,2,20,20,1.0
35,after,78,1,20,20,1.0
35,after,79,2,20,20,1.0
35,after,80,2,20,20,1.0
35,after,81,1,20,20,1.0
35,after,82,2,20,20,1.0
35,after,83,0,11,20,0.55
35,after,84,1,19,20,0.95
35,after,85,2,20,20,1.0
35,after,86,1,20,20,1.0
35,after,87,1,20,20,1.0
35,after,88,2,20,20,1.0
35,after,89,1,19,20,0.95
35,after,90,2,19,20,0.95
35,after,91,2,20,20,1.0
35,after,92,1,19,20,0.95
35,after,93,1,19,20,0.95
35,after,94,1,20,20,1.0
35,after,95,2,15,20,0.75
35,after,96,0,20,20,1.0
35,after,97,0,10,20,0.5
35,after,98,1,20,20,1.0
35,after,99,2,20,20,1.0
35,after,100,2,20,20,1.0
35,after,101,2,20,20,1.0
35,after,102,2,20,20,1.0
35,after,103,2,14,20,0.7
35,after,104,1,11,20,0.55
35,after,105,2,13,20,0.65
35,after,106,2,19,20,0.95
35,after,107,2,20,20,1.0
35,after,108,2,20,20,1.0
35,after,109,2,20,20,1.0
35,after,110,1,12,20,0.6
35,after,111,1,17,20,0.85
35,after,112,2,11,20,0.55
35,after,113,2,16,20,0.8
35,after,114,2,20,20,1.0
35,after,115,1,19,20,0.95
35,after,116,2,20,20,1.0
35,after,117,2,20,20,1.0
35,after,118,2,20,20,1.0
35,after,119,2,20,20,1.0
35,after,120,2,19,20,0.95
35,after,121,2,20,20,1.0
35,after,122,2,20,20,1.0
35,after,123,1,20,20,1.0
35,after,124,2,20,20,1.0
35,after,125,1,20,20,1.0
35,after,126,2,20,20,1.0
35,after,127,0,20,20,1.0
35,after,128,2,20,20,1.0
35,after,129,1,17,20,0.85
35,after,130,2,20,20,1.0
35,before,0,2,20,20,1.0
35,before,1,1,20,20,1.0
35,before,2,0,17,20,0.85
35,before,3,0,18,20,0.9
35,before,4,2,20,20,1.0
35,before,5,1,19,20,0.95
35,before,6,2,20,20,1.0
35,before,7,1,13,20,0.65
35,before,8,2,20,20,1.0
35,before,9,0,16,20,0.8
35,before,10,2,19,20,0.95
35,before,11,1,18,20,0.9
35,before,12,2,20,20,1.0
35,before,13,2,13,20,0.65
35,before,14,2,20,20,1.0
35,before,15,1,20,20,1.0
35,before,16,2,20,20,1.0
35,before,17,1,19,20,0.95
35,before,18,2,20,20,1.0
35,before,19,1,20,20,1.0
35,before,20,1,20,20,1.0
35,before,21,2,10,20,0.5
35,before,22,2,20,20,1.0
35,before,23,2,20,20,1.0
35,before,24,1,20,20,1.0
35,before,25,0,19,20,0.95
35,before,26,2,20,20,1.0
35,before,27,2,20,20,1.0
35,before,28,1,19,20,0.95
35,before,29,0,20,20,1.0
35,before,30,2,20,20,1.0
35,before,31,2,20,20,1.0
35,before,32,2,20,20,1.0
35,before,33,1,18,20,0.9
35,before,34,2,20,20,1.0
35,before,35,0,19,20,0.95
35,before,36,0,20,20,1.0
35,before,37,0,20,20,1.0
35,before,38,2,20,20,1.0
35,before,39,2,20,20,1.0
35,before,40,0,19,20,0.95
35,before,41,2,20,20,1.0
35,before,42,2,20,20,1.0
35,before,43,1,13,20,0.65
35,before,44,2,11,20,0.55
35,before,45,1,20,20,1.0
35,before,46,2,20,20,1.0
35,before,47,0,11,20,0.55
35,before,48,2,20,20,1.0
35,before,49,2,20,20,1.0
35,before,50,2,20,20,1.0
35,before,51,1,11,20,0.55
35,before,52,0,19,20,0.95
35,before,53,2,20,20,1.0
35,before,54,2,17,20,0.85
35,before,55,2,13,20,0.65
35,before,56,1,20,20,1.0
35,before,57,2,20,20,1.0
35,before,58,1,15,20,0.75
35,before,59,1,20,20,1.0
35,before,60,1,20,20,1.0
35,before,61,0,17,20,0.85
35,before,62,1,19,20,0.95
35,before,63,1,20,20,1.0
35,before,64,2,17,20,0.85
35,before,65,1,20,20,1.0
35,before,66,2,20,20,1.0
35,before,67,2,20,20,1.0
35,before,68,2,20,20,1.0
35,before,69,2,20,20,1.0
35,before,70,0,19,20,0.95
35,before,71,2,18,20,0.9
35,before,72,1,20,20,1.0
35,before,73,2,20,20,1.0
35,before,74,2,20,20,1.0
35,before,75,2,20,20,1.0
35,before,76,2,20,20,1.0
35,before,77,2,20,20,1.0
35,before,78,1,20,20,1.0
35,before,79,2,20,20,1.0
35,before,80,2,20,20,1.0
35,before,81,1,20,20,1.0
35,before,82,2,20,20,1.0
35,before,83,1,14,20,0.7
35,before,84,1,20,20,1.0
35,before,85,2,20,20,1.0
35,before,86,1,20,20,1.0
35,before,87,1,20,20,1.0
35,before,88,2,20,20,1.0
35,before,89,1,20,20,1.0
35,before,90,2,20,20,1.0
35,before,91,2,20,20,1.0
35,before,92,1,20,20,1.0
35,before,93,1,20,20,1.0
35,before,94,1,20,20,1.0
35,before,95,2,20,20,1.0
35,before,96,0,19,20,0.95
35,before,97,2,16,20,0.8
35,before,98,1,18,20,0.9
35,before,99,2,20,20,1.0
35,before,100,2,20,20,1.0
35,before,101,2,20,20,1.0
35,before,102,2,20,20,1.0
35,before,103,2,12,20,0.6
35,before,104,1,13,20,0.65
35,before,105,1,15,20,0.75
35,before,106,2,20,20,1.0
35,before,107,2,20,20,1.0
35,before,108,2,20,20,1.0
35,before,109,2,20,20,1.0
35,before,110,1,18,20,0.9
35,before,111,1,12,20,0.6
35,before,112,2,16,20,0.8
35,before,113,2,17,20,0.85
35,before,114,2,20,20,1.0
35,before,115,1,19,20,0.95
35,before,116,2,20,20,1.0
35,before,117,2,20,20,1.0
35,before,118,2,20,20,1.0
35,before,119,2,20,20,1.0
35,before,120,2,20,20,1.0
35,before,121,2,20,20,1.0
35,before,122,2,20,20,1.0
35,before,123,1,20,20,1.0
35,before,124,2,20,20,1.0
35,before,125,1,19,20,0.95
35,before,126,2,20,20,1.0
35,before,127,0,20,20,1.0
35,before,128,2,20,20,1.0
35,before,129,1,17,20,0.85
35,before,130,2,20,20,1.0
36,after,0,2,19,20,0.95
36,after,1,1,20,20,1.0
36,after,2,0,19,20,0.95
36,after,3,0,17,20,0.85
36,after,4,2,18,20,0.9
36,after,5,1,20,20,1.0
36,after,6,2,20,20,1.0
36,after,7,1,18,20,0.9
36,after,8,2,20,20,1.0
36,after,9,0,19,20,0.95
36,after,10,2,18,20,0.9
36,after,11,1,20,20,1.0
36,after,12,2,20,20,1.0
36,after,13,2,14,20,0.7
36,after,14,2,20,20,1.0
36,after,15,1,20,20,1.0
36,after,16,2,18,20,0.9
36,after,17,1,19,20,0.95
36,after,18,2,20,20,1.0
36,after,19,1,20,20,1.0
36,after,20,1,20,20,1.0
36,after,21,1,10,20,0.5
36,after,22,2,20,20,1.0
36,after,23,2,20,20,1.0
36,after,24,1,20,20,1.0
36,after,25,0,20,20,1.0
36,after,26,2,20,20,1.0
36,after,27,2,20,20,1.0
36,after,28,1,20,20,1.0
36,after,29,0,12,20,0.6
36,after,30,2,20,20,1.0
36,after,31,2,20,20,1.0
36,after,32,2,20,20,1.0
36,after,33,1,15,20,0.75
36,after,34,2,20,20,1.0
36,after,35,0,20,20,1.0
36,after,36,0,20,20,1.0
36,after,37,0,17,20,0.85
36,after,38,2,20,20,1.0
36,after,39,2,20,20,1.0
36,after,40,0,18,20,0.9
36,after,41,2,19,20,0.95
36,after,42,2,20,20,1.0
36,after,43,1,13,20,0.65
36,after,44,2,12,20,0.6
36,after,45,1,20,20,1.0
36,after,46,2,20,20,1.0
36,after,47,0,13,20,0.65
36,after,48,2,20,20,1.0
36,after,49,2,20,20,1.0
36,after,50,2,19,20,0.95
36,after,51,1,11,20,0.55
36,after,52,0,19,20,0.95
36,after,53,2,20,20,1.0
36,after,54,2,16,20,0.8
36,after,55,0,10,20,0.5
36,after,56,1,20,20,1.0
36,after,57,2,20,20,1.0
36,after,58,1,18,20,0.9
36,after,59,1,18,20,0.9
36,after,60,1,20,20,1.0
36,after,61,0,15,20,0.75
36,after,62,1,20,20,1.0
36,after,63,1,19,20,0.95
36,after,64,2,14,20,0.7
36,after,65,1,20,20,1.0
36,after,66,2,20,20,1.0
36,after,67,2,18,20,0.9
36,after,68,2,20,20,1.0
36,after,69,2,20,20,1.0
36,after,70,0,19,20,0.95
36,after,71,2,17,20,0.85
36,after,72,1,19,20,0.95
36,after,73,2,20,20,1.0
36,after,74,2,20,20,1.0
36,after,75,2,19,20,0.95
36,after,76,2,16,20,0.8
36,after,77,2,20,20,1.0
36,after,78,1,20,20,1.0
36,after,79,2,20,20,1.0
36,after,80,2,20,20,1.0
36,after,81,1,19,20,0.95
36,after,82,2,20,20,1.0
36,after,83,0,10,20,0.5
36,after,84,1,19,20,0.95
36,after,85,2,18,20,0.9
36,after,86,1,19,20,0.95
36,after,87,1,20,20,1.0
36,after,88,2,20,20,1.0
36,after,89,1,20,20,1.0
36,after,90,2,19,20,0.95
36,after,91,2,20,20,1.0
36,after,92,1,20,20,1.0
36,after,93,1,20,20,1.0
36,after,94,1,20,20,1.0
36,after,95,2,17,20,0.85
36,after,96,0,18,20,0.9
36,after,97,2,13,20,0.65
36,after,98,1,18,20,0.9
36,after,99,2,20,20,1.0
36,after,100,2,20,20,1.0
36,after,101,2,20,20,1.0
36,after,102,2,20,20,1.0
36,after,103,2,17,20,0.85
36,after,104,1,15,20,0.75
36,after,105,2,13,20,0.65
36,after,106,2,20,20,1.0
36,after,107,2,20,20,1.0
36,after,108,2,20,20,1.0
36,after,109,2,20,20,1.0
36,after,110,1,15,20,0.75
36,after,111,1,17,20,0.85
36,after,112,2,11,20,0.55
36,after,113,2,18,20,0.9
36,after,114,2,20,20,1.0
36,after,115,1,19,20,0.95
36,after,116,2,20,20,1.0
36,after,117,2,19,20,0.95
36,after,118,2,20,20,1.0
36,after,119,2,20,20,1.0
36,after,120,2,18,20,0.9
36,after,121,2,20,20,1.0
36,after,122,2,20,20,1.0
36,after,123,1,19,20,0.95
36,after,124,2,20,20,1.0
36,after,125,1,19,20,0.95
36,after,126,2,20,20,1.0
36,after,127,0,20,20,1.0
36,after,128,2,20,20,1.0
36,after,129,1,11,20,0.55
36,after,130,2,20,20,1.0
36,before,0,2,20,20,1.0
36,before,1,1,20,20,1.0
36,before,2,0,20,20,1.0
36,before,3,0,20,20,1.0
36,before,4,2,20,20,1.0
36,before,5,1,20,20,1.0
36,before,6,2,20,20,1.0
36,before,7,1,20,20,1.0
36,before,8,2,20,20,1.0
36,before,9,0,20,20,1.0
36,before,10,2,17,20,0.85
36,before,11,1,20,20,1.0
36,before,12,2,20,20,1.0
36,before,13,2,16,20,0.8
36,before,14,2,20,20,1.0
36,before,15,1,20,20,1.0
36,before,16,2,15,20,0.75
36,before,17,1,20,20,1.0
36,before,18,2,20,20,1.0
36,before,19,1,20,20,1.0
36,before,20,1,20,20,1.0
36,before,21,2,10,20,0.5
36,before,22,2,20,20,1.0
36,before,23,2,20,20,1.0
36,before,24,1,20,20,1.0
36,before,25,0,20,20,1.0
36,before,26,2,20,20,1.0
36,before,27,2,20,20,1.0
36,before,28,1,20,20,1.0
36,before,29,0,20,20,1.0
36,before,30,2,20,20,1.0
36,before,31,2,20,20,1.0
36,before,32,2,20,20,1.0
36,before,33,1,19,20,0.95
36,before,34,2,20,20,1.0
36,before,35,0,20,20,1.0
36,before,36,0,20,20,1.0
36,before,37,0,17,20,0.85
36,before,38,2,20,20,1.0
36,before,39,2,20,20,1.0
36,before,40,0,17,20,0.85
36,before,41,2,20,20,1.0
36,before,42,2,20,20,1.0
36,before,43,1,15,20,0.75
36,before,44,2,12,20,0.6
36,before,45,1,20,20,1.0
36,before,46,2,20,20,1.0
36,before,47,0,13,20,0.65
36,before,48,2,20,20,1.0
36,before,49,2,20,20,1.0
36,before,50,2,17,20,0.85
36,before,51,2,10,20,0.5
36,before,52,0,20,20,1.0
36,before,53,2,20,20,1.0
36,before,54,2,14,20,0.7
36,before,55,0,14,20,0.7
36,before,56,1,20,20,1.0
36,before,57,2,20,20,1.0
36,before,58,1,19,20,0.95
36,before,59,1,20,20,1.0
36,before,60,1,20,20,1.0
36,before,61,0,16,20,0.8
36,before,62,1,20,20,1.0
36,before,63,1,20,20,1.0
36,before,64,2,13,20,0.65
36,before,65,1,20,20,1.0
36,before,66,2,20,20,1.0
36,before,67,2,20,20,1.0
36,before,68,2,18,20,0.9
36,before,69,2,20,20,1.0
36,before,70,0,20,20,1.0
36,before,71,2,12,20,0.6
36,before,72,1,20,20,1.0
36,before,73,2,20,20,1.0
36,before,74,2,20,20,1.0
36,before,75,2,20,20,1.0
36,before,76,2,20,20,1.0
36,before,77,2,20,20,1.0
36,before,78,1,20,20,1.0
36,before,79,2,20,20,1.0
36,before,80,2,20,20,1.0
36,before,81,1,20,20,1.0
36,before,82,2,20,20,1.0
36,before,83,1,11,20,0.55
36,before,84,1,18,20,0.9
36,before,85,2,20,20,1.0
36,before,86,1,20,20,1.0
36,before,87,1,20,20,1.0
36,before,88,2,20,20,1.0
36,before,89,1,20,20,1.0
36,before,90,2,17,20,0.85
36,before,91,2,20,20,1.0
36,before,92,1,20,20,1.0
36,before,93,1,20,20,1.0
36,before,94,1,20,20,1.0
36,before,95,2,11,20,0.55
36,before,96,0,20,20,1.0
36,before,97,2,12,20,0.6
36,before,98,1,19,20,0.95
36,before,99,2,20,20,1.0
36,before,100,2,20,20,1.0
36,before,101,2,20,20,1.0
36,before,102,2,20,20,1.0
36,before,103,2,11,20,0.55
36,before,104,1,12,20,0.6
36,before,105,2,13,20,0.65
36,before,106,2,20,20,1.0
36,before,107,2,20,20,1.0
36,before,108,2,20,20,1.0
36,before,109,2,20,20,1.0
36,before,110,2,11,20,0.55
36,before,111,0,11,20,0.55
36,before,112,2,12,20,0.6
36,before,113,2,20,20,1.0
36,before,114,2,20,20,1.0
36,before,115,1,18,20,0.9
36,before,116,2,20,20,1.0
36,before,117,2,20,20,1.0
36,before,118,2,20,20,1.0
36,before,119,2,20,20,1.0
36,before,120,2,20,20,1.0
36,before,121,2,20,20,1.0
36,before,122,2,20,20,1.0
36,before,123,1,19,20,0.95
36,before,124,2,20,20,1.0
36,before,125,1,20,20,1.0
36,before,126,2,20,20,1.0
36,before,127,0,20,20,1.0
36,before,128,2,20,20,1.0
36,before,129,1,15,20,0.75
36,before,130,2,20,20,1.0
37,after,0,2,20,20,1.0
37,after,1,1,20,20,1.0
37,after,2,0,20,20,1.0
37,after,3,0,16,20,0.8
37,after,4,2,20,20,1.0
37,after,5,1,20,20,1.0
37,after,6,2,20,20,1.0
37,after,7,1,19,20,0.95
37,after,8,2,20,20,1.0
37,after,9,0,19,20,0.95
37,after,10,2,18,20,0.9
37,after,11,1,20,20,1.0
37,after,12,2,20,20,1.0
37,after,13,2,12,20,0.6
37,after,14,2,20,20,1.0
37,after,15,1,20,20,1.0
37,after,16,2,19,20,0.95
37,after,17,1,17,20,0.85
37,after,18,2,20,20,1.0
37,after,19,1,20,20,1.0
37,after,20,1,20,20,1.0
37,after,21,1,10,20,0.5
37,after,22,2,20,20,1.0
37,after,23,2,20,20,1.0
37,after,24,1,20,20,1.0
37,after,25,0,20,20,1.0
37,after,26,2,20,20,1.0
37,after,27,2,20,20,1.0
37,after,28,1,17,20,0.85
37,after,29,0,12,20,0.6
37,after,30,2,20,20,1.0
37,after,31,2,20,20,1.0
37,after,32,2,20,20,1.0
37,after,33,1,15,20,0.75
37,after,34,2,20,20,1.0
37,after,35,0,20,20,1.0
37,after,36,0,20,20,1.0
37,after,37,0,18,20,0.9
37,after,38,2,20,20,1.0
37,after,39,2,20,20,1.0
37,after,40,0,18,20,0.9
37,after,41,2,20,20,1.0
37,after,42,2,20,20,1.0
37,after,43,2,14,20,0.7
37,after,44,2,14,20,0.7
37,after,45,1,20,20,1.0
37,after,46,2,20,20,1.0
37,after,47,2,10,20,0.5
37,after,48,2,20,20,1.0
37,after,49,2,19,20,0.95
37,after,50,2,19,20,0.95
37,after,51,1,9,20,0.45
37,after,52,0,19,20,0.95
37,after,53,2,20,20,1.0
37,after,54,2,19,20,0.95
37,after,55,2,13,20,0.65
37,after,56,1,20,20,1.0
37,after,57,2,20,20,1.0
37,after,58,1,16,20,0.8
37,after,59,1,19,20,0.95
37,after,60,1,20,20,1.0
37,after,61,0,19,20,0.95
37,after,62,1,20,20,1.0
37,after,63,1,19,20,0.95
37,after,64,2,15,20,0.75
37,after,65,1,20,20,1.0
37,after,66,2,20,20,1.0
37,after,67,2,19,20,0.95
37,after,68,2,19,20,0.95
37,after,69,2,20,20,1.0
37,after,70,0,20,20,1.0
37,after,71,2,18,20,0.9
37,after,72,1,20,20,1.0
37,after,73,2,20,20,1.0
37,after,74,2,20,20,1.0
37,after,75,2,19,20,0.95
37,after,76,2,17,20,0.85
37,after,77,2,20,20,1.0
37,after,78,1,20,20,1.0
37,after,79,2,20,20,1.0
37,after,80,2,20,20,1.0
37,after,81,1,19,20,0.95
37,after,82,2,20,20,1.0
37,after,83,0,11,20,0.55
37,after,84,1,18,20,0.9
37,after,85,2,20,20,1.0
37,after,86,1,20,20,1.0
37,after,87,1,20,20,1.0
37,after,88,2,20,20,1.0
37,after,89,1,20,20,1.0
37,after,90,2,20,20,1.0
37,after,91,2,20,20,1.0
37,after,92,1,20,20,1.0
37,after,93,1,17,20,0.85
37,after,94,1,20,20,1.0
37,after,95,2,17,20,0.85
37,after,96,0,20,20,1.0
37,after,97,2,16,20,0.8
37,after,98,1,17,20,0.85
37,after,99,2,20,20,1.0
37,after,100,2,20,20,1.0
37,after,101,2,20,20,1.0
37,after,102,2,20,20,1.0
37,after,103,2,17,20,0.85
37,after,104,1,11,20,0.55
37,after,105,2,17,20,0.85
37,after,106,2,20,20,1.0
37,after,107,2,20,20,1.0
37,after,108,2,20,20,1.0
37,after,109,2,20,20,1.0
37,after,110,1,15,20,0.75
37,after,111,1,19,20,0.95
37,after,112,2,13,20,0.65
37,after,113,2,20,20,1.0
37,after,114,2,20,20,1.0
37,after,115,1,17,20,0.85
37,after,116,2,20,20,1.0
37,after,117,2,20,20,1.0
37,after,118,2,20,20,1.0
37,after,119,2,20,20,1.0
37,after,120,2,19,20,0.95
37,after,121,2,20,20,1.0
37,after,122,2,20,20,1.0
37,after,123,1,18,20,0.9
37,after,124,2,20,20,1.0
37,after,125,1,20,20,1.0
37,after,126,2,20,20,1.0
37,after,127,0,20,20,1.0
37,after,128,2,19,20,0.95
37,after,129,1,14,20,0.7
37,after,130,2,20,20,1.0
37,before,0,2,20,20,1.0
37,before,1,1,20,20,1.0
37,before,2,0,17,20,0.85
37,before,3,2,10,20,0.5
37,before,4,2,20,20,1.0
37,before,5,1,20,20,1.0
37,before,6,2,20,20,1.0
37,before,7,1,16,20,0.8
37,before,8,2,20,20,1.0
37,before,9,0,20,20,1.0
37,before,10,2,20,20,1.0
37,before,11,1,20,20,1.0
37,before,12,2,20,20,1.0
37,before,13,2,16,20,0.8
37,before,14,2,20,20,1.0
37,before,15,1,20,20,1.0
37,before,16,2,20,20,1.0
37,before,17,1,20,20,1.0
37,before,18,2,20,20,1.0
37,before,19,1,20,20,1.0
37,before,20,1,20,20,1.0
37,before,21,1,11,20,0.55
37,before,22,2,20,20,1.0
37,before,23,2,20,20,1.0
37,before,24,1,20,20,1.0
37,before,25,0,20,20,1.0
37,before,26,2,20,20,1.0
37,before,27,2,20,20,1.0
37,before,28,1,19,20,0.95
37,before,29,1,16,20,0.8
37,before,30,2,20,20,1.0
37,before,31,2,20,20,1.0
37,before,32,2,20,20,1.0
37,before,33,1,11,20,0.55
37,before,34,2,20,20,1.0
37,before,35,0,20,20,1.0
37,before,36,0,20,20,1.0
37,before,37,0,16,20,0.8
37,before,38,2,20,20,1.0
37,before,39,2,20,20,1.0
37,before,40,0,11,20,0.55
37,before,41,2,16,20,0.8
37,before,42,2,20,20,1.0
37,before,43,2,12,20,0.6
37,before,44,2,16,20,0.8
37,before,45,1,20,20,1.0
37,before,46,2,20,20,1.0
37,before,47,2,20,20,1.0
37,before,48,2,20,20,1.0
37,before,49,2,20,20,1.0
37,before,50,2,19,20,0.95
37,before,51,1,10,20,0.5
37,before,52,0,16,20,0.8
37,before,53,2,20,20,1.0
37,before,54,2,15,20,0.75
37,before,55,2,17,20,0.85
37,before,56,1,20,20,1.0
37,before,57,2,20,20,1.0
37,before,58,1,20,20,1.0
37,before,59,1,19,20,0.95
37,before,60,1,20,20,1.0
37,before,61,0,9,20,0.45
37,before,62,1,20,20,1.0
37,before,63,1,16,20,0.8
37,before,64,2,17,20,0.85
37,before,65,1,20,20,1.0
37,before,66,2,20,20,1.0
37,before,67,2,17,20,0.85
37,before,68,2,20,20,1.0
37,before,69,2,20,20,1.0
37,before,70,0,16,20,0.8
37,before,71,2,20,20,1.0
37,before,72,1,20,20,1.0
37,before,73,2,20,20,1.0
37,before,74,2,20,20,1.0
37,before,75,2,20,20,1.0
37,before,76,2,20,20,1.0
37,before,77,2,20,20,1.0
37,before,78,1,20,20,1.0
37,before,79,2,20,20,1.0
37,before,80,2,20,20,1.0
37,before,81,1,20,20,1.0
37,before,82,2,20,20,1.0
37,before,83,0,11,20,0.55
37,before,84,1,20,20,1.0
37,before,85,2,20,20,1.0
37,before,86,1,20,20,1.0
37,before,87,1,20,20,1.0
37,before,88,2,20,20,1.0
37,before,89,1,20,20,1.0
37,before,90,2,20,20,1.0
37,before,91,2,20,20,1.0
37,before,92,1,20,20,1.0
37,before,93,1,20,20,1.0
37,before,94,1,20,20,1.0
37,before,95,2,20,20,1.0
37,before,96,0,19,20,0.95
37,before,97,2,20,20,1.0
37,before,98,1,17,20,0.85
37,before,99,2,20,20,1.0
37,before,100,2,20,20,1.0
37,before,101,2,20,20,1.0
37,before,102,2,20,20,1.0
37,before,103,2,20,20,1.0
37,before,104,1,14,20,0.7
37,before,105,2,19,20,0.95
37,before,106,2,20,20,1.0
37,before,107,2,20,20,1.0
37,before,108,2,20,20,1.0
37,before,109,2,20,20,1.0
37,before,110,1,14,20,0.7
37,before,111,1,20,20,1.0
37,before,112,2,16,20,0.8
37,before,113,2,20,20,1.0
37,before,114,2,20,20,1.0
37,before,115,1,20,20,1.0
37,before,116,2,20,20,1.0
37,before,117,2,20,20,1.0
37,before,118,2,20,20,1.0
37,before,119,2,20,20,1.0
37,before,120,2,20,20,1.0
37,before,121,2,20,20,1.0
37,before,122,2,20,20,1.0
37,before,123,1,20,20,1.0
37,before,124,2,20,20,1.0
37,before,125,1,20,20,1.0
37,before,126,2,20,20,1.0
37,before,127,0,20,20,1.0
37,before,128,2,20,20,1.0
37,before,129,1,10,20,0.5
37,before,130,2,20,20,1.0
38,after,0,2,20,20,1.0
38,after,1,1,20,20,1.0
38,after,2,0,20,20,1.0
38,after,3,0,14,20,0.7
38,after,4,2,20,20,1.0
38,after,5,1,20,20,1.0
38,after,6,2,20,20,1.0
38,after,7,1,20,20,1.0
38,after,8,2,20,20,1.0
38,after,9,0,20,20,1.0
38,after,10,2,17,20,0.85
38,after,11,1,20,20,1.0
38,after,12,2,20,20,1.0
38,after,13,2,14,20,0.7
38,after,14,2,20,20,1.0
38,after,15,1,20,20,1.0
38,after,16,2,20,20,1.0
38,after,17,1,20,20,1.0
38,after,18,2,20,20,1.0
38,after,19,1,20,20,1.0
38,after,20,1,20,20,1.0
38,after,21,1,13,20,0.65
38,after,22,2,20,20,1.0
38,after,23,2,20,20,1.0
38,after,24,1,20,20,1.0
38,after,25,0,20,20,1.0
38,after,26,2,20,20,1.0
38,after,27,2,20,20,1.0
38,after,28,1,20,20,1.0
38,after,29,0,11,20,0.55
38,after,30,2,20,20,1.0
38,after,31,2,20,20,1.0
38,after,32,2,20,20,1.0
38,after,33,1,13,20,0.65
38,after,34,2,20,20,1.0
38,after,35,0,20,20,1.0
38,after,36,0,20,20,1.0
38,after,37,0,18,20,0.9
38,after,38,2,20,20,1.0
38,after,39,2,20,20,1.0
38,after,40,0,14,20,0.7
38,after,41,2,18,20,0.9
38,after,42,2,20,20,1.0
38,after,43,1,10,20,0.5
38,after,44,2,12,20,0.6
38,after,45,1,20,20,1.0
38,after,46,2,18,20,0.9
38,after,47,2,10,20,0.5
38,after,48,2,20,20,1.0
38,after,49,2,20,20,1.0
38,after,50,2,19,20,0.95
38,after,51,1,12,20,0.6
38,after,52,0,19,20,0.95
38,after,53,2,20,20,1.0
38,after,54,2,19,20,0.95
38,after,55,2,15,20,0.75
38,after,56,1,20,20,1.0
38,after,57,2,20,20,1.0
38,after,58,1,18,20,0.9
38,after,59,1,19,20,0.95
38,after,60,1,20,20,1.0
38,after,61,0,16,20,0.8
38,after,62,1,20,20,1.0
38,after,63,1,20,20,1.0
38,after,64,2,15,20,0.75
38,after,65,1,20,20,1.0
38,after,66,2,20,20,1.0
38,after,67,2,19,20,0.95
38,after,68,2,18,20,0.9
38,after,69,2,20,20,1.0
38,after,70,0,17,20,0.85
38,after,71,2,19,20,0.95
38,after,72,1,19,20,0.95
38,after,73,2,20,20,1.0
38,after,74,2,20,20,1.0
38,after,75,2,20,20,1.0
38,after,76,2,17,20,0.85
38,after,77,2,20,20,1.0
38,after,78,1,20,20,1.0
38,after,79,2,20,20,1.0
38,after,80,2,20,20,1.0
38,after,81,1,20,20,1.0
38,after,82,2,20,20,1.0
38,after,83,0,12,20,0.6
38,after,84,1,18,20,0.9
38,after,85,2,20,20,1.0
38,after,86,1,20,20,1.0
38,after,87,1,20,20,1.0
38,after,88,2,20,20,1.0
38,after,89,1,19,20,0.95
38,after,90,2,20,20,1.0
38,after,91,2,20,20,1.0
38,after,92,1,19,20,0.95
38,after,93,1,16,20,0.8
38,after,94,1,20,20,1.0
38,after,95,2,13,20,0.65
38,after,96,0,19,20,0.95
38,after,97,2,15,20,0.75
38,after,98,1,14,20,0.7
38,after,99,2,20,20,1.0
38,after,100,2,20,20,1.0
38,after,101,2,19,20,0.95
38,after,102,2,20,20,1.0
38,after,103,2,16,20,0.8
38,after,104,1,14,20,0.7
38,after,105,2,17,20,0.85
38,after,106,2,20,20,1.0
38,after,107,2,20,20,1.0
38,after,108,2,20,20,1.0
38,after,109,2,20,20,1.0
38,after,110,1,15,20,0.75
38,after,111,1,19,20,0.95
38,after,112,2,10,20,0.5
38,after,113,2,12,20,0.6
38,after,114,2,20,20,1.0
38,after,115,1,18,20,0.9
38,after,116,2,20,20,1.0
38,after,117,2,20,20,1.0
38,after,118,2,20,20,1.0
38,after,119,2,20,20,1.0
38,after,120,2,20,20,1.0
38,after,121,2,20,20,1.0
38,after,122,2,20,20,1.0
38,after,123,1,19,20,0.95
38,after,124,2,20,20,1.0
38,after,125,1,20,20,1.0
38,after,126,2,20,20,1.0
38,after,127,0,20,20,1.0
38,after,128,2,20,20,1.0
38,after,129,1,13,20,0.65
38,after,130,2,20,20,1.0
38,before,0,2,20,20,1.0
38,before,1,1,20,20,1.0
38,before,2,0,20,20,1.0
38,before,3,0,18,20,0.9
38,before,4,2,20,20,1.0
38,before,5,1,20,20,1.0
38,before,6,2,20,20,1.0
38,before,7,1,20,20,1.0
38,before,8,2,20,20,1.0
38,before,9,0,20,20,1.0
38,before,10,2,13,20,0.65
38,before,11,1,20,20,1.0
38,before,12,2,20,20,1.0
38,before,13,0,13,20,0.65
38,before,14,2,20,20,1.0
38,before,15,1,20,20,1.0
38,before,16,2,20,20,1.0
38,before,17,1,19,20,0.95
38,before,18,2,20,20,1.0
38,before,19,1,20,20,1.0
38,before,20,1,20,20,1.0
38,before,21,1,8,20,0.4
38,before,22,2,20,20,1.0
38,before,23,2,20,20,1.0
38,before,24,1,20,20,1.0
38,before,25,0,20,20,1.0
38,before,26,2,20,20,1.0
38,before,27,2,20,20,1.0
38,before,28,1,18,20,0.9
38,before,29,0,14,20,0.7
38,before,30,2,20,20,1.0
38,before,31,2,20,20,1.0
38,before,32,2,20,20,1.0
38,before,33,1,17,20,0.85
38,before,34,2,20,20,1.0
38,before,35,0,20,20,1.0
38,before,36,0,20,20,1.0
38,before,37,0,16,20,0.8
38,before,38,2,20,20,1.0
38,before,39,2,20,20,1.0
38,before,40,0,20,20,1.0
38,before,41,2,20,20,1.0
38,before,42,2,20,20,1.0
38,before,43,2,12,20,0.6
38,before,44,1,12,20,0.6
38,before,45,1,20,20,1.0
38,before,46,2,18,20,0.9
38,before,47,0,15,20,0.75
38,before,48,2,20,20,1.0
38,before,49,2,18,20,0.9
38,before,50,2,20,20,1.0
38,before,51,1,9,20,0.45
38,before,52,0,19,20,0.95
38,before,53,2,20,20,1.0
38,before,54,2,20,20,1.0
38,before,55,0,14,20,0.7
38,before,56,1,20,20,1.0
38,before,57,2,20,20,1.0
38,before,58,1,17,20,0.85
38,before,59,1,20,20,1.0
38,before,60,1,20,20,1.0
38,before,61,0,16,20,0.8
38,before,62,1,20,20,1.0
38,before,63,1,20,20,1.0
38,before,64,2,11,20,0.55
38,before,65,1,20,20,1.0
38,before,66,2,19,20,0.95
38,before,67,2,20,20,1.0
38,before,68,2,20,20,1.0
38,before,69,2,20,20,1.0
38,before,70,0,20,20,1.0
38,before,71,2,15,20,0.75
38,before,72,1,20,20,1.0
38,before,73,2,20,20,1.0
38,before,74,2,20,20,1.0
38,before,75,2,20,20,1.0
38,before,76,2,16,20,0.8
38,before,77,2,20,20,1.0
38,before,78,1,19,20,0.95
38,before,79,2,20,20,1.0
38,before,80,2,20,20,1.0
38,before,81,1,20,20,1.0
38,before,82,2,20,20,1.0
38,before,83,0,13,20,0.65
38,before,84,1,20,20,1.0
38,before,85,2,20,20,1.0
38,before,86,1,19,20,0.95
38,before,87,1,20,20,1.0
38,before,88,2,20,20,1.0
38,before,89,1,20,20,1.0
38,before,90,2,20,20,1.0
38,before,91,2,20,20,1.0
38,before,92,1,20,20,1.0
38,before,93,1,13,20,0.65
38,before,94,1,20,20,1.0
38,before,95,2,11,20,0.55
38,before,96,0,19,20,0.95
38,before,97,2,11,20,0.55
38,before,98,1,13,20,0.65
38,before,99,2,20,20,1.0
38,before,100,2,20,20,1.0
38,before,101,2,19,20,0.95
38,before,102,2,20,20,1.0
38,before,103,2,19,20,0.95
38,before,104,1,14,20,0.7
38,before,105,2,19,20,0.95
38,before,106,2,20,20,1.0
38,before,107,2,20,20,1.0
38,before,108,2,20,20,1.0
38,before,109,2,20,20,1.0
38,before,110,1,17,20,0.85
38,before,111,1,20,20,1.0
38,before,112,2,10,20,0.5
38,before,113,2,16,20,0.8
38,before,114,2,20,20,1.0
38,before,115,1,20,20,1.0
38,before,116,2,20,20,1.0
38,before,117,2,20,20,1.0
38,before,118,2,20,20,1.0
38,before,119,2,20,20,1.0
38,before,120,2,13,20,0.65
38,before,121,2,20,20,1.0
38,before,122,2,20,20,1.0
38,before,123,1,20,20,1.0
38,before,124,2,20,20,1.0
38,before,125,1,20,20,1.0
38,before,126,2,20,20,1.0
38,before,127,0,20,20,1.0
38,before,128,2,19,20,0.95
38,before,129,2,10,20,0.5
38,before,130,2,20,20,1.0
39,after,0,2,20,20,1.0
39,after,1,1,20,20,1.0
39,after,2,0,20,20,1.0
39,after,3,0,18,20,0.9
39,after,4,2,20,20,1.0
39,after,5,1,19,20,0.95
39,after,6,2,20,20,1.0
39,after,7,1,20,20,1.0
39,after,8,2,19,20,0.95
39,after,9,0,20,20,1.0
39,after,10,2,16,20,0.8
39,after,11,1,20,20,1.0
39,after,12,2,20,20,1.0
39,after,13,2,13,20,0.65
39,after,14,2,20,20,1.0
39,after,15,1,20,20,1.0
39,after,16,2,19,20,0.95
39,after,17,1,20,20,1.0
39,after,18,2,19,20,0.95
39,after,19,1,20,20,1.0
39,after,20,1,19,20,0.95
39,after,21,2,9,20,0.45
39,after,22,2,20,20,1.0
39,after,23,2,20,20,1.0
39,after,24,1,20,20,1.0
39,after,25,0,20,20,1.0
39,after,26,2,20,20,1.0
39,after,27,2,20,20,1.0
39,after,28,1,15,20,0.75
39,after,29,1,15,20,0.75
39,after,30,2,19,20,0.95
39,after,31,2,20,20,1.0
39,after,32,2,20,20,1.0
39,after,33,1,11,20,0.55
39,after,34,2,20,20,1.0
39,after,35,0,20,20,1.0
39,after,36,0,20,20,1.0
39,after,37,0,15,20,0.75
39,after,38,2,20,20,1.0
39,after,39,2,20,20,1.0
39,after,40,0,18,20,0.9
39,after,41,2,19,20,0.95
39,after,42,2,20,20,1.0
39,after,43,2,12,20,0.6
39,after,44,2,10,20,0.5
39,after,45,1,20,20,1.0
39,after,46,2,19,20,0.95
39,after,47,0,11,20,0.55
39,after,48,2,20,20,1.0
39,after,49,2,20,20,1.0
39,after,50,2,20,20,1.0
39,after,51,1,10,20,0.5
39,after,52,0,19,20,0.95
39,after,53,2,20,20,1.0
39,after,54,2,16,20,0.8
39,after,55,2,13,20,0.65
39,after,56,1,20,20,1.0
39,after,57,2,20,20,1.0
39,after,58,1,14,20,0.7
39,after,59,1,15,20,0.75
39,after,60,1,20,20,1.0
39,after,61,0,13,20,0.65
39,after,62,1,19,20,0.95
39,after,63,1,20,20,1.0
39,after,64,2,17,20,0.85
39,after,65,1,20,20,1.0
39,after,66,2,20,20,1.0
39,after,67,2,20,20,1.0
39,after,68,2,18,20,0.9
39,after,69,2,20,20,1.0
39,after,70,0,18,20,0.9
39,after,71,2,20,20,1.0
39,after,72,1,17,20,0.85
39,after,73,2,20,20,1.0
39,after,74,2,20,20,1.0
39,after,75,2,20,20,1.0
39,after,76,2,16,20,0.8
39,after,77,2,20,20,1.0
39,after,78,1,19,20,0.95
39,after,79,2,20,20,1.0
39,after,80,2,20,20,1.0
39,after,81,1,20,20,1.0
39,after,82,2,20,20,1.0
39,after,83,0,12,20,0.6
39,after,84,1,17,20,0.85
39,after,85,2,20,20,1.0
39,after,86,1,20,20,1.0
39,after,87,1,20,20,1.0
39,after,88,2,20,20,1.0
39,after,89,1,18,20,0.9
39,after,90,2,20,20,1.0
39,after,91,2,20,20,1.0
39,after,92,1,20,20,1.0
39,after,93,1,17,20,0.85
39,after,94,1,20,20,1.0
39,after,95,2,18,20,0.9
39,after,96,0,20,20,1.0
39,after,97,2,16,20,0.8
39,after,98,1,15,20,0.75
39,after,99,2,19,20,0.95
39,after,100,2,20,20,1.0
39,after,101,2,20,20,1.0
39,after,102,2,20,20,1.0
39,after,103,2,14,20,0.7
39,after,104,2,14,20,0.7
39,after,105,2,15,20,0.75
39,after,106,2,20,20,1.0
39,after,107,2,20,20,1.0
39,after,108,2,20,20,1.0
39,after,109,2,20,20,1.0
39,after,110,1,17,20,0.85
39,after,111,1,20,20,1.0
39,after,112,2,16,20,0.8
39,after,113,2,17,20,0.85
39,after,114,2,20,20,1.0
39,after,115,1,19,20,0.95
39,after,116,2,20,20,1.0
39,after,117,2,20,20,1.0
39,after,118,2,20,20,1.0
39,after,119,2,20,20,1.0
39,after,120,2,19,20,0.95
39,after,121,2,19,20,0.95
39,after,122,2,20,20,1.0
39,after,123,1,20,20,1.0
39,after,124,2,20,20,1.0
39,after,125,1,19,20,0.95
39,after,126,2,20,20,1.0
39,after,127,0,20,20,1.0
39,after,128,2,20,20,1.0
39,after,129,1,16,20,0.8
39,after,130,2,20,20,1.0
39,before,0,2,20,20,1.0
39,before,1,1,19,20,0.95
39,before,2,0,20,20,1.0
39,before,3,0,18,20,0.9
39,before,4,2,20,20,1.0
39,before,5,1,19,20,0.95
39,before,6,2,20,20,1.0
39,before,7,1,20,20,1.0
39,before,8,2,20,20,1.0
39,before,9,0,20,20,1.0
39,before,10,2,14,20,0.7
39,before,11,1,19,20,0.95
39,before,12,2,20,20,1.0
39,before,13,2,13,20,0.65
39,before,14,2,20,20,1.0
39,before,15,1,20,20,1.0
39,before,16,2,20,20,1.0
39,before,17,1,18,20,0.9
39,before,18,2,20,20,1.0
39,before,19,1,20,20,1.0
39,before,20,1,20,20,1.0
39,before,21,1,12,20,0.6
39,before,22,2,20,20,1.0
39,before,23,2,20,20,1.0
39,before,24,1,19,20,0.95
39,before,25,0,20,20,1.0
39,before,26,2,20,20,1.0
39,before,27,2,20,20,1.0
39,before,28,1,19,20,0.95
39,before,29,1,11,20,0.55
39,before,30,2,20,20,1.0
39,before,31,2,20,20,1.0
39,before,32,2,20,20,1.0
39,before,33,1,9,20,0.45
39,before,34,2,20,20,1.0
39,before,35,0,19,20,0.95
39,before,36,0,19,20,0.95
39,before,37,0,14,20,0.7
39,before,38,2,20,20,1.0
39,before,39,2,20,20,1.0
39,before,40,0,17,20,0.85
39,before,41,2,16,20,0.8
39,before,42,2,20,20,1.0
39,before,43,2,20,20,1.0
39,before,44,1,11,20,0.55
39,before,45,1,20,20,1.0
39,before,46,2,20,20,1.0
39,before,47,0,11,20,0.55
39,before,48,2,20,20,1.0
39,before,49,2,20,20,1.0
39,before,50,2,17,20,0.85
39,before,51,1,18,20,0.9
39,before,52,0,16,20,0.8
39,before,53,2,20,20,1.0
39,before,54,2,18,20,0.9
39,before,55,2,11,20,0.55
39,before,56,1,20,20,1.0
39,before,57,2,20,20,1.0
39,before,58,2,11,20,0.55
39,before,59,1,19,20,0.95
39,before,60,1,20,20,1.0
39,before,61,0,14,20,0.7
39,before,62,1,20,20,1.0
39,before,63,1,20,20,1.0
39,before,64,2,14,20,0.7
39,before,65,1,20,20,1.0
39,before,66,2,18,20,0.9
39,before,67,2,20,20,1.0
39,before,68,2,20,20,1.0
39,before,69,2,20,20,1.0
39,before,70,0,17,20,0.85
39,before,71,2,19,20,0.95
39,before,72,1,14,20,0.7
39,before,73,2,20,20,1.0
39,before,74,2,20,20,1.0
39,before,75,2,20,20,1.0
39,before,76,2,15,20,0.75
39,before,77,2,20,20,1.0
39,before,78,1,19,20,0.95
39,before,79,2,20,20,1.0
39,before,80,2,20,20,1.0
39,before,81,1,19,20,0.95
39,before,82,2,20,20,1.0
39,before,83,0,11,20,0.55
39,before,84,1,10,20,0.5
39,before,85,2,20,20,1.0
39,before,86,1,19,20,0.95
39,before,87,1,19,20,0.95
39,before,88,2,20,20,1.0
39,before,89,1,14,20,0.7
39,before,90,2,20,20,1.0
39,before,91,2,20,20,1.0
39,before,92,1,15,20,0.75
39,before,93,1,14,20,0.7
39,before,94,1,20,20,1.0
39,before,95,2,13,20,0.65
39,before,96,0,14,20,0.7
39,before,97,2,19,20,0.95
39,before,98,1,11,20,0.55
39,before,99,2,20,20,1.0
39,before,100,2,20,20,1.0
39,before,101,2,20,20,1.0
39,before,102,2,20,20,1.0
39,before,103,2,16,20,0.8
39,before,104,2,15,20,0.75
39,before,105,2,20,20,1.0
39,before,106,2,20,20,1.0
39,before,107,2,20,20,1.0
39,before,108,2,20,20,1.0
39,before,109,2,20,20,1.0
39,before,110,1,14,20,0.7
39,before,111,1,20,20,1.0
39,before,112,2,15,20,0.75
39,before,113,2,11,20,0.55
39,before,114,2,20,20,1.0
39,before,115,1,20,20,1.0
39,before,116,2,20,20,1.0
39,before,117,2,20,20,1.0
39,before,118,2,20,20,1.0
39,before,119,2,20,20,1.0
39,before,120,2,20,20,1.0
39,before,121,2,20,20,1.0
39,before,122,2,20,20,1.0
39,before,123,1,20,20,1.0
39,before,124,2,20,20,1.0
39,before,125,1,20,20,1.0
39,before,126,2,20,20,1.0
39,before,127,0,20,20,1.0
39,before,128,2,20,20,1.0
39,before,129,2,13,20,0.65
39,before,130,2,19,20,0.95
40,after,0,2,20,20,1.0
40,after,1,1,20,20,1.0
40,after,2,0,20,20,1.0
40,after,3,0,16,20,0.8
40,after,4,2,19,20,0.95
40,after,5,1,19,20,0.95
40,after,6,2,20,20,1.0
40,after,7,1,19,20,0.95
40,after,8,2,20,20,1.0
40,after,9,0,20,20,1.0
40,after,10,2,18,20,0.9
40,after,11,1,20,20,1.0
40,after,12,2,20,20,1.0
40,after,13,2,12,20,0.6
40,after,14,2,20,20,1.0
40,after,15,1,20,20,1.0
40,after,16,2,19,20,0.95
40,after,17,1,19,20,0.95
40,after,18,2,20,20,1.0
40,after,19,1,20,20,1.0
40,after,20,1,20,20,1.0
40,after,21,1,12,20,0.6
40,after,22,2,20,20,1.0
40,after,23,2,20,20,1.0
40,after,24,1,20,20,1.0
40,after,25,0,20,20,1.0
40,after,26,2,20,20,1.0
40,after,27,2,20,20,1.0
40,after,28,1,13,20,0.65
40,after,29,1,11,20,0.55
40,after,30,2,19,20,0.95
40,after,31,2,20,20,1.0
40,after,32,2,20,20,1.0
40,after,33,1,12,20,0.6
40,after,34,2,20,20,1.0
40,after,35,0,20,20,1.0
40,after,36,0,20,20,1.0
40,after,37,0,19,20,0.95
40,after,38,2,20,20,1.0
40,after,39,2,20,20,1.0
40,after,40,0,17,20,0.85
40,after,41,2,17,20,0.85
40,after,42,2,20,20,1.0
40,after,43,2,11,20,0.55
40,after,44,1,9,20,0.45
40,after,45,1,20,20,1.0
40,after,46,2,17,20,0.85
40,after,47,0,14,20,0.7
40,after,48,2,20,20,1.0
40,after,49,2,18,20,0.9
40,after,50,2,18,20,0.9
40,after,51,1,16,20,0.8
40,after,52,0,18,20,0.9
40,after,53,2,20,20,1.0
40,after,54,2,17,20,0.85
40,after,55,2,10,20,0.5
40,after,56,1,20,20,1.0
40,after,57,2,20,20,1.0
40,after,58,1,13,20,0.65
40,after,59,1,16,20,0.8
40,after,60,1,20,20,1.0
40,after,61,0,12,20,0.6
40,after,62,1,20,20,1.0
40,after,63,1,19,20,0.95
40,after,64,2,17,20,0.85
40,after,65,1,20,20,1.0
40,after,66,2,19,20,0.95
40,after,67,2,18,20,0.9
40,after,68,2,19,20,0.95
40,after,69,2,20,20,1.0
40,after,70,0,20,20,1.0
40,after,71,2,16,20,0.8
40,after,72,1,17,20,0.85
40,after,73,2,20,20,1.0
40,after,74,2,20,20,1.0
40,after,75,2,20,20,1.0
40,after,76,2,14,20,0.7
40,after,77,2,20,20,1.0
40,after,78,1,20,20,1.0
40,after,79,2,20,20,1.0
40,after,80,2,20,20,1.0
40,after,81,1,20,20,1.0
40,after,82,2,20,20,1.0
40,after,83,0,13,20,0.65
40,after,84,1,18,20,0.9
40,after,85,2,20,20,1.0
40,after,86,1,19,20,0.95
40,after,87,1,20,20,1.0
40,after,88,2,20,20,1.0
40,after,89,1,19,20,0.95
40,after,90,2,19,20,0.95
40,after,91,2,19,20,0.95
40,after,92,1,18,20,0.9
40,after,93,1,18,20,0.9
40,after,94,1,20,20,1.0
40,after,95,2,17,20,0.85
40,after,96,0,20,20,1.0
40,after,97,0,10,20,0.5
40,after,98,1,12,20,0.6
40,after,99,2,20,20,1.0
40,after,100,2,20,20,1.0
40,after,101,2,18,20,0.9
40,after,102,2,20,20,1.0
40,after,103,2,15,20,0.75
40,after,104,2,13,20,0.65
40,after,105,2,15,20,0.75
40,after,106,2,20,20,1.0
40,after,107,2,20,20,1.0
40,after,108,2,20,20,1.0
40,after,109,2,20,20,1.0
40,after,110,1,11,20,0.55
40,after,111,1,19,20,0.95
40,after,112,2,17,20,0.85
40,after,113,2,19,20,0.95
40,after,114,2,20,20,1.0
40,after,115,1,19,20,0.95
40,after,116,2,20,20,1.0
40,after,117,2,20,20,1.0
40,after,118,2,20,20,1.0
40,after,119,2,20,20,1.0
40,after,120,2,18,20,0.9
40,after,121,2,20,20,1.0
40,after,122,2,20,20,1.0
40,after,123,1,19,20,0.95
40,after,124,2,20,20,1.0
40,after,125,1,20,20,1.0
40,after,126,2,20,20,1.0
40,after,127,0,20,20,1.0
40,after,128,2,20,20,1.0
40,after,129,1,14,20,0.7
40,after,130,2,20,20,1.0
40,before,0,2,20,20,1.0
40,before,1,1,19,20,0.95
40,before,2,0,20,20,1.0
40,before,3,0,12,20,0.6
40,before,4,2,20,20,1.0
40,before,5,1,18,20,0.9
40,before,6,2,20,20,1.0
40,before,7,1,19,20,0.95
40,before,8,2,20,20,1.0
40,before,9,0,19,20,0.95
40,before,10,2,20,20,1.0
40,before,11,1,20,20,1.0
40,before,12,2,20,20,1.0
40,before,13,2,20,20,1.0
40,before,14,2,20,20,1.0
40,before,15,1,20,20,1.0
40,before,16,2,20,20,1.0
40,before,17,1,20,20,1.0
40,before,18,2,20,20,1.0
40,before,19,1,20,20,1.0
40,before,20,1,20,20,1.0
40,before,21,2,16,20,0.8
40,before,22,2,20,20,1.0
40,before,23,2,20,20,1.0
40,before,24,1,20,20,1.0
40,before,25,0,20,20,1.0
40,before,26,2,20,20,1.0
40,before,27,2,20,20,1.0
40,before,28,1,12,20,0.6
40,before,29,0,11,20,0.55
40,before,30,2,17,20,0.85
40,before,31,2,20,20,1.0
40,before,32,2,20,20,1.0
40,before,33,1,10,20,0.5
40,before,34,2,20,20,1.0
40,before,35,0,20,20,1.0
40,before,36,0,20,20,1.0
40,before,37,0,19,20,0.95
40,before,38,2,20,20,1.0
40,before,39,2,20,20,1.0
40,before,40,0,16,20,0.8
40,before,41,2,19,20,0.95
40,before,42,2,20,20,1.0
40,before,43,1,16,20,0.8
40,before,44,1,10,20,0.5
40,before,45,1,20,20,1.0
40,before,46,2,20,20,1.0
40,before,47,2,13,20,0.65
40,before,48,2,20,20,1.0
40,before,49,2,20,20,1.0
40,before,50,2,20,20,1.0
40,before,51,2,16,20,0.8
40,before,52,0,15,20,0.75
40,before,53,2,20,20,1.0
40,before,54,2,10,20,0.5
40,before,55,2,19,20,0.95
40,before,56,1,19,20,0.95
40,before,57,2,20,20,1.0
40,before,58,1,19,20,0.95
40,before,59,1,13,20,0.65
40,before,60,1,20,20,1.0
40,before,61,2,13,20,0.65
40,before,62,1,19,20,0.95
40,before,63,1,20,20,1.0
40,before,64,2,20,20,1.0
40,before,65,1,20,20,1.0
40,before,66,2,20,20,1.0
40,before,67,2,20,20,1.0
40,before,68,2,20,20,1.0
40,before,69,2,20,20,1.0
40,before,70,0,18,20,0.9
40,before,71,2,20,20,1.0
40,before,72,1,19,20,0.95
40,before,73,2,20,20,1.0
40,before,74,2,20,20,1.0
40,before,75,2,20,20,1.0
40,before,76,2,17,20,0.85
40,before,77,2,20,20,1.0
40,before,78,1,17,20,0.85
40,before,79,2,20,20,1.0
40,before,80,2,20,20,1.0
40,before,81,1,19,20,0.95
40,before,82,2,20,20,1.0
40,before,83,0,14,20,0.7
40,before,84,1,20,20,1.0
40,before,85,2,20,20,1.0
40,before,86,1,19,20,0.95
40,before,87,1,20,20,1.0
40,before,88,2,20,20,1.0
40,before,89,1,20,20,1.0
40,before,90,2,20,20,1.0
40,before,91,2,20,20,1.0
40,before,92,1,18,20,0.9
40,before,93,1,13,20,0.65
40,before,94,1,20,20,1.0
40,before,95,2,20,20,1.0
40,before,96,0,20,20,1.0
40,before,97,2,12,20,0.6
40,before,98,1,8,20,0.4
40,before,99,2,20,20,1.0
40,before,100,2,20,20,1.0
40,before,101,2,20,20,1.0
40,before,102,2,20,20,1.0
40,before,103,2,13,20,0.65
40,before,104,2,14,20,0.7
40,before,105,2,17,20,0.85
40,before,106,2,20,20,1.0
40,before,107,2,20,20,1.0
40,before,108,2,20,20,1.0
40,before,109,2,20,20,1.0
40,before,110,1,10,20,0.5
40,before,111,1,20,20,1.0
40,before,112,2,16,20,0.8
40,before,113,2,20,20,1.0
40,before,114,2,20,20,1.0
40,before,115,1,17,20,0.85
40,before,116,2,20,20,1.0
40,before,117,2,20,20,1.0
40,before,118,2,20,20,1.0
40,before,119,2,20,20,1.0
40,before,120,2,18,20,0.9
40,before,121,2,20,20,1.0
40,before,122,2,20,20,1.0
40,before,123,1,19,20,0.95
40,before,124,2,20,20,1.0
40,before,125,1,14,20,0.7
40,before,126,2,20,20,1.0
40,before,127,0,20,20,1.0
40,before,128,2,20,20,1.0
40,before,129,1,11,20,0.55
40,before,130,2,20,20,1.0
41,after,0,2,20,20,1.0
41,after,1,1,20,20,1.0
41,after,2,0,20,20,1.0
41,after,3,0,14,20,0.7
41,after,4,2,19,20,0.95
41,after,5,1,19,20,0.95
41,after,6,2,20,20,1.0
41,after,7,1,20,20,1.0
41,after,8,2,20,20,1.0
41,after,9,0,19,20,0.95
41,after,10,2,20,20,1.0
41,after,11,1,19,20,0.95
41,after,12,2,20,20,1.0
41,after,13,2,13,20,0.65
41,after,14,2,20,20,1.0
41,after,15,1,20,20,1.0
41,after,16,2,20,20,1.0
41,after,17,1,20,20,1.0
41,after,18,2,20,20,1.0
41,after,19,1,20,20,1.0
41,after,20,1,20,20,1.0
41,after,21,1,10,20,0.5
41,after,22,2,20,20,1.0
41,after,23,2,20,20,1.0
41,after,24,1,20,20,1.0
41,after,25,0,19,20,0.95
41,after,26,2,20,20,1.0
41,after,27,2,20,20,1.0
41,after,28,1,15,20,0.75
41,after,29,1,12,20,0.6
41,after,30,2,20,20,1.0
41,after,31,2,20,20,1.0
41,after,32,2,20,20,1.0
41,after,33,1,14,20,0.7
41,after,34,2,20,20,1.0
41,after,35,0,20,20,1.0
41,after,36,0,20,20,1.0
41,after,37,0,17,20,0.85
41,after,38,2,20,20,1.0
41,after,39,2,20,20,1.0
41,after,40,0,13,20,0.65
41,after,41,2,19,20,0.95
41,after,42,2,20,20,1.0
41,after,43,2,12,20,0.6
41,after,44,2,12,20,0.6
41,after,45,1,20,20,1.0
41,after,46,2,19,20,0.95
41,after,47,2,15,20,0.75
41,after,48,2,20,20,1.0
41,after,49,2,20,20,1.0
41,after,50,2,20,20,1.0
41,after,51,1,12,20,0.6
41,after,52,0,18,20,0.9
41,after,53,2,20,20,1.0
41,after,54,2,19,20,0.95
41,after,55,2,16,20,0.8
41,after,56,1,20,20,1.0
41,after,57,2,20,20,1.0
41,after,58,1,11,20,0.55
41,after,59,1,20,20,1.0
41,after,60,1,20,20,1.0
41,after,61,0,12,20,0.6
41,after,62,1,19,20,0.95
41,after,63,1,18,20,0.9
41,after,64,2,18,20,0.9
41,after,65,1,20,20,1.0
41,after,66,2,20,20,1.0
41,after,67,2,20,20,1.0
41,after,68,2,19,20,0.95
41,after,69,2,20,20,1.0
41,after,70,0,18,20,0.9
41,after,71,2,19,20,0.95
41,after,72,1,20,20,1.0
41,after,73,2,20,20,1.0
41,after,74,2,20,20,1.0
41,after,75,2,20,20,1.0
41,after,76,2,20,20,1.0
41,after,77,2,20,20,1.0
41,after,78,1,19,20,0.95
41,after,79,2,20,20,1.0
41,after,80,2,20,20,1.0
41,after,81,1,20,20,1.0
41,after,82,2,20,20,1.0
41,after,83,0,11,20,0.55
41,after,84,1,19,20,0.95
41,after,85,2,20,20,1.0
41,after,86,1,20,20,1.0
41,after,87,1,20,20,1.0
41,after,88,2,20,20,1.0
41,after,89,1,20,20,1.0
41,after,90,2,20,20,1.0
41,after,91,2,20,20,1.0
41,after,92,1,20,20,1.0
41,after,93,1,18,20,0.9
41,after,94,1,20,20,1.0
41,after,95,2,16,20,0.8
41,after,96,0,20,20,1.0
41,after,97,2,16,20,0.8
41,after,98,1,16,20,0.8
41,after,99,2,20,20,1.0
41,after,100,2,20,20,1.0
41,after,101,2,20,20,1.0
41,after,102,2,20,20,1.0
41,after,103,2,16,20,0.8
41,after,104,2,18,20,0.9
41,after,105,2,17,20,0.85
41,after,106,2,20,20,1.0
41,after,107,2,20,20,1.0
41,after,108,2,20,20,1.0
41,after,109,2,20,20,1.0
41,after,110,1,14,20,0.7
41,after,111,1,17,20,0.85
41,after,112,2,12,20,0.6
41,after,113,2,20,20,1.0
41,after,114,2,20,20,1.0
41,after,115,1,20,20,1.0
41,after,116,2,20,20,1.0
41,after,117,2,20,20,1.0
41,after,118,2,20,20,1.0
41,after,119,2,20,20,1.0
41,after,120,2,20,20,1.0
41,after,121,2,20,20,1.0
41,after,122,2,20,20,1.0
41,after,123,1,20,20,1.0
41,after,124,2,20,20,1.0
41,after,125,1,20,20,1.0
41,after,126,2,20,20,1.0
41,after,127,0,19,20,0.95
41,after,128,2,20,20,1.0
41,after,129,1,15,20,0.75
41,after,130,2,20,20,1.0
41,before,0,2,20,20,1.0
41,before,1,1,18,20,0.9
41,before,2,0,20,20,1.0
41,before,3,0,20,20,1.0
41,before,4,2,20,20,1.0
41,before,5,1,20,20,1.0
41,before,6,2,20,20,1.0
41,before,7,1,16,20,0.8
41,before,8,2,20,20,1.0
41,before,9,0,20,20,1.0
41,before,10,2,20,20,1.0
41,before,11,1,20,20,1.0
41,before,12,2,20,20,1.0
41,before,13,2,10,20,0.5
41,before,14,2,20,20,1.0
41,before,15,1,20,20,1.0
41,before,16,2,20,20,1.0
41,before,17,1,15,20,0.75
41,before,18,2,20,20,1.0
41,before,19,1,20,20,1.0
41,before,20,1,20,20,1.0
41,before,21,2,10,20,0.5
41,before,22,2,20,20,1.0
41,before,23,2,20,20,1.0
41,before,24,1,17,20,0.85
41,before,25,0,20,20,1.0
41,before,26,2,20,20,1.0
41,before,27,2,20,20,1.0
41,before,28,1,19,20,0.95
41,before,29,0,12,20,0.6
41,before,30,2,20,20,1.0
41,before,31,2,20,20,1.0
41,before,32,2,20,20,1.0
41,before,33,1,10,20,0.5
41,before,34,2,20,20,1.0
41,before,35,0,20,20,1.0
41,before,36,0,19,20,0.95
41,before,37,0,19,20,0.95
41,before,38,2,20,20,1.0
41,before,39,2,20,20,1.0
41,before,40,0,14,20,0.7
41,before,41,2,19,20,0.95
41,before,42,2,20,20,1.0
41,before,43,1,12,20,0.6
41,before,44,2,9,20,0.45
41,before,45,1,20,20,1.0
41,before,46,2,20,20,1.0
41,before,47,0,14,20,0.7
41,before,48,2,20,20,1.0
41,before,49,2,20,20,1.0
41,before,50,2,20,20,1.0
41,before,51,1,11,20,0.55
41,before,52,0,19,20,0.95
41,before,53,2,20,20,1.0
41,before,54,2,19,20,0.95
41,before,55,0,14,20,0.7
41,before,56,1,20,20,1.0
41,before,57,2,20,20,1.0
41,before,58,1,16,20,0.8
41,before,59,1,15,20,0.75
41,before,60,1,20,20,1.0
41,before,61,0,14,20,0.7
41,before,62,1,20,20,1.0
41,before,63,1,13,20,0.65
41,before,64,2,20,20,1.0
41,before,65,1,20,20,1.0
41,before,66,2,20,20,1.0
41,before,67,2,17,20,0.85
41,before,68,2,20,20,1.0
41,before,69,2,20,20,1.0
41,before,70,0,19,20,0.95
41,before,71,2,12,20,0.6
41,before,72,1,20,20,1.0
41,before,73,2,20,20,1.0
41,before,74,2,20,20,1.0
41,before,75,2,20,20,1.0
41,before,76,2,15,20,0.75
41,before,77,2,20,20,1.0
41,before,78,1,18,20,0.9
41,before,79,2,20,20,1.0
41,before,80,2,20,20,1.0
41,before,81,1,18,20,0.9
41,before,82,2,20,20,1.0
41,before,83,0,14,20,0.7
41,before,84,1,16,20,0.8
41,before,85,2,20,20,1.0
41,before,86,1,18,20,0.9
41,before,87,1,20,20,1.0
41,before,88,2,20,20,1.0
41,before,89,1,20,20,1.0
41,before,90,2,20,20,1.0
41,before,91,2,20,20,1.0
41,before,92,1,20,20,1.0
41,before,93,1,19,20,0.95
41,before,94,1,20,20,1.0
41,before,95,2,13,20,0.65
41,before,96,0,20,20,1.0
41,before,97,0,13,20,0.65
41,before,98,0,12,20,0.6
41,before,99,2,20,20,1.0
41,before,100,2,20,20,1.0
41,before,101,2,16,20,0.8
41,before,102,2,20,20,1.0
41,before,103,0,13,20,0.65
41,before,104,2,14,20,0.7
41,before,105,2,11,20,0.55
41,before,106,2,20,20,1.0
41,before,107,2,20,20,1.0
41,before,108,2,20,20,1.0
41,before,109,2,20,20,1.0
41,before,110,1,14,20,0.7
41,before,111,1,13,20,0.65
41,before,112,2,13,20,0.65
41,before,113,2,20,20,1.0
41,before,114,2,20,20,1.0
41,before,115,1,13,20,0.65
41,before,116,2,20,20,1.0
41,before,117,2,20,20,1.0
41,before,118,2,20,20,1.0
41,before,119,2,20,20,1.0
41,before,120,2,20,20,1.0
41,before,121,2,19,20,0.95
41,before,122,2,20,20,1.0
41,before,123,1,19,20,0.95
41,before,124,2,20,20,1.0
41,before,125,1,20,20,1.0
41,before,126,2,20,20,1.0
41,before,127,0,20,20,1.0
41,before,128,2,20,20,1.0
41,before,129,1,19,20,0.95
41,before,130,2,20,20,1.0
42,after,0,2,20,20,1.0
42,after,1,1,20,20,1.0
42,after,2,0,20,20,1.0
42,after,3,0,18,20,0.9
42,after,4,2,19,20,0.95
42,after,5,1,19,20,0.95
42,after,6,2,20,20,1.0
42,after,7,1,20,20,1.0
42,after,8,2,20,20,1.0
42,after,9,0,20,20,1.0
42,after,10,2,20,20,1.0
42,after,11,1,20,20,1.0
42,after,12,2,20,20,1.0
42,after,13,0,11,20,0.55
42,after,14,2,20,20,1.0
42,after,15,1,20,20,1.0
42,after,16,2,19,20,0.95
42,after,17,1,20,20,1.0
42,after,18,2,20,20,1.0
42,after,19,1,20,20,1.0
42,after,20,1,20,20,1.0
42,after,21,1,15,20,0.75
42,after,22,2,20,20,1.0
42,after,23,2,19,20,0.95
42,after,24,1,20,20,1.0
42,after,25,0,20,20,1.0
42,after,26,2,20,20,1.0
42,after,27,2,20,20,1.0
42,after,28,1,16,20,0.8
42,after,29,1,14,20,0.7
42,after,30,2,20,20,1.0
42,after,31,2,20,20,1.0
42,after,32,2,20,20,1.0
42,after,33,1,19,20,0.95
42,after,34,2,20,20,1.0
42,after,35,0,20,20,1.0
42,after,36,0,20,20,1.0
42,after,37,0,13,20,0.65
42,after,38,2,20,20,1.0
42,after,39,2,20,20,1.0
42,after,40,0,14,20,0.7
42,after,41,2,14,20,0.7
42,after,42,2,20,20,1.0
42,after,43,2,10,20,0.5
42,after,44,2,11,20,0.55
42,after,45,1,20,20,1.0
42,after,46,2,20,20,1.0
42,after,47,0,13,20,0.65
42,after,48,2,20,20,1.0
42,after,49,2,20,20,1.0
42,after,50,2,19,20,0.95
42,after,51,1,15,20,0.75
42,after,52,0,20,20,1.0
42,after,53,2,20,20,1.0
42,after,54,2,18,20,0.9
42,after,55,2,14,20,0.7
42,after,56,1,19,20,0.95
42,after,57,2,20,20,1.0
42,after,58,2,13,20,0.65
42,after,59,1,19,20,0.95
42,after,60,1,20,20,1.0
42,after,61,0,13,20,0.65
42,after,62,1,19,20,0.95
42,after,63,1,20,20,1.0
42,after,64,2,19,20,0.95
42,after,65,1,20,20,1.0
42,after,66,2,20,20,1.0
42,after,67,2,19,20,0.95
42,after,68,2,20,20,1.0
42,after,69,2,20,20,1.0
42,after,70,0,18,20,0.9
42,after,71,2,20,20,1.0
42,after,72,1,20,20,1.0
42,after,73,2,20,20,1.0
42,after,74,2,20,20,1.0
42,after,75,2,20,20,1.0
42,after,76,2,18,20,0.9
42,after,77,2,20,20,1.0
42,after,78,1,20,20,1.0
42,after,79,2,20,20,1.0
42,after,80,2,20,20,1.0
42,after,81,1,20,20,1.0
42,after,82,2,20,20,1.0
42,after,83,0,16,20,0.8
42,after,84,1,18,20,0.9
42,after,85,2,20,20,1.0
42,after,86,1,20,20,1.0
42,after,87,1,20,20,1.0
42,after,88,2,20,20,1.0
42,after,89,1,20,20,1.0
42,after,90,2,20,20,1.0
42,after,91,2,20,20,1.0
42,after,92,1,20,20,1.0
42,after,93,1,17,20,0.85
42,after,94,1,20,20,1.0
42,after,95,2,19,20,0.95
42,after,96,0,20,20,1.0
42,after,97,0,11,20,0.55
42,after,98,1,16,20,0.8
42,after,99,2,20,20,1.0
42,after,100,2,20,20,1.0
42,after,101,2,19,20,0.95
42,after,102,2,20,20,1.0
42,after,103,2,17,20,0.85
42,after,104,2,19,20,0.95
42,after,105,2,12,20,0.6
42,after,106,2,19,20,0.95
42,after,107,2,20,20,1.0
42,after,108,2,20,20,1.0
42,after,109,2,20,20,1.0
42,after,110,1,12,20,0.6
42,after,111,1,20,20,1.0
42,after,112,2,10,20,0.5
42,after,113,2,20,20,1.0
42,after,114,2,20,20,1.0
42,after,115,1,19,20,0.95
42,after,116,2,20,20,1.0
42,after,117,2,20,20,1.0
42,after,118,2,19,20,0.95
42,after,119,2,20,20,1.0
42,after,120,2,19,20,0.95
42,after,121,2,20,20,1.0
42,after,122,2,20,20,1.0
42,after,123,1,18,20,0.9
42,after,124,2,20,20,1.0
42,after,125,1,20,20,1.0
42,after,126,2,20,20,1.0
42,after,127,0,20,20,1.0
42,after,128,2,20,20,1.0
42,after,129,2,11,20,0.55
42,after,130,2,20,20,1.0
42,before,0,2,20,20,1.0
42,before,1,1,20,20,1.0
42,before,2,0,20,20,1.0
42,before,3,0,16,20,0.8
42,before,4,2,15,20,0.75
42,before,5,1,19,20,0.95
42,before,6,2,20,20,1.0
42,before,7,1,19,20,0.95
42,before,8,2,20,20,1.0
42,before,9,0,20,20,1.0
42,before,10,2,20,20,1.0
42,before,11,1,17,20,0.85
42,before,12,2,20,20,1.0
42,before,13,2,12,20,0.6
42,before,14,2,20,20,1.0
42,before,15,1,20,20,1.0
42,before,16,2,20,20,1.0
42,before,17,1,20,20,1.0
42,before,18,2,20,20,1.0
42,before,19,1,20,20,1.0
42,before,20,1,20,20,1.0
42,before,21,2,14,20,0.7
42,before,22,2,20,20,1.0
42,before,23,2,20,20,1.0
42,before,24,1,20,20,1.0
42,before,25,0,20,20,1.0
42,before,26,2,20,20,1.0
42,before,27,2,20,20,1.0
42,before,28,1,12,20,0.6
42,before,29,0,11,20,0.55
42,before,30,2,20,20,1.0
42,before,31,2,20,20,1.0
42,before,32,2,20,20,1.0
42,before,33,1,19,20,0.95
42,before,34,2,20,20,1.0
42,before,35,0,20,20,1.0
42,before,36,0,19,20,0.95
42,before,37,0,14,20,0.7
42,before,38,2,20,20,1.0
42,before,39,2,20,20,1.0
42,before,40,0,11,20,0.55
42,before,41,2,20,20,1.0
42,before,42,2,20,20,1.0
42,before,43,1,11,20,0.55
42,before,44,2,14,20,0.7
42,before,45,1,20,20,1.0
42,before,46,2,20,20,1.0
42,before,47,2,13,20,0.65
42,before,48,2,20,20,1.0
42,before,49,2,20,20,1.0
42,before,50,2,20,20,1.0
42,before,51,2,11,20,0.55
42,before,52,0,19,20,0.95
42,before,53,2,20,20,1.0
42,before,54,2,20,20,1.0
42,before,55,2,14,20,0.7
42,before,56,1,20,20,1.0
42,before,57,2,20,20,1.0
42,before,58,2,19,20,0.95
42,before,59,1,19,20,0.95
42,before,60,1,20,20,1.0
42,before,61,0,10,20,0.5
42,before,62,1,19,20,0.95
42,before,63,1,16,20,0.8
42,before,64,2,19,20,0.95
42,before,65,1,18,20,0.9
42,before,66,2,20,20,1.0
42,before,67,2,20,20,1.0
42,before,68,2,20,20,1.0
42,before,69,2,20,20,1.0
42,before,70,0,19,20,0.95
42,before,71,2,20,20,1.0
42,before,72,1,20,20,1.0
42,before,73,2,20,20,1.0
42,before,74,2,20,20,1.0
42,before,75,2,20,20,1.0
42,before,76,2,18,20,0.9
42,before,77,2,20,20,1.0
42,before,78,1,20,20,1.0
42,before,79,2,20,20,1.0
42,before,80,2,20,20,1.0
42,before,81,1,20,20,1.0
42,before,82,2,20,20,1.0
42,before,83,0,14,20,0.7
42,before,84,1,20,20,1.0
42,before,85,2,20,20,1.0
42,before,86,1,19,20,0.95
42,before,87,1,19,20,0.95
42,before,88,2,20,20,1.0
42,before,89,1,20,20,1.0
42,before,90,2,20,20,1.0
42,before,91,2,20,20,1.0
42,before,92,1,20,20,1.0
42,before,93,1,19,20,0.95
42,before,94,1,20,20,1.0
42,before,95,2,18,20,0.9
42,before,96,0,20,20,1.0
42,before,97,2,13,20,0.65
42,before,98,1,20,20,1.0
42,before,99,2,20,20,1.0
42,before,100,2,20,20,1.0
42,before,101,2,20,20,1.0
42,before,102,2,20,20,1.0
42,before,103,2,19,20,0.95
42,before,104,2,20,20,1.0
42,before,105,2,16,20,0.8
42,before,106,2,20,20,1.0
42,before,107,2,20,20,1.0
42,before,108,2,20,20,1.0
42,before,109,2,20,20,1.0
42,before,110,2,15,20,0.75
42,before,111,1,19,20,0.95
42,before,112,2,12,20,0.6
42,before,113,2,20,20,1.0
42,before,114,2,20,20,1.0
42,before,115,1,20,20,1.0
42,before,116,2,20,20,1.0
42,before,117,2,20,20,1.0
42,before,118,2,20,20,1.0
42,before,119,2,20,20,1.0
42,before,120,2,20,20,1.0
42,before,121,2,20,20,1.0
42,before,122,2,20,20,1.0
42,before,123,1,20,20,1.0
42,before,124,2,20,20,1.0
42,before,125,1,19,20,0.95
42,before,126,2,20,20,1.0
42,before,127,0,20,20,1.0
42,before,128,2,20,20,1.0
42,before,129,2,11,20,0.55
42,before,130,2,20,20,1.0
43,after,0,2,19,20,0.95
43,after,1,1,20,20,1.0
43,after,2,0,20,20,1.0
43,after,3,0,19,20,0.95
43,after,4,2,20,20,1.0
43,after,5,1,20,20,1.0
43,after,6,2,20,20,1.0
43,after,7,1,20,20,1.0
43,after,8,2,20,20,1.0
43,after,9,0,19,20,0.95
43,after,10,2,19,20,0.95
43,after,11,1,20,20,1.0
43,after,12,2,20,20,1.0
43,after,13,0,11,20,0.55
43,after,14,2,20,20,1.0
43,after,15,1,20,20,1.0
43,after,16,2,18,20,0.9
43,after,17,1,20,20,1.0
43,after,18,2,18,20,0.9
43,after,19,1,20,20,1.0
43,after,20,1,20,20,1.0
43,after,21,1,16,20,0.8
43,after,22,2,20,20,1.0
43,after,23,2,20,20,1.0
43,after,24,1,20,20,1.0
43,after,25,0,20,20,1.0
43,after,26,2,20,20,1.0
43,after,27,2,20,20,1.0
43,after,28,1,18,20,0.9
43,after,29,1,13,20,0.65
43,after,30,2,20,20,1.0
43,after,31,2,20,20,1.0
43,after,32,2,20,20,1.0
43,after,33,1,20,20,1.0
43,after,34,2,20,20,1.0
43,after,35,0,20,20,1.0
43,after,36,0,20,20,1.0
43,after,37,0,16,20,0.8
43,after,38,2,20,20,1.0
43,after,39,2,20,20,1.0
43,after,40,0,12,20,0.6
43,after,41,2,18,20,0.9
43,after,42,2,20,20,1.0
43,after,43,1,12,20,0.6
43,after,44,2,10,20,0.5
43,after,45,1,20,20,1.0
43,after,46,2,20,20,1.0
43,after,47,0,16,20,0.8
43,after,48,2,20,20,1.0
43,after,49,2,20,20,1.0
43,after,50,2,19,20,0.95
43,after,51,1,18,20,0.9
43,after,52,0,20,20,1.0
43,after,53,2,20,20,1.0
43,after,54,2,20,20,1.0
43,after,55,2,14,20,0.7
43,after,56,1,17,20,0.85
43,after,57,2,20,20,1.0
43,after,58,1,11,20,0.55
43,after,59,1,18,20,0.9
43,after,60,1,20,20,1.0
43,after,61,0,15,20,0.75
43,after,62,1,20,20,1.0
43,after,63,1,19,20,0.95
43,after,64,2,18,20,0.9
43,after,65,1,20,20,1.0
43,after,66,2,20,20,1.0
43,after,67,2,20,20,1.0
43,after,68,2,20,20,1.0
43,after,69,2,20,20,1.0
43,after,70,0,19,20,0.95
43,after,71,2,18,20,0.9
43,after,72,1,19,20,0.95
43,after,73,2,20,20,1.0
43,after,74,2,20,20,1.0
43,after,75,2,20,20,1.0
43,after,76,2,19,20,0.95
43,after,77,2,20,20,1.0
43,after,78,1,19,20,0.95
43,after,79,2,20,20,1.0
43,after,80,2,20,20,1.0
43,after,81,1,18,20,0.9
43,after,82,2,20,20,1.0
43,after,83,0,14,20,0.7
43,after,84,1,17,20,0.85
43,after,85,2,20,20,1.0
43,after,86,1,20,20,1.0
43,after,87,1,20,20,1.0
43,after,88,2,20,20,1.0
43,after,89,1,19,20,0.95
43,after,90,2,20,20,1.0
43,after,91,2,20,20,1.0
43,after,92,1,20,20,1.0
43,after,93,1,15,20,0.75
43,after,94,1,20,20,1.0
43,after,95,2,16,20,0.8
43,after,96,0,19,20,0.95
43,after,97,0,14,20,0.7
43,after,98,1,19,20,0.95
43,after,99,2,20,20,1.0
43,after,100,2,20,20,1.0
43,after,101,2,19,20,0.95
43,after,102,2,20,20,1.0
43,after,103,2,16,20,0.8
43,after,104,2,18,20,0.9
43,after,105,2,11,20,0.55
43,after,106,2,20,20,1.0
43,after,107,2,20,20,1.0
43,after,108,2,20,20,1.0
43,after,109,2,18,20,0.9
43,after,110,1,13,20,0.65
43,after,111,1,19,20,0.95
43,after,112,2,13,20,0.65
43,after,113,2,19,20,0.95
43,after,114,2,20,20,1.0
43,after,115,1,20,20,1.0
43,after,116,2,20,20,1.0
43,after,117,2,20,20,1.0
43,after,118,2,18,20,0.9
43,after,119,2,20,20,1.0
43,after,120,2,20,20,1.0
43,after,121,2,20,20,1.0
43,after,122,2,20,20,1.0
43,after,123,1,20,20,1.0
43,after,124,2,20,20,1.0
43,after,125,1,20,20,1.0
43,after,126,2,20,20,1.0
43,after,127,0,19,20,0.95
43,after,128,2,20,20,1.0
43,after,129,1,11,20,0.55
43,after,130,2,20,20,1.0
43,before,0,2,20,20,1.0
43,before,1,1,20,20,1.0
43,before,2,0,20,20,1.0
43,before,3,0,14,20,0.7
43,before,4,2,20,20,1.0
43,before,5,1,18,20,0.9
43,before,6,2,20,20,1.0
43,before,7,1,20,20,1.0
43,before,8,2,20,20,1.0
43,before,9,0,20,20,1.0
43,before,10,2,19,20,0.95
43,before,11,1,20,20,1.0
43,before,12,2,20,20,1.0
43,before,13,0,13,20,0.65
43,before,14,2,20,20,1.0
43,before,15,1,20,20,1.0
43,before,16,2,16,20,0.8
43,before,17,1,20,20,1.0
43,before,18,2,20,20,1.0
43,before,19,1,20,20,1.0
43,before,20,1,20,20,1.0
43,before,21,1,17,20,0.85
43,before,22,2,20,20,1.0
43,before,23,2,20,20,1.0
43,before,24,1,20,20,1.0
43,before,25,0,20,20,1.0
43,before,26,2,20,20,1.0
43,before,27,2,20,20,1.0
43,before,28,1,15,20,0.75
43,before,29,1,13,20,0.65
43,before,30,2,20,20,1.0
43,before,31,2,20,20,1.0
43,before,32,2,20,20,1.0
43,before,33,1,19,20,0.95
43,before,34,2,20,20,1.0
43,before,35,0,20,20,1.0
43,before,36,0,19,20,0.95
43,before,37,0,17,20,0.85
43,before,38,2,20,20,1.0
43,before,39,2,20,20,1.0
43,before,40,0,12,20,0.6
43,before,41,2,18,20,0.9
43,before,42,2,20,20,1.0
43,before,43,2,11,20,0.55
43,before,44,2,12,20,0.6
43,before,45,1,20,20,1.0
43,before,46,2,20,20,1.0
43,before,47,0,15,20,0.75
43,before,48,2,20,20,1.0
43,before,49,2,20,20,1.0
43,before,50,2,13,20,0.65
43,before,51,1,12,20,0.6
43,before,52,0,19,20,0.95
43,before,53,2,20,20,1.0
43,before,54,2,19,20,0.95
43,before,55,2,12,20,0.6
43,before,56,1,13,20,0.65
43,before,57,2,20,20,1.0
43,before,58,2,14,20,0.7
43,before,59,1,19,20,0.95
43,before,60,1,20,20,1.0
43,before,61,0,15,20,0.75
43,before,62,1,19,20,0.95
43,before,63,1,20,20,1.0
43,before,64,2,13,20,0.65
43,before,65,1,20,20,1.0
43,before,66,2,20,20,1.0
43,before,67,2,20,20,1.0
43,before,68,2,20,20,1.0
43,before,69,2,20,20,1.0
43,before,70,0,18,20,0.9
43,before,71,2,19,20,0.95
43,before,72,1,18,20,0.9
43,before,73,2,20,20,1.0
43,before,74,2,20,20,1.0
43,before,75,2,20,20,1.0
43,before,76,2,19,20,0.95
43,before,77,2,20,20,1.0
43,before,78,1,19,20,0.95
43,before,79,2,20,20,1.0
43,before,80,2,20,20,1.0
43,before,81,1,18,20,0.9
43,before,82,2,20,20,1.0
43,before,83,0,16,20,0.8
43,before,84,1,14,20,0.7
43,before,85,2,20,20,1.0
43,before,86,1,20,20,1.0
43,before,87,1,20,20,1.0
43,before,88,2,20,20,1.0
43,before,89,1,19,20,0.95
43,before,90,2,20,20,1.0
43,before,91,2,20,20,1.0
43,before,92,1,19,20,0.95
43,before,93,1,11,20,0.55
43,before,94,1,20,20,1.0
43,before,95,2,18,20,0.9
43,before,96,0,20,20,1.0
43,before,97,0,15,20,0.75
43,before,98,1,19,20,0.95
43,before,99,2,20,20,1.0
43,before,100,2,20,20,1.0
43,before,101,2,20,20,1.0
43,before,102,2,20,20,1.0
43,before,103,2,19,20,0.95
43,before,104,2,19,20,0.95
43,before,105,2,14,20,0.7
43,before,106,2,20,20,1.0
43,before,107,2,20,20,1.0
43,before,108,2,20,20,1.0
43,before,109,2,20,20,1.0
43,before,110,2,11,20,0.55
43,before,111,1,20,20,1.0
43,before,112,1,11,20,0.55
43,before,113,2,20,20,1.0
43,before,114,2,20,20,1.0
43,before,115,1,20,20,1.0
43,before,116,2,20,20,1.0
43,before,117,2,20,20,1.0
43,before,118,2,20,20,1.0
43,before,119,2,20,20,1.0
43,before,120,2,20,20,1.0
43,before,121,2,20,20,1.0
43,before,122,2,20,20,1.0
43,before,123,1,20,20,1.0
43,before,124,2,20,20,1.0
43,before,125,1,20,20,1.0
43,before,126,2,20,20,1.0
43,before,127,0,20,20,1.0
43,before,128,2,20,20,1.0
43,before,129,1,11,20,0.55
43,before,130,2,20,20,1.0
44,after,0,2,20,20,1.0
44,after,1,1,19,20,0.95
44,after,2,0,19,20,0.95
44,after,3,0,19,20,0.95
44,after,4,2,19,20,0.95
44,after,5,1,20,20,1.0
44,after,6,2,20,20,1.0
44,after,7,1,20,20,1.0
44,after,8,2,20,20,1.0
44,after,9,0,18,20,0.9
44,after,10,2,20,20,1.0
44,after,11,1,19,20,0.95
44,after,12,2,20,20,1.0
44,after,13,0,15,20,0.75
44,after,14,2,20,20,1.0
44,after,15,1,20,20,1.0
44,after,16,2,20,20,1.0
44,after,17,1,20,20,1.0
44,after,18,2,20,20,1.0
44,after,19,1,20,20,1.0
44,after,20,1,20,20,1.0
44,after,21,1,11,20,0.55
44,after,22,2,20,20,1.0
44,after,23,2,20,20,1.0
44,after,24,1,19,20,0.95
44,after,25,0,20,20,1.0
44,after,26,2,20,20,1.0
44,after,27,2,20,20,1.0
44,after,28,1,17,20,0.85
44,after,29,1,17,20,0.85
44,after,30,2,20,20,1.0
44,after,31,2,20,20,1.0
44,after,32,2,20,20,1.0
44,after,33,1,17,20,0.85
44,after,34,2,20,20,1.0
44,after,35,0,20,20,1.0
44,after,36,0,20,20,1.0
44,after,37,0,14,20,0.7
44,after,38,2,20,20,1.0
44,after,39,2,20,20,1.0
44,after,40,0,16,20,0.8
44,after,41,2,20,20,1.0
44,after,42,2,20,20,1.0
44,after,43,1,13,20,0.65
44,after,44,1,10,20,0.5
44,after,45,1,20,20,1.0
44,after,46,2,20,20,1.0
44,after,47,0,16,20,0.8
44,after,48,2,20,20,1.0
44,after,49,2,20,20,1.0
44,after,50,2,16,20,0.8
44,after,51,1,14,20,0.7
44,after,52,0,20,20,1.0
44,after,53,2,20,20,1.0
44,after,54,2,20,20,1.0
44,after,55,2,14,20,0.7
44,after,56,1,19,20,0.95
44,after,57,2,20,20,1.0
44,after,58,1,12,20,0.6
44,after,59,1,19,20,0.95
44,after,60,1,20,20,1.0
44,after,61,0,13,20,0.65
44,after,62,1,20,20,1.0
44,after,63,1,20,20,1.0
44,after,64,2,18,20,0.9
44,after,65,1,19,20,0.95
44,after,66,2,20,20,1.0
44,after,67,2,20,20,1.0
44,after,68,2,20,20,1.0
44,after,69,2,20,20,1.0
44,after,70,0,20,20,1.0
44,after,71,2,20,20,1.0
44,after,72,1,20,20,1.0
44,after,73,2,20,20,1.0
44,after,74,2,20,20,1.0
44,after,75,2,20,20,1.0
44,after,76,2,19,20,0.95
44,after,77,2,20,20,1.0
44,after,78,1,19,20,0.95
44,after,79,2,20,20,1.0
44,after,80,2,20,20,1.0
44,after,81,1,19,20,0.95
44,after,82,2,20,20,1.0
44,after,83,0,16,20,0.8
44,after,84,1,19,20,0.95
44,after,85,2,20,20,1.0
44,after,86,1,19,20,0.95
44,after,87,1,20,20,1.0
44,after,88,2,20,20,1.0
44,after,89,1,20,20,1.0
44,after,90,2,20,20,1.0
44,after,91,2,20,20,1.0
44,after,92,1,20,20,1.0
44,after,93,1,17,20,0.85
44,after,94,1,20,20,1.0
44,after,95,2,20,20,1.0
44,after,96,0,20,20,1.0
44,after,97,0,11,20,0.55
44,after,98,1,16,20,0.8
44,after,99,2,20,20,1.0
44,after,100,2,20,20,1.0
44,after,101,2,18,20,0.9
44,after,102,2,20,20,1.0
44,after,103,2,15,20,0.75
44,after,104,2,19,20,0.95
44,after,105,2,15,20,0.75
44,after,106,2,20,20,1.0
44,after,107,2,20,20,1.0
44,after,108,2,20,20,1.0
44,after,109,2,20,20,1.0
44,after,110,1,15,20,0.75
44,after,111,1,20,20,1.0
44,after,112,2,14,20,0.7
44,after,113,2,20,20,1.0
44,after,114,2,20,20,1.0
44,after,115,1,20,20,1.0
44,after,116,2,20,20,1.0
44,after,117,2,20,20,1.0
44,after,118,2,19,20,0.95
44,after,119,2,20,20,1.0
44,after,120,2,20,20,1.0
44,after,121,2,19,20,0.95
44,after,122,2,20,20,1.0
44,after,123,1,20,20,1.0
44,after,124,2,20,20,1.0
44,after,125,1,20,20,1.0
44,after,126,2,20,20,1.0
44,after,127,0,20,20,1.0
44,after,128,2,20,20,1.0
44,after,129,1,10,20,0.5
44,after,130,2,20,20,1.0
44,before,0,2,20,20,1.0
44,before,1,1,20,20,1.0
44,before,2,0,20,20,1.0
44,before,3,0,19,20,0.95
44,before,4,2,20,20,1.0
44,before,5,1,20,20,1.0
44,before,6,2,20,20,1.0
44,before,7,1,20,20,1.0
44,before,8,2,20,20,1.0
44,before,9,0,19,20,0.95
44,before,10,2,20,20,1.0
44,before,11,1,20,20,1.0
44,before,12,2,20,20,1.0
44,before,13,0,12,20,0.6
44,before,14,2,20,20,1.0
44,before,15,1,19,20,0.95
44,before,16,2,19,20,0.95
44,before,17,1,19,20,0.95
44,before,18,2,18,20,0.9
44,before,19,1,20,20,1.0
44,before,20,1,20,20,1.0
44,before,21,1,15,20,0.75
44,before,22,2,20,20,1.0
44,before,23,2,20,20,1.0
44,before,24,1,17,20,0.85
44,before,25,0,20,20,1.0
44,before,26,2,20,20,1.0
44,before,27,2,20,20,1.0
44,before,28,1,14,20,0.7
44,before,29,0,12,20,0.6
44,before,30,2,20,20,1.0
44,before,31,2,20,20,1.0
44,before,32,2,20,20,1.0
44,before,33,1,18,20,0.9
44,before,34,2,20,20,1.0
44,before,35,0,20,20,1.0
44,before,36,0,20,20,1.0
44,before,37,0,14,20,0.7
44,before,38,2,20,20,1.0
44,before,39,2,19,20,0.95
44,before,40,0,15,20,0.75
44,before,41,2,18,20,0.9
44,before,42,2,20,20,1.0
44,before,43,1,13,20,0.65
44,before,44,2,10,20,0.5
44,before,45,1,20,20,1.0
44,before,46,2,20,20,1.0
44,before,47,0,16,20,0.8
44,before,48,2,20,20,1.0
44,before,49,2,20,20,1.0
44,before,50,2,14,20,0.7
44,before,51,1,13,20,0.65
44,before,52,0,20,20,1.0
44,before,53,2,20,20,1.0
44,before,54,2,20,20,1.0
44,before,55,2,12,20,0.6
44,before,56,1,13,20,0.65
44,before,57,2,20,20,1.0
44,before,58,2,14,20,0.7
44,before,59,1,17,20,0.85
44,before,60,1,20,20,1.0
44,before,61,1,10,20,0.5
44,before,62,1,20,20,1.0
44,before,63,1,20,20,1.0
44,before,64,2,20,20,1.0
44,before,65,1,20,20,1.0
44,before,66,2,20,20,1.0
44,before,67,2,20,20,1.0
44,before,68,2,20,20,1.0
44,before,69,2,20,20,1.0
44,before,70,0,19,20,0.95
44,before,71,2,18,20,0.9
44,before,72,1,20,20,1.0
44,before,73,2,20,20,1.0
44,before,74,2,20,20,1.0
44,before,75,2,20,20,1.0
44,before,76,2,20,20,1.0
44,before,77,2,20,20,1.0
44,before,78,1,16,20,0.8
44,before,79,2,20,20,1.0
44,before,80,2,20,20,1.0
44,before,81,1,17,20,0.85
44,before,82,2,20,20,1.0
44,before,83,0,20,20,1.0
44,before,84,1,18,20,0.9
44,before,85,2,20,20,1.0
44,before,86,1,18,20,0.9
44,before,87,1,20,20,1.0
44,before,88,2,20,20,1.0
44,before,89,1,20,20,1.0
44,before,90,2,20,20,1.0
44,before,91,2,20,20,1.0
44,before,92,1,20,20,1.0
44,before,93,1,16,20,0.8
44,before,94,1,20,20,1.0
44,before,95,2,18,20,0.9
44,before,96,0,20,20,1.0
44,before,97,2,11,20,0.55
44,before,98,1,16,20,0.8
44,before,99,2,20,20,1.0
44,before,100,2,20,20,1.0
44,before,101,2,20,20,1.0
44,before,102,2,20,20,1.0
44,before,103,2,19,20,0.95
44,before,104,2,18,20,0.9
44,before,105,2,17,20,0.85
44,before,106,2,20,20,1.0
44,before,107,2,20,20,1.0
44,before,108,2,20,20,1.0
44,before,109,2,20,20,1.0
44,before,110,1,11,20,0.55
44,before,111,1,20,20,1.0
44,before,112,2,16,20,0.8
44,before,113,2,20,20,1.0
44,before,114,2,20,20,1.0
44,before,115,1,20,20,1.0
44,before,116,2,20,20,1.0
44,before,117,2,20,20,1.0
44,before,118,2,18,20,0.9
44,before,119,2,20,20,1.0
44,before,120,2,20,20,1.0
44,before,121,2,20,20,1.0
44,before,122,2,20,20,1.0
44,before,123,1,20,20,1.0
44,before,124,2,20,20,1.0
44,before,125,1,20,20,1.0
44,before,126,2,20,20,1.0
44,before,127,0,18,20,0.9
44,before,128,2,20,20,1.0
44,before,129,2,14,20,0.7
44,before,130,2,20,20,1.0
45,after,0,2,20,20,1.0
45,after,1,1,20,20,1.0
45,after,2,0,20,20,1.0
45,after,3,0,19,20,0.95
45,after,4,2,18,20,0.9
45,after,5,1,20,20,1.0
45,after,6,2,20,20,1.0
45,after,7,1,20,20,1.0
45,after,8,2,20,20,1.0
45,after,9,0,18,20,0.9
45,after,10,2,20,20,1.0
45,after,11,1,20,20,1.0
45,after,12,2,20,20,1.0
45,after,13,0,11,20,0.55
45,after,14,2,20,20,1.0
45,after,15,1,20,20,1.0
45,after,16,2,20,20,1.0
45,after,17,1,19,20,0.95
45,after,18,2,19,20,0.95
45,after,19,1,20,20,1.0
45,after,20,1,20,20,1.0
45,after,21,1,11,20,0.55
45,after,22,2,20,20,1.0
45,after,23,2,20,20,1.0
45,after,24,1,20,20,1.0
45,after,25,0,19,20,0.95
45,after,26,2,20,20,1.0
45,after,27,2,20,20,1.0
45,after,28,1,17,20,0.85
45,after,29,1,15,20,0.75
45,after,30,2,20,20,1.0
45,after,31,2,20,20,1.0
45,after,32,2,20,20,1.0
45,after,33,1,19,20,0.95
45,after,34,2,20,20,1.0
45,after,35,0,20,20,1.0
45,after,36,0,20,20,1.0
45,after,37,0,14,20,0.7
45,after,38,2,20,20,1.0
45,after,39,2,19,20,0.95
45,after,40,0,16,20,0.8
45,after,41,2,18,20,0.9
45,after,42,2,20,20,1.0
45,after,43,1,11,20,0.55
45,after,44,2,12,20,0.6
45,after,45,1,20,20,1.0
45,after,46,2,20,20,1.0
45,after,47,0,15,20,0.75
45,after,48,2,20,20,1.0
45,after,49,2,20,20,1.0
45,after,50,2,14,20,0.7
45,after,51,1,13,20,0.65
45,after,52,0,19,20,0.95
45,after,53,2,20,20,1.0
45,after,54,2,19,20,0.95
45,after,55,2,11,20,0.55
45,after,56,1,20,20,1.0
45,after,57,2,20,20,1.0
45,after,58,1,18,20,0.9
45,after,59,1,18,20,0.9
45,after,60,1,20,20,1.0
45,after,61,0,14,20,0.7
45,after,62,1,20,20,1.0
45,after,63,1,20,20,1.0
45,after,64,2,20,20,1.0
45,after,65,1,20,20,1.0
45,after,66,2,20,20,1.0
45,after,67,2,18,20,0.9
45,after,68,2,20,20,1.0
45,after,69,2,20,20,1.0
45,after,70,0,19,20,0.95
45,after,71,2,20,20,1.0
45,after,72,1,20,20,1.0
45,after,73,2,20,20,1.0
45,after,74,2,20,20,1.0
45,after,75,2,20,20,1.0
45,after,76,2,19,20,0.95
45,after,77,2,20,20,1.0
45,after,78,1,20,20,1.0
45,after,79,2,20,20,1.0
45,after,80,2,20,20,1.0
45,after,81,1,20,20,1.0
45,after,82,2,20,20,1.0
45,after,83,0,15,20,0.75
45,after,84,1,19,20,0.95
45,after,85,2,20,20,1.0
45,after,86,1,20,20,1.0
45,after,87,1,20,20,1.0
45,after,88,2,20,20,1.0
45,after,89,1,20,20,1.0
45,after,90,2,20,20,1.0
45,after,91,2,20,20,1.0
45,after,92,1,20,20,1.0
45,after,93,1,19,20,0.95
45,after,94,1,20,20,1.0
45,after,95,2,20,20,1.0
45,after,96,0,20,20,1.0
45,after,97,0,11,20,0.55
45,after,98,1,18,20,0.9
45,after,99,2,20,20,1.0
45,after,100,2,20,20,1.0
45,after,101,2,20,20,1.0
45,after,102,2,20,20,1.0
45,after,103,2,18,20,0.9
45,after,104,2,17,20,0.85
45,after,105,2,12,20,0.6
45,after,106,2,20,20,1.0
45,after,107,2,20,20,1.0
45,after,108,2,20,20,1.0
45,after,109,2,20,20,1.0
45,after,110,1,14,20,0.7
45,after,111,1,19,20,0.95
45,after,112,2,13,20,0.65
45,after,113,2,20,20,1.0
45,after,114,2,20,20,1.0
45,after,115,1,20,20,1.0
45,after,116,2,20,20,1.0
45,after,117,2,20,20,1.0
45,after,118,2,18,20,0.9
45,after,119,2,20,20,1.0
45,after,120,2,20,20,1.0
45,after,121,2,20,20,1.0
45,after,122,2,20,20,1.0
45,after,123,1,19,20,0.95
45,after,124,2,20,20,1.0
45,after,125,1,20,20,1.0
45,after,126,2,20,20,1.0
45,after,127,0,20,20,1.0
45,after,128,2,20,20,1.0
45,after,129,1,14,20,0.7
45,after,130,2,20,20,1.0
45,before,0,2,20,20,1.0
45,before,1,1,20,20,1.0
45,before,2,0,20,20,1.0
45,before,3,0,18,20,0.9
45,before,4,2,20,20,1.0
45,before,5,1,20,20,1.0
45,before,6,2,20,20,1.0
45,before,7,1,20,20,1.0
45,before,8,2,20,20,1.0
45,before,9,0,20,20,1.0
45,before,10,2,20,20,1.0
45,before,11,1,20,20,1.0
45,before,12,2,20,20,1.0
45,before,13,0,14,20,0.7
45,before,14,2,20,20,1.0
45,before,15,1,19,20,0.95
45,before,16,2,20,20,1.0
45,before,17,1,20,20,1.0
45,before,18,2,20,20,1.0
45,before,19,1,20,20,1.0
45,before,20,1,20,20,1.0
45,before,21,1,11,20,0.55
45,before,22,2,20,20,1.0
45,before,23,2,20,20,1.0
45,before,24,1,19,20,0.95
45,before,25,0,20,20,1.0
45,before,26,2,20,20,1.0
45,before,27,2,20,20,1.0
45,before,28,1,15,20,0.75
45,before,29,1,18,20,0.9
45,before,30,2,20,20,1.0
45,before,31,2,20,20,1.0
45,before,32,2,20,20,1.0
45,before,33,1,18,20,0.9
45,before,34,2,20,20,1.0
45,before,35,0,20,20,1.0
45,before,36,0,18,20,0.9
45,before,37,0,14,20,0.7
45,before,38,2,20,20,1.0
45,before,39,2,20,20,1.0
45,before,40,0,20,20,1.0
45,before,41,2,20,20,1.0
45,before,42,2,20,20,1.0
45,before,43,2,14,20,0.7
45,before,44,2,12,20,0.6
45,before,45,1,20,20,1.0
45,before,46,2,20,20,1.0
45,before,47,0,13,20,0.65
45,before,48,2,20,20,1.0
45,before,49,2,20,20,1.0
45,before,50,2,12,20,0.6
45,before,51,1,14,20,0.7
45,before,52,0,20,20,1.0
45,before,53,2,20,20,1.0
45,before,54,2,20,20,1.0
45,before,55,2,12,20,0.6
45,before,56,1,15,20,0.75
45,before,57,2,20,20,1.0
45,before,58,1,13,20,0.65
45,before,59,1,18,20,0.9
45,before,60,1,20,20,1.0
45,before,61,0,14,20,0.7
45,before,62,1,20,20,1.0
45,before,63,1,20,20,1.0
45,before,64,2,18,20,0.9
45,before,65,1,20,20,1.0
45,before,66,2,20,20,1.0
45,before,67,2,20,20,1.0
45,before,68,2,20,20,1.0
45,before,69,2,20,20,1.0
45,before,70,0,19,20,0.95
45,before,71,2,20,20,1.0
45,before,72,1,20,20,1.0
45,before,73,2,20,20,1.0
45,before,74,2,20,20,1.0
45,before,75,2,20,20,1.0
45,before,76,2,19,20,0.95
45,before,77,2,20,20,1.0
45,before,78,1,18,20,0.9
45,before,79,2,20,20,1.0
45,before,80,2,20,20,1.0
45,before,81,1,18,20,0.9
45,before,82,2,20,20,1.0
45,before,83,0,20,20,1.0
45,before,84,1,19,20,0.95
45,before,85,2,20,20,1.0
45,before,86,1,20,20,1.0
45,before,87,1,20,20,1.0
45,before,88,2,20,20,1.0
45,before,89,1,20,20,1.0
45,before,90,2,20,20,1.0
45,before,91,2,20,20,1.0
45,before,92,1,20,20,1.0
45,before,93,1,17,20,0.85
45,before,94,1,20,20,1.0
45,before,95,2,19,20,0.95
45,before,96,0,20,20,1.0
45,before,97,0,11,20,0.55
45,before,98,1,17,20,0.85
45,before,99,2,20,20,1.0
45,before,100,2,20,20,1.0
45,before,101,2,20,20,1.0
45,before,102,2,20,20,1.0
45,before,103,2,14,20,0.7
45,before,104,2,20,20,1.0
45,before,105,2,19,20,0.95
45,before,106,2,20,20,1.0
45,before,107,2,20,20,1.0
45,before,108,2,20,20,1.0
45,before,109,2,20,20,1.0
45,before,110,1,13,20,0.65
45,before,111,1,20,20,1.0
45,before,112,2,18,20,0.9
45,before,113,2,20,20,1.0
45,before,114,2,20,20,1.0
45,before,115,1,20,20,1.0
45,before,116,2,20,20,1.0
45,before,117,2,20,20,1.0
45,before,118,2,20,20,1.0
45,before,119,2,20,20,1.0
45,before,120,2,20,20,1.0
45,before,121,2,20,20,1.0
45,before,122,2,20,20,1.0
45,before,123,1,20,20,1.0
45,before,124,2,20,20,1.0
45,before,125,1,20,20,1.0
45,before,126,2,20,20,1.0
45,before,127,0,20,20,1.0
45,before,128,2,20,20,1.0
45,before,129,1,13,20,0.65
45,before,130,2,20,20,1.0
46,after,0,2,20,20,1.0
46,after,1,1,20,20,1.0
46,after,2,0,20,20,1.0
46,after,3,0,19,20,0.95
46,after,4,2,18,20,0.9
46,after,5,1,20,20,1.0
46,after,6,2,20,20,1.0
46,after,7,1,20,20,1.0
46,after,8,2,20,20,1.0
46,after,9,0,19,20,0.95
46,after,10,2,20,20,1.0
46,after,11,1,20,20,1.0
46,after,12,2,20,20,1.0
46,after,13,0,13,20,0.65
46,after,14,2,20,20,1.0
46,after,15,1,20,20,1.0
46,after,16,2,19,20,0.95
46,after,17,1,20,20,1.0
46,after,18,2,20,20,1.0
46,after,19,1,20,20,1.0
46,after,20,1,20,20,1.0
46,after,21,1,15,20,0.75
46,after,22,2,20,20,1.0
46,after,23,2,20,20,1.0
46,after,24,1,20,20,1.0
46,after,25,0,20,20,1.0
46,after,26,2,20,20,1.0
46,after,27,2,20,20,1.0
46,after,28,1,17,20,0.85
46,after,29,1,19,20,0.95
46,after,30,2,19,20,0.95
46,after,31,2,20,20,1.0
46,after,32,2,20,20,1.0
46,after,33,1,16,20,0.8
46,after,34,2,20,20,1.0
46,after,35,0,20,20,1.0
46,after,36,0,20,20,1.0
46,after,37,0,14,20,0.7
46,after,38,2,20,20,1.0
46,after,39,2,20,20,1.0
46,after,40,0,19,20,0.95
46,after,41,2,19,20,0.95
46,after,42,2,20,20,1.0
46,after,43,2,15,20,0.75
46,after,44,2,15,20,0.75
46,after,45,1,19,20,0.95
46,after,46,2,20,20,1.0
46,after,47,0,17,20,0.85
46,after,48,2,20,20,1.0
46,after,49,2,20,20,1.0
46,after,50,2,11,20,0.55
46,after,51,1,13,20,0.65
46,after,52,0,19,20,0.95
46,after,53,2,20,20,1.0
46,after,54,2,18,20,0.9
46,after,55,2,11,20,0.55
46,after,56,1,20,20,1.0
46,after,57,2,20,20,1.0
46,after,58,1,16,20,0.8
46,after,59,1,19,20,0.95
46,after,60,1,20,20,1.0
46,after,61,0,16,20,0.8
46,after,62,1,20,20,1.0
46,after,63,1,20,20,1.0
46,after,64,2,18,20,0.9
46,after,65,1,20,20,1.0
46,after,66,2,20,20,1.0
46,after,67,2,19,20,0.95
46,after,68,2,19,20,0.95
46,after,69,2,20,20,1.0
46,after,70,0,19,20,0.95
46,after,71,2,19,20,0.95
46,after,72,1,20,20,1.0
46,after,73,2,20,20,1.0
46,after,74,2,20,20,1.0
46,after,75,2,20,20,1.0
46,after,76,2,19,20,0.95
46,after,77,2,20,20,1.0
46,after,78,1,19,20,0.95
46,after,79,2,20,20,1.0
46,after,80,2,20,20,1.0
46,after,81,1,20,20,1.0
46,after,82,2,20,20,1.0
46,after,83,0,13,20,0.65
46,after,84,1,20,20,1.0
46,after,85,2,20,20,1.0
46,after,86,1,20,20,1.0
46,after,87,1,20,20,1.0
46,after,88,2,20,20,1.0
46,after,89,1,20,20,1.0
46,after,90,2,20,20,1.0
46,after,91,2,20,20,1.0
46,after,92,1,19,20,0.95
46,after,93,1,19,20,0.95
46,after,94,1,20,20,1.0
46,after,95,2,19,20,0.95
46,after,96,0,20,20,1.0
46,after,97,0,13,20,0.65
46,after,98,1,18,20,0.9
46,after,99,2,20,20,1.0
46,after,100,2,20,20,1.0
46,after,101,2,17,20,0.85
46,after,102,2,20,20,1.0
46,after,103,2,13,20,0.65
46,after,104,2,20,20,1.0
46,after,105,1,10,20,0.5
46,after,106,2,20,20,1.0
46,after,107,2,20,20,1.0
46,after,108,2,20,20,1.0
46,after,109,2,20,20,1.0
46,after,110,1,16,20,0.8
46,after,111,1,20,20,1.0
46,after,112,2,11,20,0.55
46,after,113,2,20,20,1.0
46,after,114,2,20,20,1.0
46,after,115,1,20,20,1.0
46,after,116,2,20,20,1.0
46,after,117,2,20,20,1.0
46,after,118,2,20,20,1.0
46,after,119,2,20,20,1.0
46,after,120,2,20,20,1.0
46,after,121,2,20,20,1.0
46,after,122,2,20,20,1.0
46,after,123,1,19,20,0.95
46,after,124,2,20,20,1.0
46,after,125,1,20,20,1.0
46,after,126,2,20,20,1.0
46,after,127,0,19,20,0.95
46,after,128,2,20,20,1.0
46,after,129,1,17,20,0.85
46,after,130,2,20,20,1.0
46,before,0,2,20,20,1.0
46,before,1,1,20,20,1.0
46,before,2,0,20,20,1.0
46,before,3,0,20,20,1.0
46,before,4,2,20,20,1.0
46,before,5,1,20,20,1.0
46,before,6,2,20,20,1.0
46,before,7,1,20,20,1.0
46,before,8,2,20,20,1.0
46,before,9,0,18,20,0.9
46,before,10,2,20,20,1.0
46,before,11,1,20,20,1.0
46,before,12,2,20,20,1.0
46,before,13,0,14,20,0.7
46,before,14,2,20,20,1.0
46,before,15,1,20,20,1.0
46,before,16,2,20,20,1.0
46,before,17,1,20,20,1.0
46,before,18,2,19,20,0.95
46,before,19,1,20,20,1.0
46,before,20,1,20,20,1.0
46,before,21,1,17,20,0.85
46,before,22,2,20,20,1.0
46,before,23,2,20,20,1.0
46,before,24,1,20,20,1.0
46,before,25,0,20,20,1.0
46,before,26,2,20,20,1.0
46,before,27,2,20,20,1.0
46,before,28,1,18,20,0.9
46,before,29,1,20,20,1.0
46,before,30,2,20,20,1.0
46,before,31,2,20,20,1.0
46,before,32,2,20,20,1.0
46,before,33,1,20,20,1.0
46,before,34,2,20,20,1.0
46,before,35,0,20,20,1.0
46,before,36,0,20,20,1.0
46,before,37,0,16,20,0.8
46,before,38,2,20,20,1.0
46,before,39,2,20,20,1.0
46,before,40,0,19,20,0.95
46,before,41,2,20,20,1.0
46,before,42,2,20,20,1.0
46,before,43,2,11,20,0.55
46,before,44,2,11,20,0.55
46,before,45,1,20,20,1.0
46,before,46,2,20,20,1.0
46,before,47,0,17,20,0.85
46,before,48,2,20,20,1.0
46,before,49,2,20,20,1.0
46,before,50,0,11,20,0.55
46,before,51,1,19,20,0.95
46,before,52,0,20,20,1.0
46,before,53,2,20,20,1.0
46,before,54,2,20,20,1.0
46,before,55,0,14,20,0.7
46,before,56,1,20,20,1.0
46,before,57,2,20,20,1.0
46,before,58,1,18,20,0.9
46,before,59,1,20,20,1.0
46,before,60,1,20,20,1.0
46,before,61,0,13,20,0.65
46,before,62,1,20,20,1.0
46,before,63,1,20,20,1.0
46,before,64,2,19,20,0.95
46,before,65,1,20,20,1.0
46,before,66,2,20,20,1.0
46,before,67,2,20,20,1.0
46,before,68,2,20,20,1.0
46,before,69,2,20,20,1.0
46,before,70,0,20,20,1.0
46,before,71,2,20,20,1.0
46,before,72,1,20,20,1.0
46,before,73,2,20,20,1.0
46,before,74,2,20,20,1.0
46,before,75,2,20,20,1.0
46,before,76,2,20,20,1.0
46,before,77,2,20,20,1.0
46,before,78,1,20,20,1.0
46,before,79,2,20,20,1.0
46,before,80,2,20,20,1.0
46,before,81,1,20,20,1.0
46,before,82,2,20,20,1.0
46,before,83,1,11,20,0.55
46,before,84,1,20,20,1.0
46,before,85,2,20,20,1.0
46,before,86,1,20,20,1.0
46,before,87,1,20,20,1.0
46,before,88,2,20,20,1.0
46,before,89,1,20,20,1.0
46,before,90,2,20,20,1.0
46,before,91,2,20,20,1.0
46,before,92,1,19,20,0.95
46,before,93,1,18,20,0.9
46,before,94,1,20,20,1.0
46,before,95,2,20,20,1.0
46,before,96,0,20,20,1.0
46,before,97,2,12,20,0.6
46,before,98,1,20,20,1.0
46,before,99,2,20,20,1.0
46,before,100,2,20,20,1.0
46,before,101,2,20,20,1.0
46,before,102,2,20,20,1.0
46,before,103,2,14,20,0.7
46,before,104,2,19,20,0.95
46,before,105,2,15,20,0.75
46,before,106,2,20,20,1.0
46,before,107,2,20,20,1.0
46,before,108,2,20,20,1.0
46,before,109,2,20,20,1.0
46,before,110,1,20,20,1.0
46,before,111,1,20,20,1.0
46,before,112,1,14,20,0.7
46,before,113,2,20,20,1.0
46,before,114,2,20,20,1.0
46,before,115,1,20,20,1.0
46,before,116,2,20,20,1.0
46,before,117,2,20,20,1.0
46,before,118,2,16,20,0.8
46,before,119,2,20,20,1.0
46,before,120,2,20,20,1.0
46,before,121,2,20,20,1.0
46,before,122,2,20,20,1.0
46,before,123,1,20,20,1.0
46,before,124,2,20,20,1.0
46,before,125,1,20,20,1.0
46,before,126,2,20,20,1.0
46,before,127,0,20,20,1.0
46,before,128,2,20,20,1.0
46,before,129,1,16,20,0.8
46,before,130,2,20,20,1.0
47,after,0,2,20,20,1.0
47,after,1,1,19,20,0.95
47,after,2,0,20,20,1.0
47,after,3,0,20,20,1.0
47,after,4,2,20,20,1.0
47,after,5,1,20,20,1.0
47,after,6,2,20,20,1.0
47,after,7,1,17,20,0.85
47,after,8,2,20,20,1.0
47,after,9,0,20,20,1.0
47,after,10,2,19,20,0.95
47,after,11,1,19,20,0.95
47,after,12,2,20,20,1.0
47,after,13,0,10,20,0.5
47,after,14,2,20,20,1.0
47,after,15,1,20,20,1.0
47,after,16,2,20,20,1.0
47,after,17,1,19,20,0.95
47,after,18,2,20,20,1.0
47,after,19,1,20,20,1.0
47,after,20,1,20,20,1.0
47,after,21,2,11,20,0.55
47,after,22,2,20,20,1.0
47,after,23,2,20,20,1.0
47,after,24,1,20,20,1.0
47,after,25,0,20,20,1.0
47,after,26,2,20,20,1.0
47,after,27,2,20,20,1.0
47,after,28,1,17,20,0.85
47,after,29,1,13,20,0.65
47,after,30,2,20,20,1.0
47,after,31,2,20,20,1.0
47,after,32,2,20,20,1.0
47,after,33,1,18,20,0.9
47,after,34,2,20,20,1.0
47,after,35,0,20,20,1.0
47,after,36,0,19,20,0.95
47,after,37,0,20,20,1.0
47,after,38,2,20,20,1.0
47,after,39,2,20,20,1.0
47,after,40,0,15,20,0.75
47,after,41,2,20,20,1.0
47,after,42,2,20,20,1.0
47,after,43,2,15,20,0.75
47,after,44,2,15,20,0.75
47,after,45,1,19,20,0.95
47,after,46,2,20,20,1.0
47,after,47,0,17,20,0.85
47,after,48,2,20,20,1.0
47,after,49,2,19,20,0.95
47,after,50,2,13,20,0.65
47,after,51,1,11,20,0.55
47,after,52,0,17,20,0.85
47,after,53,2,20,20,1.0
47,after,54,2,19,20,0.95
47,after,55,2,15,20,0.75
47,after,56,1,20,20,1.0
47,after,57,2,20,20,1.0
47,after,58,1,18,20,0.9
47,after,59,1,17,20,0.85
47,after,60,1,20,20,1.0
47,after,61,0,17,20,0.85
47,after,62,1,20,20,1.0
47,after,63,1,19,20,0.95
47,after,64,2,13,20,0.65
47,after,65,1,20,20,1.0
47,after,66,2,20,20,1.0
47,after,67,2,20,20,1.0
47,after,68,2,19,20,0.95
47,after,69,2,20,20,1.0
47,after,70,0,19,20,0.95
47,after,71,2,19,20,0.95
47,after,72,1,20,20,1.0
47,after,73,2,20,20,1.0
47,after,74,2,20,20,1.0
47,after,75,2,20,20,1.0
47,after,76,2,16,20,0.8
47,after,77,2,20,20,1.0
47,after,78,1,18,20,0.9
47,after,79,2,20,20,1.0
47,after,80,2,20,20,1.0
47,after,81,1,20,20,1.0
47,after,82,2,20,20,1.0
47,after,83,0,11,20,0.55
47,after,84,1,19,20,0.95
47,after,85,2,20,20,1.0
47,after,86,1,20,20,1.0
47,after,87,1,19,20,0.95
47,after,88,2,20,20,1.0
47,after,89,1,20,20,1.0
47,after,90,2,19,20,0.95
47,after,91,2,20,20,1.0
47,after,92,1,20,20,1.0
47,after,93,1,17,20,0.85
47,after,94,1,20,20,1.0
47,after,95,2,13,20,0.65
47,after,96,0,20,20,1.0
47,after,97,0,14,20,0.7
47,after,98,1,17,20,0.85
47,after,99,2,20,20,1.0
47,after,100,2,20,20,1.0
47,after,101,2,16,20,0.8
47,after,102,2,20,20,1.0
47,after,103,2,18,20,0.9
47,after,104,2,18,20,0.9
47,after,105,2,11,20,0.55
47,after,106,2,19,20,0.95
47,after,107,2,19,20,0.95
47,after,108,2,20,20,1.0
47,after,109,2,20,20,1.0
47,after,110,1,16,20,0.8
47,after,111,1,14,20,0.7
47,after,112,1,9,20,0.45
47,after,113,2,19,20,0.95
47,after,114,2,20,20,1.0
47,after,115,1,19,20,0.95
47,after,116,2,20,20,1.0
47,after,117,2,20,20,1.0
47,after,118,2,20,20,1.0
47,after,119,2,20,20,1.0
47,after,120,2,19,20,0.95
47,after,121,2,20,20,1.0
47,after,122,2,20,20,1.0
47,after,123,1,14,20,0.7
47,after,124,2,20,20,1.0
47,after,125,1,20,20,1.0
47,after,126,2,20,20,1.0
47,after,127,0,20,20,1.0
47,after,128,2,20,20,1.0
47,after,129,1,17,20,0.85
47,after,130,2,20,20,1.0
47,before,0,2,20,20,1.0
47,before,1,1,16,20,0.8
47,before,2,0,20,20,1.0
47,before,3,0,19,20,0.95
47,before,4,2,20,20,1.0
47,before,5,1,19,20,0.95
47,before,6,2,20,20,1.0
47,before,7,1,18,20,0.9
47,before,8,2,20,20,1.0
47,before,9,0,19,20,0.95
47,before,10,2,20,20,1.0
47,before,11,1,19,20,0.95
47,before,12,2,20,20,1.0
47,before,13,2,15,20,0.75
47,before,14,2,20,20,1.0
47,before,15,1,19,20,0.95
47,before,16,2,20,20,1.0
47,before,17,1,20,20,1.0
47,before,18,2,20,20,1.0
47,before,19,1,20,20,1.0
47,before,20,1,19,20,0.95
47,before,21,2,18,20,0.9
47,before,22,2,20,20,1.0
47,before,23,2,20,20,1.0
47,before,24,1,20,20,1.0
47,before,25,0,20,20,1.0
47,before,26,2,20,20,1.0
47,before,27,2,20,20,1.0
47,before,28,1,14,20,0.7
47,before,29,1,12,20,0.6
47,before,30,2,20,20,1.0
47,before,31,2,20,20,1.0
47,before,32,2,20,20,1.0
47,before,33,1,19,20,0.95
47,before,34,2,20,20,1.0
47,before,35,0,20,20,1.0
47,before,36,0,17,20,0.85
47,before,37,0,18,20,0.9
47,before,38,2,20,20,1.0
47,before,39,2,20,20,1.0
47,before,40,0,16,20,0.8
47,before,41,2,20,20,1.0
47,before,42,2,20,20,1.0
47,before,43,2,16,20,0.8
47,before,44,2,20,20,1.0
47,before,45,1,20,20,1.0
47,before,46,2,20,20,1.0
47,before,47,0,13,20,0.65
47,before,48,2,20,20,1.0
47,before,49,2,20,20,1.0
47,before,50,2,16,20,0.8
47,before,51,2,13,20,0.65
47,before,52,0,17,20,0.85
47,before,53,2,20,20,1.0
47,before,54,2,18,20,0.9
47,before,55,2,16,20,0.8
47,before,56,1,19,20,0.95
47,before,57,2,20,20,1.0
47,before,58,1,17,20,0.85
47,before,59,1,14,20,0.7
47,before,60,1,20,20,1.0
47,before,61,0,16,20,0.8
47,before,62,1,19,20,0.95
47,before,63,1,18,20,0.9
47,before,64,2,20,20,1.0
47,before,65,1,20,20,1.0
47,before,66,2,20,20,1.0
47,before,67,2,17,20,0.85
47,before,68,2,20,20,1.0
47,before,69,2,20,20,1.0
47,before,70,0,17,20,0.85
47,before,71,2,20,20,1.0
47,before,72,1,19,20,0.95
47,before,73,2,20,20,1.0
47,before,74,2,20,20,1.0
47,before,75,2,20,20,1.0
47,before,76,2,20,20,1.0
47,before,77,2,20,20,1.0
47,before,78,1,15,20,0.75
47,before,79,2,20,20,1.0
47,before,80,2,20,20,1.0
47,before,81,1,17,20,0.85
47,before,82,2,20,20,1.0
47,before,83,0,11,20,0.55
47,before,84,1,19,20,0.95
47,before,85,2,20,20,1.0
47,before,86,1,19,20,0.95
47,before,87,1,20,20,1.0
47,before,88,2,20,20,1.0
47,before,89,1,19,20,0.95
47,before,90,2,20,20,1.0
47,before,91,2,20,20,1.0
47,before,92,1,19,20,0.95
47,before,93,1,19,20,0.95
47,before,94,1,20,20,1.0
47,before,95,2,20,20,1.0
47,before,96,0,20,20,1.0
47,before,97,0,10,20,0.5
47,before,98,1,18,20,0.9
47,before,99,2,20,20,1.0
47,before,100,2,20,20,1.0
47,before,101,2,18,20,0.9
47,before,102,2,20,20,1.0
47,before,103,2,20,20,1.0
47,before,104,2,18,20,0.9
47,before,105,1,10,20,0.5
47,before,106,2,20,20,1.0
47,before,107,2,20,20,1.0
47,before,108,2,20,20,1.0
47,before,109,2,20,20,1.0
47,before,110,1,16,20,0.8
47,before,111,1,17,20,0.85
47,before,112,2,17,20,0.85
47,before,113,2,20,20,1.0
47,before,114,2,20,20,1.0
47,before,115,1,18,20,0.9
47,before,116,2,20,20,1.0
47,before,117,2,20,20,1.0
47,before,118,2,20,20,1.0
47,before,119,2,20,20,1.0
47,before,120,2,20,20,1.0
47,before,121,2,20,20,1.0
47,before,122,2,20,20,1.0
47,before,123,1,18,20,0.9
47,before,124,2,20,20,1.0
47,before,125,1,20,20,1.0
47,before,126,2,20,20,1.0
47,before,127,0,15,20,0.75
47,before,128,2,20,20,1.0
47,before,129,1,18,20,0.9
47,before,130,2,20,20,1.0
48,after,0,2,20,20,1.0
48,after,1,1,17,20,0.85
48,after,2,0,18,20,0.9
48,after,3,0,20,20,1.0
48,after,4,2,19,20,0.95
48,after,5,1,20,20,1.0
48,after,6,2,20,20,1.0
48,after,7,1,18,20,0.9
48,after,8,2,20,20,1.0
48,after,9,0,20,20,1.0
48,after,10,2,16,20,0.8
48,after,11,1,20,20,1.0
48,after,12,2,20,20,1.0
48,after,13,0,15,20,0.75
48,after,14,2,20,20,1.0
48,after,15,1,20,20,1.0
48,after,16,2,19,20,0.95
48,after,17,1,18,20,0.9
48,after,18,2,20,20,1.0
48,after,19,1,20,20,1.0
48,after,20,1,20,20,1.0
48,after,21,2,9,20,0.45
48,after,22,2,20,20,1.0
48,after,23,2,20,20,1.0
48,after,24,1,20,20,1.0
48,after,25,0,20,20,1.0
48,after,26,2,20,20,1.0
48,after,27,2,20,20,1.0
48,after,28,1,12,20,0.6
48,after,29,0,13,20,0.65
48,after,30,2,20,20,1.0
48,after,31,2,20,20,1.0
48,after,32,2,20,20,1.0
48,after,33,1,17,20,0.85
48,after,34,2,20,20,1.0
48,after,35,0,20,20,1.0
48,after,36,0,20,20,1.0
48,after,37,0,18,20,0.9
48,after,38,2,20,20,1.0
48,after,39,2,20,20,1.0
48,after,40,0,15,20,0.75
48,after,41,2,20,20,1.0
48,after,42,2,20,20,1.0
48,after,43,2,15,20,0.75
48,after,44,2,16,20,0.8
48,after,45,1,18,20,0.9
48,after,46,2,19,20,0.95
48,after,47,0,18,20,0.9
48,after,48,2,20,20,1.0
48,after,49,2,16,20,0.8
48,after,50,2,17,20,0.85
48,after,51,1,10,20,0.5
48,after,52,0,20,20,1.0
48,after,53,2,20,20,1.0
48,after,54,2,19,20,0.95
48,after,55,2,16,20,0.8
48,after,56,1,20,20,1.0
48,after,57,2,20,20,1.0
48,after,58,1,20,20,1.0
48,after,59,1,18,20,0.9
48,after,60,1,20,20,1.0
48,after,61,0,16,20,0.8
48,after,62,1,20,20,1.0
48,after,63,1,13,20,0.65
48,after,64,2,16,20,0.8
48,after,65,1,20,20,1.0
48,after,66,2,20,20,1.0
48,after,67,2,20,20,1.0
48,after,68,2,19,20,0.95
48,after,69,2,20,20,1.0
48,after,70,0,20,20,1.0
48,after,71,2,20,20,1.0
48,after,72,1,20,20,1.0
48,after,73,2,20,20,1.0
48,after,74,2,20,20,1.0
48,after,75,2,20,20,1.0
48,after,76,2,16,20,0.8
48,after,77,2,20,20,1.0
48,after,78,1,20,20,1.0
48,after,79,2,20,20,1.0
48,after,80,2,20,20,1.0
48,after,81,1,20,20,1.0
48,after,82,2,20,20,1.0
48,after,83,1,14,20,0.7
48,after,84,1,19,20,0.95
48,after,85,2,20,20,1.0
48,after,86,1,20,20,1.0
48,after,87,1,20,20,1.0
48,after,88,2,20,20,1.0
48,after,89,1,20,20,1.0
48,after,90,2,20,20,1.0
48,after,91,2,20,20,1.0
48,after,92,1,19,20,0.95
48,after,93,1,17,20,0.85
48,after,94,1,19,20,0.95
48,after,95,2,12,20,0.6
48,after,96,0,20,20,1.0
48,after,97,2,10,20,0.5
48,after,98,1,14,20,0.7
48,after,99,2,20,20,1.0
48,after,100,2,20,20,1.0
48,after,101,2,19,20,0.95
48,after,102,2,20,20,1.0
48,after,103,2,16,20,0.8
48,after,104,2,19,20,0.95
48,after,105,2,12,20,0.6
48,after,106,2,20,20,1.0
48,after,107,2,20,20,1.0
48,after,108,2,20,20,1.0
48,after,109,2,20,20,1.0
48,after,110,1,18,20,0.9
48,after,111,1,12,20,0.6
48,after,112,2,11,20,0.55
48,after,113,2,19,20,0.95
48,after,114,2,20,20,1.0
48,after,115,1,18,20,0.9
48,after,116,2,20,20,1.0
48,after,117,2,20,20,1.0
48,after,118,2,20,20,1.0
48,after,119,2,20,20,1.0
48,after,120,2,20,20,1.0
48,after,121,2,20,20,1.0
48,after,122,2,20,20,1.0
48,after,123,1,19,20,0.95
48,after,124,2,20,20,1.0
48,after,125,1,20,20,1.0
48,after,126,2,20,20,1.0
48,after,127,0,20,20,1.0
48,after,128,2,20,20,1.0
48,after,129,1,16,20,0.8
48,after,130,2,20,20,1.0
48,before,0,2,19,20,0.95
48,before,1,1,15,20,0.75
48,before,2,0,20,20,1.0
48,before,3,0,20,20,1.0
48,before,4,2,19,20,0.95
48,before,5,1,20,20,1.0
48,before,6,2,20,20,1.0
48,before,7,1,19,20,0.95
48,before,8,2,20,20,1.0
48,before,9,0,20,20,1.0
48,before,10,2,19,20,0.95
48,before,11,1,20,20,1.0
48,before,12,2,20,20,1.0
48,before,13,0,15,20,0.75
48,before,14,2,20,20,1.0
48,before,15,1,19,20,0.95
48,before,16,2,19,20,0.95
48,before,17,1,20,20,1.0
48,before,18,2,20,20,1.0
48,before,19,1,20,20,1.0
48,before,20,1,20,20,1.0
48,before,21,2,9,20,0.45
48,before,22,2,20,20,1.0
48,before,23,2,19,20,0.95
48,before,24,1,20,20,1.0
48,before,25,0,20,20,1.0
48,before,26,2,20,20,1.0
48,before,27,2,20,20,1.0
48,before,28,1,14,20,0.7
48,before,29,0,15,20,0.75
48,before,30,2,19,20,0.95
48,before,31,2,20,20,1.0
48,before,32,2,20,20,1.0
48,before,33,1,18,20,0.9
48,before,34,2,20,20,1.0
48,before,35,0,20,20,1.0
48,before,36,0,20,20,1.0
48,before,37,0,20,20,1.0
48,before,38,2,20,20,1.0
48,before,39,2,20,20,1.0
48,before,40,0,15,20,0.75
48,before,41,2,20,20,1.0
48,before,42,2,20,20,1.0
48,before,43,1,11,20,0.55
48,before,44,2,16,20,0.8
48,before,45,1,18,20,0.9
48,before,46,2,20,20,1.0
48,before,47,0,14,20,0.7
48,before,48,2,20,20,1.0
48,before,49,2,15,20,0.75
48,before,50,2,17,20,0.85
48,before,51,1,12,20,0.6
48,before,52,0,20,20,1.0
48,before,53,2,20,20,1.0
48,before,54,2,20,20,1.0
48,before,55,2,14,20,0.7
48,before,56,1,19,20,0.95
48,before,57,2,20,20,1.0
48,before,58,1,20,20,1.0
48,before,59,1,13,20,0.65
48,before,60,1,20,20,1.0
48,before,61,0,19,20,0.95
48,before,62,1,20,20,1.0
48,before,63,1,17,20,0.85
48,before,64,2,15,20,0.75
48,before,65,1,20,20,1.0
48,before,66,2,18,20,0.9
48,before,67,2,20,20,1.0
48,before,68,2,19,20,0.95
48,before,69,2,20,20,1.0
48,before,70,0,20,20,1.0
48,before,71,2,19,20,0.95
48,before,72,1,20,20,1.0
48,before,73,2,20,20,1.0
48,before,74,2,20,20,1.0
48,before,75,2,20,20,1.0
48,before,76,2,11,20,0.55
48,before,77,2,20,20,1.0
48,before,78,1,14,20,0.7
48,before,79,2,20,20,1.0
48,before,80,2,20,20,1.0
48,before,81,1,18,20,0.9
48,before,82,2,20,20,1.0
48,before,83,1,15,20,0.75
48,before,84,1,20,20,1.0
48,before,85,2,20,20,1.0
48,before,86,1,19,20,0.95
48,before,87,1,20,20,1.0
48,before,88,2,20,20,1.0
48,before,89,1,20,20,1.0
48,before,90,2,20,20,1.0
48,before,91,2,20,20,1.0
48,before,92,1,20,20,1.0
48,before,93,1,20,20,1.0
48,before,94,1,20,20,1.0
48,before,95,2,11,20,0.55
48,before,96,0,20,20,1.0
48,before,97,0,15,20,0.75
48,before,98,1,13,20,0.65
48,before,99,2,20,20,1.0
48,before,100,2,20,20,1.0
48,before,101,2,16,20,0.8
48,before,102,2,20,20,1.0
48,before,103,2,17,20,0.85
48,before,104,2,20,20,1.0
48,before,105,1,10,20,0.5
48,before,106,2,19,20,0.95
48,before,107,2,15,20,0.75
48,before,108,2,20,20,1.0
48,before,109,2,20,20,1.0
48,before,110,1,19,20,0.95
48,before,111,0,12,20,0.6
48,before,112,2,14,20,0.7
48,before,113,2,20,20,1.0
48,before,114,2,20,20,1.0
48,before,115,1,17,20,0.85
48,before,116,2,20,20,1.0
48,before,117,2,20,20,1.0
48,before,118,2,20,20,1.0
48,before,119,2,20,20,1.0
48,before,120,2,20,20,1.0
48,before,121,2,20,20,1.0
48,before,122,2,20,20,1.0
48,before,123,1,16,20,0.8
48,before,124,2,20,20,1.0
48,before,125,1,20,20,1.0
48,before,126,2,20,20,1.0
48,before,127,0,20,20,1.0
48,before,128,2,19,20,0.95
48,before,129,1,16,20,0.8
48,before,130,2,20,20,1.0
49,after,0,2,20,20,1.0
49,after,1,1,14,20,0.7
49,after,2,0,20,20,1.0
49,after,3,0,20,20,1.0
49,after,4,2,19,20,0.95
49,after,5,1,20,20,1.0
49,after,6,2,20,20,1.0
49,after,7,1,20,20,1.0
49,after,8,2,20,20,1.0
49,after,9,0,20,20,1.0
49,after,10,2,18,20,0.9
49,after,11,1,20,20,1.0
49,after,12,2,20,20,1.0
49,after,13,0,16,20,0.8
49,after,14,2,20,20,1.0
49,after,15,1,20,20,1.0
49,after,16,2,18,20,0.9
49,after,17,1,18,20,0.9
49,after,18,2,19,20,0.95
49,after,19,1,20,20,1.0
49,after,20,1,20,20,1.0
49,after,21,0,8,20,0.4
49,after,22,2,20,20,1.0
49,after,23,2,20,20,1.0
49,after,24,1,20,20,1.0
49,after,25,0,20,20,1.0
49,after,26,2,20,20,1.0
49,after,27,2,20,20,1.0
49,after,28,1,13,20,0.65
49,after,29,1,13,20,0.65
49,after,30,2,20,20,1.0
49,after,31,2,20,20,1.0
49,after,32,2,20,20,1.0
49,after,33,1,17,20,0.85
49,after,34,2,20,20,1.0
49,after,35,0,20,20,1.0
49,after,36,0,20,20,1.0
49,after,37,0,16,20,0.8
49,after,38,2,20,20,1.0
49,after,39,2,20,20,1.0
49,after,40,0,20,20,1.0
49,after,41,2,20,20,1.0
49,after,42,2,20,20,1.0
49,after,43,2,10,20,0.5
49,after,44,2,10,20,0.5
49,after,45,1,19,20,0.95
49,after,46,2,20,20,1.0
49,after,47,0,17,20,0.85
49,after,48,2,20,20,1.0
49,after,49,2,18,20,0.9
49,after,50,2,19,20,0.95
49,after,51,1,9,20,0.45
49,after,52,0,20,20,1.0
49,after,53,2,20,20,1.0
49,after,54,2,18,20,0.9
49,after,55,2,15,20,0.75
49,after,56,1,20,20,1.0
49,after,57,2,20,20,1.0
49,after,58,1,20,20,1.0
49,after,59,1,17,20,0.85
49,after,60,1,20,20,1.0
49,after,61,0,18,20,0.9
49,after,62,1,20,20,1.0
49,after,63,1,19,20,0.95
49,after,64,2,18,20,0.9
49,after,65,1,20,20,1.0
49,after,66,2,19,20,0.95
49,after,67,2,20,20,1.0
49,after,68,2,17,20,0.85
49,after,69,2,20,20,1.0
49,after,70,0,19,20,0.95
49,after,71,2,17,20,0.85
49,after,72,1,20,20,1.0
49,after,73,2,20,20,1.0
49,after,74,2,20,20,1.0
49,after,75,2,20,20,1.0
49,after,76,2,12,20,0.6
49,after,77,2,20,20,1.0
49,after,78,1,18,20,0.9
49,after,79,2,20,20,1.0
49,after,80,2,20,20,1.0
49,after,81,1,19,20,0.95
49,after,82,2,20,20,1.0
49,after,83,1,14,20,0.7
49,after,84,1,19,20,0.95
49,after,85,2,19,20,0.95
49,after,86,1,20,20,1.0
49,after,87,1,20,20,1.0
49,after,88,2,20,20,1.0
49,after,89,1,20,20,1.0
49,after,90,2,20,20,1.0
49,after,91,2,20,20,1.0
49,after,92,1,20,20,1.0
49,after,93,1,15,20,0.75
49,after,94,1,20,20,1.0
49,after,95,2,18,20,0.9
49,after,96,0,20,20,1.0
49,after,97,2,13,20,0.65
49,after,98,1,15,20,0.75
49,after,99,2,20,20,1.0
49,after,100,2,20,20,1.0
49,after,101,2,20,20,1.0
49,after,102,2,20,20,1.0
49,after,103,2,16,20,0.8
49,after,104,2,19,20,0.95
49,after,105,2,10,20,0.5
49,after,106,2,20,20,1.0
49,after,107,2,20,20,1.0
49,after,108,2,20,20,1.0
49,after,109,2,20,20,1.0
49,after,110,1,15,20,0.75
49,after,111,1,17,20,0.85
49,after,112,2,18,20,0.9
49,after,113,2,20,20,1.0
49,after,114,2,20,20,1.0
49,after,115,1,20,20,1.0
49,after,116,2,20,20,1.0
49,after,117,2,20,20,1.0
49,after,118,2,19,20,0.95
49,after,119,2,20,20,1.0
49,after,120,2,20,20,1.0
49,after,121,2,20,20,1.0
49,after,122,2,20,20,1.0
49,after,123,1,17,20,0.85
49,after,124,2,20,20,1.0
49,after,125,1,20,20,1.0
49,after,126,2,20,20,1.0
49,after,127,0,19,20,0.95
49,after,128,2,20,20,1.0
49,after,129,1,17,20,0.85
49,after,130,2,20,20,1.0
49,before,0,2,20,20,1.0
49,before,1,1,13,20,0.65
49,before,2,0,20,20,1.0
49,before,3,0,20,20,1.0
49,before,4,2,20,20,1.0
49,before,5,1,20,20,1.0
49,before,6,2,20,20,1.0
49,before,7,1,20,20,1.0
49,before,8,2,20,20,1.0
49,before,9,0,20,20,1.0
49,before,10,2,20,20,1.0
49,before,11,1,20,20,1.0
49,before,12,2,20,20,1.0
49,before,13,0,19,20,0.95
49,before,14,2,20,20,1.0
49,before,15,1,19,20,0.95
49,before,16,2,19,20,0.95
49,before,17,1,20,20,1.0
49,before,18,2,20,20,1.0
49,before,19,1,20,20,1.0
49,before,20,1,20,20,1.0
49,before,21,2,10,20,0.5
49,before,22,2,20,20,1.0
49,before,23,2,20,20,1.0
49,before,24,1,19,20,0.95
49,before,25,0,20,20,1.0
49,before,26,2,20,20,1.0
49,before,27,2,20,20,1.0
49,before,28,1,12,20,0.6
49,before,29,0,11,20,0.55
49,before,30,2,20,20,1.0
49,before,31,2,20,20,1.0
49,before,32,2,20,20,1.0
49,before,33,1,13,20,0.65
49,before,34,2,20,20,1.0
49,before,35,0,20,20,1.0
49,before,36,0,20,20,1.0
49,before,37,0,16,20,0.8
49,before,38,2,20,20,1.0
49,before,39,2,20,20,1.0
49,before,40,0,20,20,1.0
49,before,41,2,20,20,1.0
49,before,42,2,20,20,1.0
49,before,43,1,14,20,0.7
49,before,44,2,13,20,0.65
49,before,45,1,15,20,0.75
49,before,46,2,20,20,1.0
49,before,47,0,15,20,0.75
49,before,48,2,20,20,1.0
49,before,49,2,20,20,1.0
49,before,50,2,20,20,1.0
49,before,51,0,10,20,0.5
49,before,52,0,19,20,0.95
49,before,53,2,20,20,1.0
49,before,54,2,16,20,0.8
49,before,55,2,20,20,1.0
49,before,56,1,19,20,0.95
49,before,57,2,20,20,1.0
49,before,58,1,20,20,1.0
49,before,59,1,17,20,0.85
49,before,60,1,20,20,1.0
49,before,61,0,17,20,0.85
49,before,62,1,20,20,1.0
49,before,63,1,20,20,1.0
49,before,64,2,20,20,1.0
49,before,65,1,20,20,1.0
49,before,66,2,20,20,1.0
49,before,67,2,20,20,1.0
49,before,68,2,20,20,1.0
49,before,69,2,20,20,1.0
49,before,70,0,19,20,0.95
49,before,71,2,20,20,1.0
49,before,72,1,20,20,1.0
49,before,73,2,20,20,1.0
49,before,74,2,20,20,1.0
49,before,75,2,20,20,1.0
49,before,76,2,13,20,0.65
49,before,77,2,20,20,1.0
49,before,78,1,18,20,0.9
49,before,79,2,20,20,1.0
49,before,80,2,20,20,1.0
49,before,81,1,18,20,0.9
49,before,82,2,20,20,1.0
49,before,83,1,17,20,0.85
49,before,84,1,20,20,1.0
49,before,85,2,20,20,1.0
49,before,86,1,19,20,0.95
49,before,87,1,20,20,1.0
49,before,88,2,20,20,1.0
49,before,89,1,20,20,1.0
49,before,90,2,20,20,1.0
49,before,91,2,20,20,1.0
49,before,92,1,20,20,1.0
49,before,93,1,18,20,0.9
49,before,94,1,20,20,1.0
49,before,95,2,14,20,0.7
49,before,96,0,20,20,1.0
49,before,97,2,20,20,1.0
49,before,98,1,12,20,0.6
49,before,99,2,20,20,1.0
49,before,100,2,20,20,1.0
49,before,101,2,20,20,1.0
49,before,102,2,20,20,1.0
49,before,103,2,20,20,1.0
49,before,104,2,20,20,1.0
49,before,105,2,18,20,0.9
49,before,106,2,20,20,1.0
49,before,107,2,20,20,1.0
49,before,108,2,20,20,1.0
49,before,109,2,20,20,1.0
49,before,110,1,19,20,0.95
49,before,111,1,13,20,0.65
49,before,112,2,14,20,0.7
49,before,113,2,20,20,1.0
49,before,114,2,20,20,1.0
49,before,115,1,20,20,1.0
49,before,116,2,20,20,1.0
49,before,117,2,20,20,1.0
49,before,118,2,20,20,1.0
49,before,119,2,20,20,1.0
49,before,120,2,20,20,1.0
49,before,121,2,20,20,1.0
49,before,122,2,20,20,1.0
49,before,123,1,20,20,1.0
49,before,124,2,20,20,1.0
49,before,125,1,20,20,1.0
49,before,126,2,20,20,1.0
49,before,127,0,20,20,1.0
49,before,128,2,20,20,1.0
49,before,129,1,10,20,0.5
49,before,130,2,20,20,1.0
50,after,0,2,19,20,0.95
50,after,1,1,20,20,1.0
50,after,2,0,20,20,1.0
50,after,3,0,20,20,1.0
50,after,4,2,18,20,0.9
50,after,5,1,19,20,0.95
50,after,6,2,20,20,1.0
50,after,7,1,20,20,1.0
50,after,8,2,20,20,1.0
50,after,9,0,18,20,0.9
50,after,10,2,18,20,0.9
50,after,11,1,19,20,0.95
50,after,12,2,20,20,1.0
50,after,13,0,15,20,0.75
50,after,14,2,20,20,1.0
50,after,15,1,20,20,1.0
50,after,16,2,20,20,1.0
50,after,17,1,20,20,1.0
50,after,18,2,20,20,1.0
50,after,19,1,20,20,1.0
50,after,20,1,20,20,1.0
50,after,21,2,12,20,0.6
50,after,22,2,20,20,1.0
50,after,23,2,20,20,1.0
50,after,24,1,20,20,1.0
50,after,25,0,20,20,1.0
50,after,26,2,20,20,1.0
50,after,27,2,20,20,1.0
50,after,28,1,11,20,0.55
50,after,29,1,19,20,0.95
50,after,30,2,20,20,1.0
50,after,31,2,20,20,1.0
50,after,32,2,20,20,1.0
50,after,33,1,17,20,0.85
50,after,34,2,20,20,1.0
50,after,35,0,18,20,0.9
50,after,36,0,20,20,1.0
50,after,37,0,17,20,0.85
50,after,38,2,20,20,1.0
50,after,39,2,20,20,1.0
50,after,40,0,20,20,1.0
50,after,41,2,20,20,1.0
50,after,42,2,20,20,1.0
50,after,43,2,15,20,0.75
50,after,44,2,15,20,0.75
50,after,45,1,20,20,1.0
50,after,46,2,20,20,1.0
50,after,47,0,17,20,0.85
50,after,48,2,20,20,1.0
50,after,49,2,17,20,0.85
50,after,50,2,20,20,1.0
50,after,51,1,11,20,0.55
50,after,52,0,18,20,0.9
50,after,53,2,20,20,1.0
50,after,54,2,19,20,0.95
50,after,55,2,19,20,0.95
50,after,56,1,20,20,1.0
50,after,57,2,20,20,1.0
50,after,58,1,20,20,1.0
50,after,59,1,17,20,0.85
50,after,60,1,20,20,1.0
50,after,61,0,15,20,0.75
50,after,62,1,19,20,0.95
50,after,63,1,20,20,1.0
50,after,64,2,19,20,0.95
50,after,65,1,20,20,1.0
50,after,66,2,19,20,0.95
50,after,67,2,19,20,0.95
50,after,68,2,20,20,1.0
50,after,69,2,20,20,1.0
50,after,70,0,19,20,0.95
50,after,71,2,20,20,1.0
50,after,72,1,20,20,1.0
50,after,73,2,20,20,1.0
50,after,74,2,20,20,1.0
50,after,75,2,20,20,1.0
50,after,76,2,18,20,0.9
50,after,77,2,20,20,1.0
50,after,78,1,20,20,1.0
50,after,79,2,20,20,1.0
50,after,80,2,20,20,1.0
50,after,81,1,20,20,1.0
50,after,82,2,20,20,1.0
50,after,83,1,17,20,0.85
50,after,84,1,20,20,1.0
50,after,85,2,20,20,1.0
50,after,86,1,20,20,1.0
50,after,87,1,19,20,0.95
50,after,88,2,20,20,1.0
50,after,89,1,20,20,1.0
50,after,90,2,20,20,1.0
50,after,91,2,20,20,1.0
50,after,92,1,20,20,1.0
50,after,93,1,16,20,0.8
50,after,94,1,20,20,1.0
50,after,95,2,20,20,1.0
50,after,96,0,19,20,0.95
50,after,97,2,17,20,0.85
50,after,98,1,17,20,0.85
50,after,99,2,20,20,1.0
50,after,100,2,20,20,1.0
50,after,101,2,20,20,1.0
50,after,102,2,20,20,1.0
50,after,103,2,18,20,0.9
50,after,104,2,18,20,0.9
50,after,105,1,11,20,0.55
50,after,106,2,20,20,1.0
50,after,107,2,20,20,1.0
50,after,108,2,20,20,1.0
50,after,109,2,19,20,0.95
50,after,110,1,16,20,0.8
50,after,111,1,20,20,1.0
50,after,112,2,20,20,1.0
50,after,113,2,20,20,1.0
50,after,114,2,20,20,1.0
50,after,115,1,20,20,1.0
50,after,116,2,20,20,1.0
50,after,117,2,20,20,1.0
50,after,118,2,19,20,0.95
50,after,119,2,20,20,1.0
50,after,120,2,20,20,1.0
50,after,121,2,20,20,1.0
50,after,122,2,20,20,1.0
50,after,123,1,20,20,1.0
50,after,124,2,20,20,1.0
50,after,125,1,20,20,1.0
50,after,126,2,20,20,1.0
50,after,127,0,20,20,1.0
50,after,128,2,20,20,1.0
50,after,129,1,12,20,0.6
50,after,130,2,20,20,1.0
50,before,0,2,20,20,1.0
50,before,1,1,20,20,1.0
50,before,2,0,20,20,1.0
50,before,3,0,20,20,1.0
50,before,4,2,20,20,1.0
50,before,5,1,20,20,1.0
50,before,6,2,20,20,1.0
50,before,7,1,20,20,1.0
50,before,8,2,20,20,1.0
50,before,9,0,20,20,1.0
50,before,10,2,20,20,1.0
50,before,11,1,20,20,1.0
50,before,12,2,20,20,1.0
50,before,13,0,16,20,0.8
50,before,14,2,20,20,1.0
50,before,15,1,20,20,1.0
50,before,16,2,20,20,1.0
50,before,17,1,20,20,1.0
50,before,18,2,20,20,1.0
50,before,19,1,20,20,1.0
50,before,20,1,20,20,1.0
50,before,21,2,10,20,0.5
50,before,22,2,20,20,1.0
50,before,23,2,20,20,1.0
50,before,24,1,20,20,1.0
50,before,25,0,20,20,1.0
50,before,26,2,20,20,1.0
50,before,27,2,20,20,1.0
50,before,28,2,17,20,0.85
50,before,29,1,18,20,0.9
50,before,30,2,20,20,1.0
50,before,31,2,20,20,1.0
50,before,32,2,20,20,1.0
50,before,33,1,18,20,0.9
50,before,34,2,20,20,1.0
50,before,35,0,20,20,1.0
50,before,36,0,20,20,1.0
50,before,37,0,13,20,0.65
50,before,38,2,20,20,1.0
50,before,39,2,20,20,1.0
50,before,40,0,20,20,1.0
50,before,41,2,20,20,1.0
50,before,42,2,20,20,1.0
50,before,43,2,10,20,0.5
50,before,44,2,20,20,1.0
50,before,45,1,20,20,1.0
50,before,46,2,20,20,1.0
50,before,47,0,17,20,0.85
50,before,48,2,20,20,1.0
50,before,49,2,20,20,1.0
50,before,50,2,20,20,1.0
50,before,51,1,14,20,0.7
50,before,52,0,20,20,1.0
50,before,53,2,20,20,1.0
50,before,54,2,16,20,0.8
50,before,55,2,20,20,1.0
50,before,56,1,20,20,1.0
50,before,57,2,20,20,1.0
50,before,58,1,20,20,1.0
50,before,59,1,16,20,0.8
50,before,60,1,20,20,1.0
50,before,61,0,15,20,0.75
50,before,62,1,20,20,1.0
50,before,63,1,20,20,1.0
50,before,64,2,17,20,0.85
50,before,65,1,20,20,1.0
50,before,66,2,19,20,0.95
50,before,67,2,20,20,1.0
50,before,68,2,20,20,1.0
50,before,69,2,20,20,1.0
50,before,70,0,17,20,0.85
50,before,71,2,20,20,1.0
50,before,72,1,20,20,1.0
50,before,73,2,20,20,1.0
50,before,74,2,20,20,1.0
50,before,75,2,20,20,1.0
50,before,76,2,20,20,1.0
50,before,77,2,20,20,1.0
50,before,78,1,20,20,1.0
50,before,79,2,20,20,1.0
50,before,80,2,20,20,1.0
50,before,81,1,20,20,1.0
50,before,82,2,20,20,1.0
50,before,83,1,20,20,1.0
50,before,84,1,20,20,1.0
50,before,85,2,20,20,1.0
50,before,86,1,20,20,1.0
50,before,87,1,20,20,1.0
50,before,88,2,20,20,1.0
50,before,89,1,20,20,1.0
50,before,90,2,20,20,1.0
50,before,91,2,20,20,1.0
50,before,92,1,20,20,1.0
50,before,93,1,12,20,0.6
50,before,94,1,20,20,1.0
50,before,95,2,20,20,1.0
50,before,96,0,19,20,0.95
50,before,97,2,16,20,0.8
50,before,98,1,18,20,0.9
50,before,99,2,20,20,1.0
50,before,100,2,20,20,1.0
50,before,101,2,20,20,1.0
50,before,102,2,20,20,1.0
50,before,103,2,20,20,1.0
50,before,104,2,19,20,0.95
50,before,105,1,11,20,0.55
50,before,106,2,20,20,1.0
50,before,107,2,20,20,1.0
50,before,108,2,20,20,1.0
50,before,109,2,20,20,1.0
50,before,110,1,13,20,0.65
50,before,111,1,18,20,0.9
50,before,112,2,20,20,1.0
50,before,113,2,20,20,1.0
50,before,114,2,20,20,1.0
50,before,115,1,20,20,1.0
50,before,116,2,20,20,1.0
50,before,117,2,20,20,1.0
50,before,118,2,20,20,1.0
50,before,119,2,20,20,1.0
50,before,120,2,20,20,1.0
50,before,121,2,20,20,1.0
50,before,122,2,20,20,1.0
50,before,123,1,20,20,1.0
50,before,124,2,20,20,1.0
50,before,125,1,20,20,1.0
50,before,126,2,20,20,1.0
50,before,127,0,17,20,0.85
50,before,128,2,20,20,1.0
50,before,129,2,14,20,0.7
50,before,130,2,20,20,1.0
51,after,0,2,20,20,1.0
51,after,1,1,20,20,1.0
51,after,2,0,20,20,1.0
51,after,3,0,20,20,1.0
51,after,4,2,19,20,0.95
51,after,5,1,20,20,1.0
51,after,6,2,20,20,1.0
51,after,7,1,20,20,1.0
51,after,8,2,20,20,1.0
51,after,9,0,19,20,0.95
51,after,10,2,19,20,0.95
51,after,11,1,19,20,0.95
51,after,12,2,20,20,1.0
51,after,13,0,11,20,0.55
51,after,14,2,20,20,1.0
51,after,15,1,20,20,1.0
51,after,16,2,20,20,1.0
51,after,17,1,20,20,1.0
51,after,18,2,20,20,1.0
51,after,19,1,20,20,1.0
51,after,20,1,20,20,1.0
51,after,21,2,14,20,0.7
51,after,22,2,20,20,1.0
51,after,23,2,20,20,1.0
51,after,24,1,20,20,1.0
51,after,25,0,20,20,1.0
51,after,26,2,20,20,1.0
51,after,27,2,20,20,1.0
51,after,28,1,14,20,0.7
51,after,29,1,19,20,0.95
51,after,30,2,20,20,1.0
51,after,31,2,20,20,1.0
51,after,32,2,20,20,1.0
51,after,33,1,15,20,0.75
51,after,34,2,20,20,1.0
51,after,35,0,19,20,0.95
51,after,36,0,20,20,1.0
51,after,37,0,18,20,0.9
51,after,38,2,20,20,1.0
51,after,39,2,20,20,1.0
51,after,40,0,20,20,1.0
51,after,41,2,20,20,1.0
51,after,42,2,20,20,1.0
51,after,43,2,14,20,0.7
51,after,44,2,15,20,0.75
51,after,45,1,20,20,1.0
51,after,46,2,20,20,1.0
51,after,47,0,16,20,0.8
51,after,48,2,20,20,1.0
51,after,49,2,18,20,0.9
51,after,50,2,20,20,1.0
51,after,51,1,9,20,0.45
51,after,52,0,20,20,1.0
51,after,53,2,20,20,1.0
51,after,54,2,19,20,0.95
51,after,55,2,19,20,0.95
51,after,56,1,20,20,1.0
51,after,57,2,20,20,1.0
51,after,58,1,17,20,0.85
51,after,59,1,16,20,0.8
51,after,60,1,20,20,1.0
51,after,61,0,16,20,0.8
51,after,62,1,20,20,1.0
51,after,63,1,20,20,1.0
51,after,64,2,20,20,1.0
51,after,65,1,20,20,1.0
51,after,66,2,20,20,1.0
51,after,67,2,19,20,0.95
51,after,68,2,20,20,1.0
51,after,69,2,20,20,1.0
51,after,70,0,19,20,0.95
51,after,71,2,20,20,1.0
51,after,72,1,19,20,0.95
51,after,73,2,20,20,1.0
51,after,74,2,20,20,1.0
51,after,75,2,20,20,1.0
51,after,76,2,18,20,0.9
51,after,77,2,20,20,1.0
51,after,78,1,19,20,0.95
51,after,79,2,20,20,1.0
51,after,80,2,20,20,1.0
51,after,81,1,20,20,1.0
51,after,82,2,20,20,1.0
51,after,83,1,16,20,0.8
51,after,84,1,20,20,1.0
51,after,85,2,20,20,1.0
51,after,86,1,20,20,1.0
51,after,87,1,20,20,1.0
51,after,88,2,20,20,1.0
51,after,89,1,20,20,1.0
51,after,90,2,20,20,1.0
51,after,91,2,20,20,1.0
51,after,92,1,19,20,0.95
51,after,93,1,16,20,0.8
51,after,94,1,20,20,1.0
51,after,95,2,20,20,1.0
51,after,96,0,19,20,0.95
51,after,97,2,14,20,0.7
51,after,98,1,19,20,0.95
51,after,99,2,20,20,1.0
51,after,100,2,20,20,1.0
51,after,101,2,20,20,1.0
51,after,102,2,20,20,1.0
51,after,103,2,17,20,0.85
51,after,104,2,19,20,0.95
51,after,105,2,12,20,0.6
51,after,106,2,20,20,1.0
51,after,107,2,20,20,1.0
51,after,108,2,20,20,1.0
51,after,109,2,20,20,1.0
51,after,110,1,10,20,0.5
51,after,111,1,19,20,0.95
51,after,112,2,20,20,1.0
51,after,113,2,20,20,1.0
51,after,114,2,20,20,1.0
51,after,115,1,20,20,1.0
51,after,116,2,20,20,1.0
51,after,117,2,20,20,1.0
51,after,118,2,20,20,1.0
51,after,119,2,20,20,1.0
51,after,120,2,20,20,1.0
51,after,121,2,20,20,1.0
51,after,122,2,20,20,1.0
51,after,123,1,20,20,1.0
51,after,124,2,20,20,1.0
51,after,125,1,20,20,1.0
51,after,126,2,20,20,1.0
51,after,127,0,20,20,1.0
51,after,128,2,20,20,1.0
51,after,129,1,16,20,0.8
51,after,130,2,20,20,1.0
51,before,0,2,20,20,1.0
51,before,1,1,20,20,1.0
51,before,2,0,20,20,1.0
51,before,3,0,20,20,1.0
51,before,4,2,14,20,0.7
51,before,5,1,20,20,1.0
51,before,6,2,20,20,1.0
51,before,7,1,20,20,1.0
51,before,8,2,20,20,1.0
51,before,9,0,14,20,0.7
51,before,10,2,17,20,0.85
51,before,11,1,17,20,0.85
51,before,12,2,20,20,1.0
51,before,13,2,12,20,0.6
51,before,14,2,20,20,1.0
51,before,15,1,20,20,1.0
51,before,16,2,20,20,1.0
51,before,17,1,17,20,0.85
51,before,18,2,20,20,1.0
51,before,19,1,20,20,1.0
51,before,20,1,20,20,1.0
51,before,21,2,14,20,0.7
51,before,22,2,20,20,1.0
51,before,23,2,20,20,1.0
51,before,24,1,20,20,1.0
51,before,25,0,20,20,1.0
51,before,26,2,20,20,1.0
51,before,27,2,20,20,1.0
51,before,28,2,14,20,0.7
51,before,29,1,16,20,0.8
51,before,30,2,20,20,1.0
51,before,31,2,20,20,1.0
51,before,32,2,20,20,1.0
51,before,33,1,12,20,0.6
51,before,34,2,20,20,1.0
51,before,35,0,14,20,0.7
51,before,36,0,20,20,1.0
51,before,37,0,20,20,1.0
51,before,38,2,20,20,1.0
51,before,39,2,20,20,1.0
51,before,40,0,20,20,1.0
51,before,41,2,20,20,1.0
51,before,42,2,20,20,1.0
51,before,43,2,13,20,0.65
51,before,44,2,16,20,0.8
51,before,45,1,20,20,1.0
51,before,46,2,20,20,1.0
51,before,47,0,15,20,0.75
51,before,48,2,20,20,1.0
51,before,49,2,20,20,1.0
51,before,50,2,20,20,1.0
51,before,51,2,11,20,0.55
51,before,52,0,20,20,1.0
51,before,53,2,20,20,1.0
51,before,54,2,20,20,1.0
51,before,55,2,20,20,1.0
51,before,56,1,20,20,1.0
51,before,57,2,20,20,1.0
51,before,58,1,16,20,0.8
51,before,59,1,10,20,0.5
51,before,60,1,20,20,1.0
51,before,61,0,16,20,0.8
51,before,62,1,20,20,1.0
51,before,63,1,20,20,1.0
51,before,64,2,20,20,1.0
51,before,65,1,20,20,1.0
51,before,66,2,20,20,1.0
51,before,67,2,20,20,1.0
51,before,68,2,19,20,0.95
51,before,69,2,20,20,1.0
51,before,70,0,13,20,0.65
51,before,71,2,20,20,1.0
51,before,72,1,20,20,1.0
51,before,73,2,20,20,1.0
51,before,74,2,20,20,1.0
51,before,75,2,20,20,1.0
51,before,76,2,13,20,0.65
51,before,77,2,20,20,1.0
51,before,78,1,15,20,0.75
51,before,79,2,20,20,1.0
51,before,80,2,20,20,1.0
51,before,81,1,16,20,0.8
51,before,82,2,20,20,1.0
51,before,83,1,15,20,0.75
51,before,84,1,19,20,0.95
51,before,85,2,20,20,1.0
51,before,86,1,18,20,0.9
51,before,87,1,20,20,1.0
51,before,88,2,20,20,1.0
51,before,89,1,20,20,1.0
51,before,90,2,20,20,1.0
51,before,91,2,20,20,1.0
51,before,92,1,20,20,1.0
51,before,93,1,15,20,0.75
51,before,94,1,20,20,1.0
51,before,95,2,19,20,0.95
51,before,96,0,13,20,0.65
51,before,97,2,18,20,0.9
51,before,98,1,14,20,0.7
51,before,99,2,20,20,1.0
51,before,100,2,20,20,1.0
51,before,101,2,20,20,1.0
51,before,102,2,20,20,1.0
51,before,103,2,17,20,0.85
51,before,104,2,20,20,1.0
51,before,105,1,13,20,0.65
51,before,106,2,20,20,1.0
51,before,107,2,20,20,1.0
51,before,108,2,20,20,1.0
51,before,109,2,20,20,1.0
51,before,110,1,13,20,0.65
51,before,111,1,20,20,1.0
51,before,112,2,20,20,1.0
51,before,113,2,20,20,1.0
51,before,114,2,20,20,1.0
51,before,115,1,20,20,1.0
51,before,116,2,20,20,1.0
51,before,117,2,20,20,1.0
51,before,118,2,20,20,1.0
51,before,119,2,20,20,1.0
51,before,120,2,20,20,1.0
51,before,121,2,20,20,1.0
51,before,122,2,20,20,1.0
51,before,123,1,20,20,1.0
51,before,124,2,20,20,1.0
51,before,125,1,20,20,1.0
51,before,126,2,20,20,1.0
51,before,127,0,20,20,1.0
51,before,128,2,20,20,1.0
51,before,129,1,13,20,0.65
51,before,130,2,20,20,1.0
52,after,0,2,19,20,0.95
52,after,1,1,20,20,1.0
52,after,2,0,20,20,1.0
52,after,3,0,20,20,1.0
52,after,4,2,17,20,0.85
52,after,5,1,19,20,0.95
52,after,6,2,20,20,1.0
52,after,7,1,20,20,1.0
52,after,8,2,20,20,1.0
52,after,9,0,20,20,1.0
52,after,10,2,19,20,0.95
52,after,11,1,18,20,0.9
52,after,12,2,20,20,1.0
52,after,13,2,14,20,0.7
52,after,14,2,20,20,1.0
52,after,15,1,20,20,1.0
52,after,16,2,20,20,1.0
52,after,17,1,20,20,1.0
52,after,18,2,20,20,1.0
52,after,19,1,20,20,1.0
52,after,20,1,20,20,1.0
52,after,21,2,12,20,0.6
52,after,22,2,20,20,1.0
52,after,23,2,20,20,1.0
52,after,24,1,20,20,1.0
52,after,25,0,20,20,1.0
52,after,26,2,20,20,1.0
52,after,27,2,20,20,1.0
52,after,28,1,14,20,0.7
52,after,29,1,19,20,0.95
52,after,30,2,20,20,1.0
52,after,31,2,20,20,1.0
52,after,32,2,20,20,1.0
52,after,33,1,18,20,0.9
52,after,34,2,20,20,1.0
52,after,35,0,19,20,0.95
52,after,36,0,20,20,1.0
52,after,37,0,15,20,0.75
52,after,38,2,20,20,1.0
52,after,39,2,20,20,1.0
52,after,40,0,20,20,1.0
52,after,41,2,20,20,1.0
52,after,42,2,20,20,1.0
52,after,43,2,14,20,0.7
52,after,44,2,16,20,0.8
52,after,45,1,20,20,1.0
52,after,46,2,20,20,1.0
52,after,47,0,16,20,0.8
52,after,48,2,20,20,1.0
52,after,49,2,18,20,0.9
52,after,50,2,20,20,1.0
52,after,51,1,8,20,0.4
52,after,52,0,19,20,0.95
52,after,53,2,20,20,1.0
52,after,54,2,17,20,0.85
52,after,55,2,16,20,0.8
52,after,56,1,20,20,1.0
52,after,57,2,20,20,1.0
52,after,58,1,20,20,1.0
52,after,59,1,17,20,0.85
52,after,60,1,20,20,1.0
52,after,61,0,19,20,0.95
52,after,62,1,20,20,1.0
52,after,63,1,20,20,1.0
52,after,64,2,20,20,1.0
52,after,65,1,20,20,1.0
52,after,66,2,20,20,1.0
52,after,67,2,19,20,0.95
52,after,68,2,19,20,0.95
52,after,69,2,20,20,1.0
52,after,70,0,19,20,0.95
52,after,71,2,19,20,0.95
52,after,72,1,20,20,1.0
52,after,73,2,20,20,1.0
52,after,74,2,20,20,1.0
52,after,75,2,20,20,1.0
52,after,76,2,19,20,0.95
52,after,77,2,20,20,1.0
52,after,78,1,19,20,0.95
52,after,79,2,20,20,1.0
52,after,80,2,20,20,1.0
52,after,81,1,19,20,0.95
52,after,82,2,20,20,1.0
52,after,83,1,16,20,0.8
52,after,84,1,20,20,1.0
52,after,85,2,20,20,1.0
52,after,86,1,18,20,0.9
52,after,87,1,20,20,1.0
52,after,88,2,20,20,1.0
52,after,89,1,20,20,1.0
52,after,90,2,20,20,1.0
52,after,91,2,20,20,1.0
52,after,92,1,20,20,1.0
52,after,93,1,16,20,0.8
52,after,94,1,20,20,1.0
52,after,95,2,19,20,0.95
52,after,96,0,20,20,1.0
52,after,97,2,11,20,0.55
52,after,98,1,18,20,0.9
52,after,99,2,20,20,1.0
52,after,100,2,20,20,1.0
52,after,101,2,20,20,1.0
52,after,102,2,20,20,1.0
52,after,103,2,18,20,0.9
52,after,104,2,18,20,0.9
52,after,105,2,11,20,0.55
52,after,106,2,20,20,1.0
52,after,107,2,20,20,1.0
52,after,108,2,20,20,1.0
52,after,109,2,20,20,1.0
52,after,110,1,13,20,0.65
52,after,111,1,20,20,1.0
52,after,112,2,20,20,1.0
52,after,113,2,20,20,1.0
52,after,114,2,20,20,1.0
52,after,115,1,20,20,1.0
52,after,116,2,20,20,1.0
52,after,117,2,20,20,1.0
52,after,118,2,20,20,1.0
52,after,119,2,20,20,1.0
52,after,120,2,20,20,1.0
52,after,121,2,20,20,1.0
52,after,122,2,20,20,1.0
52,after,123,1,20,20,1.0
52,after,124,2,20,20,1.0
52,after,125,1,20,20,1.0
52,after,126,2,20,20,1.0
52,after,127,0,20,20,1.0
52,after,128,2,20,20,1.0
52,after,129,1,15,20,0.75
52,after,130,2,20,20,1.0
52,before,0,2,20,20,1.0
52,before,1,1,18,20,0.9
52,before,2,0,20,20,1.0
52,before,3,0,20,20,1.0
52,before,4,2,20,20,1.0
52,before,5,1,19,20,0.95
52,before,6,2,20,20,1.0
52,before,7,1,20,20,1.0
52,before,8,2,20,20,1.0
52,before,9,0,16,20,0.8
52,before,10,2,20,20,1.0
52,before,11,1,14,20,0.7
52,before,12,2,20,20,1.0
52,before,13,2,18,20,0.9
52,before,14,2,20,20,1.0
52,before,15,1,20,20,1.0
52,before,16,2,20,20,1.0
52,before,17,1,19,20,0.95
52,before,18,2,20,20,1.0
52,before,19,1,20,20,1.0
52,before,20,1,20,20,1.0
52,before,21,2,19,20,0.95
52,before,22,2,20,20,1.0
52,before,23,2,20,20,1.0
52,before,24,1,20,20,1.0
52,before,25,0,20,20,1.0
52,before,26,2,20,20,1.0
52,before,27,2,20,20,1.0
52,before,28,1,12,20,0.6
52,before,29,1,20,20,1.0
52,before,30,2,20,20,1.0
52,before,31,2,20,20,1.0
52,before,32,2,20,20,1.0
52,before,33,2,11,20,0.55
52,before,34,2,20,20,1.0
52,before,35,0,10,20,0.5
52,before,36,0,20,20,1.0
52,before,37,0,14,20,0.7
52,before,38,2,20,20,1.0
52,before,39,2,20,20,1.0
52,before,40,0,20,20,1.0
52,before,41,2,20,20,1.0
52,before,42,2,20,20,1.0
52,before,43,2,14,20,0.7
52,before,44,2,15,20,0.75
52,before,45,1,20,20,1.0
52,before,46,2,20,20,1.0
52,before,47,0,11,20,0.55
52,before,48,2,20,20,1.0
52,before,49,2,20,20,1.0
52,before,50,2,20,20,1.0
52,before,51,2,13,20,0.65
52,before,52,0,20,20,1.0
52,before,53,2,20,20,1.0
52,before,54,2,20,20,1.0
52,before,55,2,20,20,1.0
52,before,56,1,19,20,0.95
52,before,57,2,20,20,1.0
52,before,58,1,19,20,0.95
52,before,59,2,12,20,0.6
52,before,60,1,20,20,1.0
52,before,61,0,16,20,0.8
52,before,62,1,20,20,1.0
52,before,63,1,20,20,1.0
52,before,64,2,20,20,1.0
52,before,65,1,20,20,1.0
52,before,66,2,20,20,1.0
52,before,67,2,20,20,1.0
52,before,68,2,20,20,1.0
52,before,69,2,20,20,1.0
52,before,70,0,15,20,0.75
52,before,71,2,20,20,1.0
52,before,72,1,20,20,1.0
52,before,73,2,20,20,1.0
52,before,74,2,20,20,1.0
52,before,75,2,20,20,1.0
52,before,76,2,17,20,0.85
52,before,77,2,20,20,1.0
52,before,78,1,14,20,0.7
52,before,79,2,20,20,1.0
52,before,80,2,20,20,1.0
52,before,81,1,18,20,0.9
52,before,82,2,20,20,1.0
52,before,83,1,16,20,0.8
52,before,84,1,20,20,1.0
52,before,85,2,20,20,1.0
52,before,86,1,19,20,0.95
52,before,87,1,20,20,1.0
52,before,88,2,20,20,1.0
52,before,89,1,20,20,1.0
52,before,90,2,20,20,1.0
52,before,91,2,20,20,1.0
52,before,92,1,19,20,0.95
52,before,93,1,12,20,0.6
52,before,94,1,20,20,1.0
52,before,95,2,19,20,0.95
52,before,96,0,13,20,0.65
52,before,97,2,18,20,0.9
52,before,98,1,12,20,0.6
52,before,99,2,20,20,1.0
52,before,100,2,20,20,1.0
52,before,101,2,20,20,1.0
52,before,102,2,20,20,1.0
52,before,103,2,20,20,1.0
52,before,104,2,20,20,1.0
52,before,105,2,18,20,0.9
52,before,106,2,20,20,1.0
52,before,107,2,20,20,1.0
52,before,108,2,20,20,1.0
52,before,109,2,20,20,1.0
52,before,110,1,13,20,0.65
52,before,111,1,20,20,1.0
52,before,112,2,20,20,1.0
52,before,113,2,20,20,1.0
52,before,114,2,20,20,1.0
52,before,115,1,20,20,1.0
52,before,116,2,20,20,1.0
52,before,117,2,20,20,1.0
52,before,118,2,20,20,1.0
52,before,119,2,20,20,1.0
52,before,120,2,20,20,1.0
52,before,121,2,20,20,1.0
52,before,122,2,20,20,1.0
52,before,123,1,19,20,0.95
52,before,124,2,20,20,1.0
52,before,125,1,19,20,0.95
52,before,126,2,20,20,1.0
52,before,127,0,20,20,1.0
52,before,128,2,20,20,1.0
52,before,129,2,11,20,0.55
52,before,130,2,20,20,1.0
53,after,0,2,19,20,0.95
53,after,1,1,18,20,0.9
53,after,2,0,20,20,1.0
53,after,3,0,20,20,1.0
53,after,4,2,16,20,0.8
53,after,5,1,18,20,0.9
53,after,6,2,20,20,1.0
53,after,7,1,20,20,1.0
53,after,8,2,20,20,1.0
53,after,9,0,18,20,0.9
53,after,10,2,16,20,0.8
53,after,11,1,17,20,0.85
53,after,12,2,20,20,1.0
53,after,13,2,12,20,0.6
53,after,14,2,20,20,1.0
53,after,15,1,19,20,0.95
53,after,16,2,20,20,1.0
53,after,17,1,20,20,1.0
53,after,18,2,20,20,1.0
53,after,19,1,20,20,1.0
53,after,20,1,20,20,1.0
53,after,21,2,10,20,0.5
53,after,22,2,20,20,1.0
53,after,23,2,19,20,0.95
53,after,24,1,19,20,0.95
53,after,25,0,20,20,1.0
53,after,26,2,20,20,1.0
53,after,27,2,20,20,1.0
53,after,28,2,11,20,0.55
53,after,29,1,17,20,0.85
53,after,30,2,19,20,0.95
53,after,31,2,20,20,1.0
53,after,32,2,20,20,1.0
53,after,33,1,15,20,0.75
53,after,34,2,20,20,1.0
53,after,35,0,18,20,0.9
53,after,36,0,20,20,1.0
53,after,37,0,19,20,0.95
53,after,38,2,20,20,1.0
53,after,39,2,20,20,1.0
53,after,40,0,20,20,1.0
53,after,41,2,20,20,1.0
53,after,42,2,20,20,1.0
53,after,43,2,15,20,0.75
53,after,44,2,18,20,0.9
53,after,45,1,20,20,1.0
53,after,46,2,20,20,1.0
53,after,47,0,11,20,0.55
53,after,48,2,20,20,1.0
53,after,49,2,18,20,0.9
53,after,50,2,20,20,1.0
53,after,51,1,11,20,0.55
53,after,52,0,20,20,1.0
53,after,53,2,20,20,1.0
53,after,54,2,16,20,0.8
53,after,55,2,18,20,0.9
53,after,56,1,19,20,0.95
53,after,57,2,20,20,1.0
53,after,58,1,15,20,0.75
53,after,59,1,16,20,0.8
53,after,60,1,20,20,1.0
53,after,61,0,16,20,0.8
53,after,62,1,19,20,0.95
53,after,63,1,20,20,1.0
53,after,64,2,20,20,1.0
53,after,65,1,20,20,1.0
53,after,66,2,19,20,0.95
53,after,67,2,19,20,0.95
53,after,68,2,18,20,0.9
53,after,69,2,20,20,1.0
53,after,70,0,18,20,0.9
53,after,71,2,19,20,0.95
53,after,72,1,19,20,0.95
53,after,73,2,20,20,1.0
53,after,74,2,20,20,1.0
53,after,75,2,20,20,1.0
53,after,76,2,18,20,0.9
53,after,77,2,20,20,1.0
53,after,78,1,19,20,0.95
53,after,79,2,20,20,1.0
53,after,80,2,20,20,1.0
53,after,81,1,19,20,0.95
53,after,82,2,20,20,1.0
53,after,83,1,11,20,0.55
53,after,84,1,20,20,1.0
53,after,85,2,20,20,1.0
53,after,86,1,19,20,0.95
53,after,87,1,20,20,1.0
53,after,88,2,20,20,1.0
53,after,89,1,19,20,0.95
53,after,90,2,20,20,1.0
53,after,91,2,20,20,1.0
53,after,92,1,19,20,0.95
53,after,93,1,13,20,0.65
53,after,94,1,20,20,1.0
53,after,95,2,17,20,0.85
53,after,96,0,18,20,0.9
53,after,97,2,18,20,0.9
53,after,98,1,14,20,0.7
53,after,99,2,20,20,1.0
53,after,100,2,20,20,1.0
53,after,101,2,19,20,0.95
53,after,102,2,20,20,1.0
53,after,103,2,18,20,0.9
53,after,104,2,19,20,0.95
53,after,105,2,15,20,0.75
53,after,106,2,20,20,1.0
53,after,107,2,20,20,1.0
53,after,108,2,20,20,1.0
53,after,109,2,20,20,1.0
53,after,110,1,12,20,0.6
53,after,111,1,20,20,1.0
53,after,112,2,19,20,0.95
53,after,113,2,20,20,1.0
53,after,114,2,20,20,1.0
53,after,115,1,20,20,1.0
53,after,116,2,20,20,1.0
53,after,117,2,20,20,1.0
53,after,118,2,19,20,0.95
53,after,119,2,20,20,1.0
53,after,120,2,20,20,1.0
53,after,121,2,20,20,1.0
53,after,122,2,20,20,1.0
53,after,123,1,20,20,1.0
53,after,124,2,20,20,1.0
53,after,125,1,20,20,1.0
53,after,126,2,20,20,1.0
53,after,127,0,20,20,1.0
53,after,128,2,20,20,1.0
53,after,129,1,15,20,0.75
53,after,130,2,20,20,1.0
53,before,0,2,20,20,1.0
53,before,1,1,20,20,1.0
53,before,2,0,20,20,1.0
53,before,3,0,20,20,1.0
53,before,4,2,15,20,0.75
53,before,5,1,18,20,0.9
53,before,6,2,20,20,1.0
53,before,7,1,20,20,1.0
53,before,8,2,20,20,1.0
53,before,9,0,19,20,0.95
53,before,10,2,17,20,0.85
53,before,11,1,20,20,1.0
53,before,12,2,20,20,1.0
53,before,13,2,14,20,0.7
53,before,14,2,20,20,1.0
53,before,15,1,20,20,1.0
53,before,16,2,20,20,1.0
53,before,17,1,19,20,0.95
53,before,18,2,20,20,1.0
53,before,19,1,20,20,1.0
53,before,20,1,20,20,1.0
53,before,21,2,10,20,0.5
53,before,22,2,20,20,1.0
53,before,23,2,20,20,1.0
53,before,24,1,20,20,1.0
53,before,25,0,20,20,1.0
53,before,26,2,20,20,1.0
53,before,27,2,20,20,1.0
53,before,28,2,13,20,0.65
53,before,29,1,14,20,0.7
53,before,30,2,20,20,1.0
53,before,31,2,20,20,1.0
53,before,32,2,20,20,1.0
53,before,33,2,10,20,0.5
53,before,34,2,20,20,1.0
53,before,35,0,20,20,1.0
53,before,36,0,20,20,1.0
53,before,37,0,16,20,0.8
53,before,38,2,20,20,1.0
53,before,39,2,20,20,1.0
53,before,40,0,20,20,1.0
53,before,41,2,20,20,1.0
53,before,42,2,20,20,1.0
53,before,43,2,20,20,1.0
53,before,44,2,19,20,0.95
53,before,45,1,20,20,1.0
53,before,46,2,20,20,1.0
53,before,47,0,11,20,0.55
53,before,48,2,20,20,1.0
53,before,49,2,20,20,1.0
53,before,50,2,20,20,1.0
53,before,51,1,9,20,0.45
53,before,52,0,20,20,1.0
53,before,53,2,20,20,1.0
53,before,54,2,12,20,0.6
53,before,55,2,15,20,0.75
53,before,56,1,19,20,0.95
53,before,57,2,20,20,1.0
53,before,58,1,15,20,0.75
53,before,59,1,14,20,0.7
53,before,60,1,20,20,1.0
53,before,61,0,20,20,1.0
53,before,62,1,20,20,1.0
53,before,63,1,20,20,1.0
53,before,64,2,20,20,1.0
53,before,65,1,20,20,1.0
53,before,66,2,20,20,1.0
53,before,67,2,20,20,1.0
53,before,68,2,17,20,0.85
53,before,69,2,20,20,1.0
53,before,70,0,20,20,1.0
53,before,71,2,20,20,1.0
53,before,72,1,19,20,0.95
53,before,73,2,20,20,1.0
53,before,74,2,20,20,1.0
53,before,75,2,20,20,1.0
53,before,76,2,20,20,1.0
53,before,77,2,20,20,1.0
53,before,78,1,17,20,0.85
53,before,79,2,20,20,1.0
53,before,80,2,20,20,1.0
53,before,81,1,16,20,0.8
53,before,82,2,20,20,1.0
53,before,83,0,12,20,0.6
53,before,84,1,20,20,1.0
53,before,85,2,19,20,0.95
53,before,86,1,11,20,0.55
53,before,87,1,20,20,1.0
53,before,88,2,20,20,1.0
53,before,89,1,20,20,1.0
53,before,90,2,20,20,1.0
53,before,91,2,20,20,1.0
53,before,92,1,18,20,0.9
53,before,93,1,10,20,0.5
53,before,94,1,20,20,1.0
53,before,95,2,20,20,1.0
53,before,96,0,20,20,1.0
53,before,97,2,18,20,0.9
53,before,98,1,11,20,0.55
53,before,99,2,20,20,1.0
53,before,100,2,20,20,1.0
53,before,101,2,20,20,1.0
53,before,102,2,20,20,1.0
53,before,103,2,19,20,0.95
53,before,104,2,20,20,1.0
53,before,105,2,19,20,0.95
53,before,106,2,20,20,1.0
53,before,107,2,20,20,1.0
53,before,108,2,20,20,1.0
53,before,109,2,20,20,1.0
53,before,110,1,11,20,0.55
53,before,111,1,20,20,1.0
53,before,112,2,20,20,1.0
53,before,113,2,20,20,1.0
53,before,114,2,20,20,1.0
53,before,115,1,20,20,1.0
53,before,116,2,20,20,1.0
53,before,117,2,20,20,1.0
53,before,118,2,20,20,1.0
53,before,119,2,20,20,1.0
53,before,120,2,20,20,1.0
53,before,121,2,20,20,1.0
53,before,122,2,20,20,1.0
53,before,123,1,20,20,1.0
53,before,124,2,20,20,1.0
53,before,125,1,20,20,1.0
53,before,126,2,20,20,1.0
53,before,127,0,20,20,1.0
53,before,128,2,20,20,1.0
53,before,129,2,17,20,0.85
53,before,130,2,20,20,1.0
54,after,0,2,20,20,1.0
54,after,1,1,16,20,0.8
54,after,2,0,20,20,1.0
54,after,3,0,20,20,1.0
54,after,4,2,19,20,0.95
54,after,5,1,20,20,1.0
54,after,6,2,20,20,1.0
54,after,7,1,20,20,1.0
54,after,8,2,20,20,1.0
54,after,9,0,20,20,1.0
54,after,10,2,18,20,0.9
54,after,11,1,20,20,1.0
54,after,12,2,20,20,1.0
54,after,13,2,15,20,0.75
54,after,14,2,20,20,1.0
54,after,15,1,20,20,1.0
54,after,16,2,20,20,1.0
54,after,17,1,20,20,1.0
54,after,18,2,19,20,0.95
54,after,19,1,20,20,1.0
54,after,20,1,20,20,1.0
54,after,21,2,11,20,0.55
54,after,22,2,20,20,1.0
54,after,23,2,20,20,1.0
54,after,24,1,20,20,1.0
54,after,25,0,20,20,1.0
54,after,26,2,20,20,1.0
54,after,27,2,20,20,1.0
54,after,28,1,18,20,0.9
54,after,29,1,19,20,0.95
54,after,30,2,19,20,0.95
54,after,31,2,20,20,1.0
54,after,32,2,20,20,1.0
54,after,33,1,19,20,0.95
54,after,34,2,20,20,1.0
54,after,35,0,20,20,1.0
54,after,36,0,19,20,0.95
54,after,37,0,17,20,0.85
54,after,38,2,20,20,1.0
54,after,39,2,20,20,1.0
54,after,40,0,20,20,1.0
54,after,41,2,20,20,1.0
54,after,42,2,20,20,1.0
54,after,43,2,12,20,0.6
54,after,44,2,15,20,0.75
54,after,45,1,20,20,1.0
54,after,46,2,20,20,1.0
54,after,47,0,12,20,0.6
54,after,48,2,20,20,1.0
54,after,49,2,20,20,1.0
54,after,50,2,20,20,1.0
54,after,51,1,8,20,0.4
54,after,52,0,16,20,0.8
54,after,53,2,20,20,1.0
54,after,54,2,15,20,0.75
54,after,55,2,18,20,0.9
54,after,56,1,19,20,0.95
54,after,57,2,20,20,1.0
54,after,58,1,18,20,0.9
54,after,59,1,17,20,0.85
54,after,60,1,20,20,1.0
54,after,61,0,13,20,0.65
54,after,62,1,20,20,1.0
54,after,63,1,20,20,1.0
54,after,64,2,20,20,1.0
54,after,65,1,20,20,1.0
54,after,66,2,20,20,1.0
54,after,67,2,19,20,0.95
54,after,68,2,20,20,1.0
54,after,69,2,20,20,1.0
54,after,70,0,16,20,0.8
54,after,71,2,18,20,0.9
54,after,72,1,20,20,1.0
54,after,73,2,20,20,1.0
54,after,74,2,20,20,1.0
54,after,75,2,20,20,1.0
54,after,76,2,17,20,0.85
54,after,77,2,20,20,1.0
54,after,78,1,19,20,0.95
54,after,79,2,20,20,1.0
54,after,80,2,20,20,1.0
54,after,81,1,20,20,1.0
54,after,82,2,20,20,1.0
54,after,83,1,16,20,0.8
54,after,84,1,20,20,1.0
54,after,85,2,20,20,1.0
54,after,86,1,20,20,1.0
54,after,87,1,20,20,1.0
54,after,88,2,20,20,1.0
54,after,89,1,20,20,1.0
54,after,90,2,20,20,1.0
54,after,91,2,20,20,1.0
54,after,92,1,19,20,0.95
54,after,93,1,18,20,0.9
54,after,94,1,20,20,1.0
54,after,95,2,19,20,0.95
54,after,96,0,18,20,0.9
54,after,97,2,15,20,0.75
54,after,98,1,19,20,0.95
54,after,99,2,20,20,1.0
54,after,100,2,20,20,1.0
54,after,101,2,19,20,0.95
54,after,102,2,20,20,1.0
54,after,103,2,16,20,0.8
54,after,104,2,18,20,0.9
54,after,105,2,12,20,0.6
54,after,106,2,20,20,1.0
54,after,107,2,20,20,1.0
54,after,108,2,20,20,1.0
54,after,109,2,20,20,1.0
54,after,110,1,15,20,0.75
54,after,111,1,20,20,1.0
54,after,112,2,20,20,1.0
54,after,113,2,20,20,1.0
54,after,114,2,20,20,1.0
54,after,115,1,20,20,1.0
54,after,116,2,20,20,1.0
54,after,117,2,20,20,1.0
54,after,118,2,20,20,1.0
54,after,119,2,20,20,1.0
54,after,120,2,20,20,1.0
54,after,121,2,19,20,0.95
54,after,122,2,20,20,1.0
54,after,123,1,19,20,0.95
54,after,124,2,20,20,1.0
54,after,125,1,20,20,1.0
54,after,126,2,20,20,1.0
54,after,127,0,20,20,1.0
54,after,128,2,20,20,1.0
54,after,129,1,18,20,0.9
54,after,130,2,20,20,1.0
54,before,0,2,20,20,1.0
54,before,1,1,15,20,0.75
54,before,2,0,19,20,0.95
54,before,3,0,19,20,0.95
54,before,4,2,15,20,0.75
54,before,5,1,19,20,0.95
54,before,6,2,20,20,1.0
54,before,7,1,20,20,1.0
54,before,8,2,20,20,1.0
54,before,9,0,14,20,0.7
54,before,10,2,11,20,0.55
54,before,11,1,20,20,1.0
54,before,12,2,20,20,1.0
54,before,13,0,10,20,0.5
54,before,14,2,20,20,1.0
54,before,15,1,20,20,1.0
54,before,16,2,20,20,1.0
54,before,17,1,20,20,1.0
54,before,18,2,20,20,1.0
54,before,19,1,20,20,1.0
54,before,20,1,20,20,1.0
54,before,21,1,11,20,0.55
54,before,22,2,20,20,1.0
54,before,23,2,20,20,1.0
54,before,24,1,20,20,1.0
54,before,25,0,20,20,1.0
54,before,26,2,20,20,1.0
54,before,27,2,20,20,1.0
54,before,28,1,13,20,0.65
54,before,29,1,20,20,1.0
54,before,30,2,20,20,1.0
54,before,31,2,20,20,1.0
54,before,32,2,20,20,1.0
54,before,33,2,11,20,0.55
54,before,34,2,20,20,1.0
54,before,35,0,14,20,0.7
54,before,36,0,20,20,1.0
54,before,37,0,19,20,0.95
54,before,38,2,20,20,1.0
54,before,39,2,20,20,1.0
54,before,40,0,20,20,1.0
54,before,41,2,20,20,1.0
54,before,42,2,20,20,1.0
54,before,43,2,11,20,0.55
54,before,44,2,15,20,0.75
54,before,45,1,20,20,1.0
54,before,46,2,20,20,1.0
54,before,47,2,13,20,0.65
54,before,48,2,20,20,1.0
54,before,49,2,19,20,0.95
54,before,50,2,20,20,1.0
54,before,51,1,15,20,0.75
54,before,52,0,20,20,1.0
54,before,53,2,20,20,1.0
54,before,54,2,14,20,0.7
54,before,55,2,19,20,0.95
54,before,56,1,20,20,1.0
54,before,57,2,20,20,1.0
54,before,58,1,14,20,0.7
54,before,59,1,20,20,1.0
54,before,60,1,20,20,1.0
54,before,61,1,11,20,0.55
54,before,62,1,20,20,1.0
54,before,63,1,20,20,1.0
54,before,64,2,19,20,0.95
54,before,65,1,20,20,1.0
54,before,66,2,17,20,0.85
54,before,67,2,20,20,1.0
54,before,68,2,20,20,1.0
54,before,69,2,20,20,1.0
54,before,70,0,11,20,0.55
54,before,71,2,20,20,1.0
54,before,72,1,20,20,1.0
54,before,73,2,20,20,1.0
54,before,74,2,20,20,1.0
54,before,75,2,20,20,1.0
54,before,76,2,15,20,0.75
54,before,77,2,20,20,1.0
54,before,78,1,20,20,1.0
54,before,79,2,20,20,1.0
54,before,80,2,20,20,1.0
54,before,81,1,20,20,1.0
54,before,82,2,20,20,1.0
54,before,83,1,16,20,0.8
54,before,84,1,20,20,1.0
54,before,85,2,20,20,1.0
54,before,86,1,20,20,1.0
54,before,87,1,20,20,1.0
54,before,88,2,18,20,0.9
54,before,89,1,20,20,1.0
54,before,90,2,20,20,1.0
54,before,91,2,20,20,1.0
54,before,92,1,18,20,0.9
54,before,93,1,19,20,0.95
54,before,94,1,20,20,1.0
54,before,95,2,15,20,0.75
54,before,96,0,14,20,0.7
54,before,97,2,16,20,0.8
54,before,98,1,10,20,0.5
54,before,99,2,20,20,1.0
54,before,100,2,20,20,1.0
54,before,101,2,20,20,1.0
54,before,102,2,20,20,1.0
54,before,103,2,19,20,0.95
54,before,104,2,20,20,1.0
54,before,105,2,15,20,0.75
54,before,106,2,20,20,1.0
54,before,107,2,20,20,1.0
54,before,108,2,20,20,1.0
54,before,109,2,20,20,1.0
54,before,110,1,16,20,0.8
54,before,111,1,20,20,1.0
54,before,112,2,17,20,0.85
54,before,113,2,19,20,0.95
54,before,114,2,20,20,1.0
54,before,115,1,20,20,1.0
54,before,116,2,20,20,1.0
54,before,117,2,20,20,1.0
54,before,118,2,20,20,1.0
54,before,119,2,20,20,1.0
54,before,120,2,20,20,1.0
54,before,121,2,20,20,1.0
54,before,122,2,20,20,1.0
54,before,123,1,20,20,1.0
54,before,124,2,20,20,1.0
54,before,125,1,20,20,1.0
54,before,126,2,20,20,1.0
54,before,127,0,20,20,1.0
54,before,128,2,20,20,1.0
54,before,129,1,18,20,0.9
54,before,130,2,20,20,1.0
55,after,0,2,20,20,1.0
55,after,1,1,16,20,0.8
55,after,2,0,20,20,1.0
55,after,3,0,19,20,0.95
55,after,4,2,20,20,1.0
55,after,5,1,20,20,1.0
55,after,6,2,20,20,1.0
55,after,7,1,20,20,1.0
55,after,8,2,20,20,1.0
55,after,9,0,20,20,1.0
55,after,10,2,18,20,0.9
55,after,11,1,20,20,1.0
55,after,12,2,20,20,1.0
55,after,13,2,16,20,0.8
55,after,14,2,20,20,1.0
55,after,15,1,19,20,0.95
55,after,16,2,19,20,0.95
55,after,17,1,20,20,1.0
55,after,18,2,19,20,0.95
55,after,19,1,20,20,1.0
55,after,20,1,20,20,1.0
55,after,21,2,11,20,0.55
55,after,22,2,20,20,1.0
55,after,23,2,20,20,1.0
55,after,24,1,20,20,1.0
55,after,25,0,18,20,0.9
55,after,26,2,20,20,1.0
55,after,27,2,20,20,1.0
55,after,28,1,15,20,0.75
55,after,29,1,17,20,0.85
55,after,30,2,19,20,0.95
55,after,31,2,20,20,1.0
55,after,32,2,20,20,1.0
55,after,33,1,20,20,1.0
55,after,34,2,20,20,1.0
55,after,35,0,17,20,0.85
55,after,36,0,20,20,1.0
55,after,37,0,17,20,0.85
55,after,38,2,20,20,1.0
55,after,39,2,20,20,1.0
55,after,40,0,20,20,1.0
55,after,41,2,20,20,1.0
55,after,42,2,20,20,1.0
55,after,43,2,15,20,0.75
55,after,44,2,15,20,0.75
55,after,45,1,20,20,1.0
55,after,46,2,20,20,1.0
55,after,47,0,13,20,0.65
55,after,48,2,20,20,1.0
55,after,49,2,19,20,0.95
55,after,50,2,20,20,1.0
55,after,51,1,12,20,0.6
55,after,52,0,18,20,0.9
55,after,53,2,20,20,1.0
55,after,54,1,11,20,0.55
55,after,55,2,18,20,0.9
55,after,56,1,18,20,0.9
55,after,57,2,20,20,1.0
55,after,58,1,19,20,0.95
55,after,59,1,16,20,0.8
55,after,60,1,20,20,1.0
55,after,61,0,14,20,0.7
55,after,62,1,20,20,1.0
55,after,63,1,20,20,1.0
55,after,64,2,20,20,1.0
55,after,65,1,20,20,1.0
55,after,66,2,19,20,0.95
55,after,67,2,19,20,0.95
55,after,68,2,18,20,0.9
55,after,69,2,20,20,1.0
55,after,70,0,15,20,0.75
55,after,71,2,17,20,0.85
55,after,72,1,20,20,1.0
55,after,73,2,20,20,1.0
55,after,74,2,20,20,1.0
55,after,75,2,20,20,1.0
55,after,76,2,17,20,0.85
55,after,77,2,20,20,1.0
55,after,78,1,19,20,0.95
55,after,79,2,20,20,1.0
55,after,80,2,20,20,1.0
55,after,81,1,20,20,1.0
55,after,82,2,20,20,1.0
55,after,83,1,19,20,0.95
55,after,84,1,20,20,1.0
55,after,85,2,20,20,1.0
55,after,86,1,20,20,1.0
55,after,87,1,20,20,1.0
55,after,88,2,20,20,1.0
55,after,89,1,19,20,0.95
55,after,90,2,20,20,1.0
55,after,91,2,20,20,1.0
55,after,92,1,19,20,0.95
55,after,93,1,17,20,0.85
55,after,94,1,20,20,1.0
55,after,95,2,19,20,0.95
55,after,96,0,20,20,1.0
55,after,97,2,17,20,0.85
55,after,98,1,20,20,1.0
55,after,99,2,20,20,1.0
55,after,100,2,20,20,1.0
55,after,101,2,19,20,0.95
55,after,102,2,20,20,1.0
55,after,103,2,17,20,0.85
55,after,104,2,19,20,0.95
55,after,105,2,15,20,0.75
55,after,106,2,19,20,0.95
55,after,107,2,20,20,1.0
55,after,108,2,20,20,1.0
55,after,109,2,20,20,1.0
55,after,110,1,14,20,0.7
55,after,111,1,19,20,0.95
55,after,112,2,19,20,0.95
55,after,113,2,20,20,1.0
55,after,114,2,20,20,1.0
55,after,115,1,20,20,1.0
55,after,116,2,20,20,1.0
55,after,117,2,20,20,1.0
55,after,118,2,20,20,1.0
55,after,119,2,20,20,1.0
55,after,120,2,20,20,1.0
55,after,121,2,20,20,1.0
55,after,122,2,20,20,1.0
55,after,123,1,17,20,0.85
55,after,124,2,20,20,1.0
55,after,125,1,20,20,1.0
55,after,126,2,20,20,1.0
55,after,127,0,20,20,1.0
55,after,128,2,20,20,1.0
55,after,129,1,16,20,0.8
55,after,130,2,20,20,1.0
55,before,0,2,20,20,1.0
55,before,1,1,15,20,0.75
55,before,2,0,20,20,1.0
55,before,3,0,20,20,1.0
55,before,4,2,19,20,0.95
55,before,5,1,20,20,1.0
55,before,6,2,20,20,1.0
55,before,7,1,20,20,1.0
55,before,8,2,20,20,1.0
55,before,9,0,20,20,1.0
55,before,10,2,11,20,0.55
55,before,11,1,19,20,0.95
55,before,12,2,20,20,1.0
55,before,13,2,11,20,0.55
55,before,14,2,20,20,1.0
55,before,15,1,19,20,0.95
55,before,16,2,20,20,1.0
55,before,17,1,20,20,1.0
55,before,18,2,14,20,0.7
55,before,19,1,20,20,1.0
55,before,20,1,20,20,1.0
55,before,21,2,12,20,0.6
55,before,22,2,20,20,1.0
55,before,23,2,20,20,1.0
55,before,24,1,19,20,0.95
55,before,25,0,20,20,1.0
55,before,26,2,20,20,1.0
55,before,27,2,20,20,1.0
55,before,28,1,16,20,0.8
55,before,29,1,17,20,0.85
55,before,30,2,20,20,1.0
55,before,31,2,20,20,1.0
55,before,32,2,20,20,1.0
55,before,33,1,16,20,0.8
55,before,34,2,20,20,1.0
55,before,35,0,18,20,0.9
55,before,36,0,20,20,1.0
55,before,37,0,18,20,0.9
55,before,38,2,20,20,1.0
55,before,39,2,20,20,1.0
55,before,40,0,20,20,1.0
55,before,41,2,20,20,1.0
55,before,42,2,20,20,1.0
55,before,43,2,14,20,0.7
55,before,44,2,18,20,0.9
55,before,45,1,20,20,1.0
55,before,46,2,20,20,1.0
55,before,47,0,12,20,0.6
55,before,48,2,20,20,1.0
55,before,49,2,20,20,1.0
55,before,50,2,20,20,1.0
55,before,51,2,9,20,0.45
55,before,52,0,17,20,0.85
55,before,53,2,20,20,1.0
55,before,54,1,11,20,0.55
55,before,55,2,16,20,0.8
55,before,56,1,18,20,0.9
55,before,57,2,20,20,1.0
55,before,58,1,15,20,0.75
55,before,59,1,11,20,0.55
55,before,60,1,20,20,1.0
55,before,61,0,18,20,0.9
55,before,62,1,20,20,1.0
55,before,63,1,20,20,1.0
55,before,64,2,20,20,1.0
55,before,65,1,20,20,1.0
55,before,66,2,20,20,1.0
55,before,67,2,18,20,0.9
55,before,68,2,19,20,0.95
55,before,69,2,20,20,1.0
55,before,70,0,17,20,0.85
55,before,71,2,11,20,0.55
55,before,72,1,20,20,1.0
55,before,73,2,20,20,1.0
55,before,74,2,20,20,1.0
55,before,75,2,20,20,1.0
55,before,76,2,17,20,0.85
55,before,77,2,20,20,1.0
55,before,78,1,16,20,0.8
55,before,79,2,20,20,1.0
55,before,80,2,20,20,1.0
55,before,81,1,18,20,0.9
55,before,82,2,20,20,1.0
55,before,83,1,18,20,0.9
55,before,84,1,19,20,0.95
55,before,85,2,19,20,0.95
55,before,86,1,19,20,0.95
55,before,87,1,20,20,1.0
55,before,88,2,20,20,1.0
55,before,89,1,19,20,0.95
55,before,90,2,20,20,1.0
55,before,91,2,20,20,1.0
55,before,92,1,17,20,0.85
55,before,93,1,18,20,0.9
55,before,94,1,20,20,1.0
55,before,95,2,14,20,0.7
55,before,96,0,19,20,0.95
55,before,97,2,14,20,0.7
55,before,98,1,18,20,0.9
55,before,99,2,20,20,1.0
55,before,100,2,20,20,1.0
55,before,101,2,20,20,1.0
55,before,102,2,20,20,1.0
55,before,103,2,13,20,0.65
55,before,104,2,20,20,1.0
55,before,105,2,18,20,0.9
55,before,106,2,20,20,1.0
55,before,107,2,19,20,0.95
55,before,108,2,20,20,1.0
55,before,109,2,20,20,1.0
55,before,110,1,11,20,0.55
55,before,111,1,20,20,1.0
55,before,112,2,20,20,1.0
55,before,113,2,20,20,1.0
55,before,114,2,20,20,1.0
55,before,115,1,20,20,1.0
55,before,116,2,20,20,1.0
55,before,117,2,20,20,1.0
55,before,118,2,20,20,1.0
55,before,119,2,20,20,1.0
55,before,120,2,20,20,1.0
55,before,121,2,18,20,0.9
55,before,122,2,20,20,1.0
55,before,123,1,14,20,0.7
55,before,124,2,20,20,1.0
55,before,125,1,20,20,1.0
55,before,126,2,20,20,1.0
55,before,127,0,20,20,1.0
55,before,128,2,20,20,1.0
55,before,129,1,13,20,0.65
55,before,130,2,20,20,1.0
56,after,0,2,20,20,1.0
56,after,1,1,20,20,1.0
56,after,2,0,20,20,1.0
56,after,3,0,20,20,1.0
56,after,4,2,19,20,0.95
56,after,5,1,20,20,1.0
56,after,6,2,20,20,1.0
56,after,7,1,20,20,1.0
56,after,8,2,20,20,1.0
56,after,9,0,20,20,1.0
56,after,10,2,20,20,1.0
56,after,11,1,20,20,1.0
56,after,12,2,20,20,1.0
56,after,13,2,15,20,0.75
56,after,14,2,20,20,1.0
56,after,15,1,20,20,1.0
56,after,16,2,19,20,0.95
56,after,17,1,20,20,1.0
56,after,18,2,18,20,0.9
56,after,19,1,20,20,1.0
56,after,20,1,20,20,1.0
56,after,21,1,10,20,0.5
56,after,22,2,20,20,1.0
56,after,23,2,20,20,1.0
56,after,24,1,20,20,1.0
56,after,25,0,20,20,1.0
56,after,26,2,20,20,1.0
56,after,27,2,20,20,1.0
56,after,28,1,14,20,0.7
56,after,29,1,18,20,0.9
56,after,30,2,20,20,1.0
56,after,31,2,20,20,1.0
56,after,32,2,20,20,1.0
56,after,33,1,20,20,1.0
56,after,34,2,20,20,1.0
56,after,35,0,17,20,0.85
56,after,36,0,20,20,1.0
56,after,37,0,19,20,0.95
56,after,38,2,20,20,1.0
56,after,39,2,20,20,1.0
56,after,40,0,20,20,1.0
56,after,41,2,20,20,1.0
56,after,42,2,20,20,1.0
56,after,43,2,13,20,0.65
56,after,44,2,17,20,0.85
56,after,45,1,20,20,1.0
56,after,46,2,20,20,1.0
56,after,47,0,19,20,0.95
56,after,48,2,20,20,1.0
56,after,49,2,17,20,0.85
56,after,50,2,20,20,1.0
56,after,51,1,13,20,0.65
56,after,52,0,20,20,1.0
56,after,53,2,20,20,1.0
56,after,54,1,13,20,0.65
56,after,55,2,20,20,1.0
56,after,56,1,20,20,1.0
56,after,57,2,20,20,1.0
56,after,58,1,18,20,0.9
56,after,59,1,17,20,0.85
56,after,60,1,20,20,1.0
56,after,61,0,14,20,0.7
56,after,62,1,20,20,1.0
56,after,63,1,19,20,0.95
56,after,64,2,20,20,1.0
56,after,65,1,20,20,1.0
56,after,66,2,20,20,1.0
56,after,67,2,20,20,1.0
56,after,68,2,20,20,1.0
56,after,69,2,20,20,1.0
56,after,70,0,18,20,0.9
56,after,71,2,19,20,0.95
56,after,72,1,20,20,1.0
56,after,73,2,20,20,1.0
56,after,74,2,20,20,1.0
56,after,75,2,20,20,1.0
56,after,76,2,20,20,1.0
56,after,77,2,20,20,1.0
56,after,78,1,15,20,0.75
56,after,79,2,20,20,1.0
56,after,80,2,20,20,1.0
56,after,81,1,20,20,1.0
56,after,82,2,20,20,1.0
56,after,83,1,20,20,1.0
56,after,84,1,20,20,1.0
56,after,85,2,20,20,1.0
56,after,86,1,19,20,0.95
56,after,87,1,20,20,1.0
56,after,88,2,20,20,1.0
56,after,89,1,15,20,0.75
56,after,90,2,20,20,1.0
56,after,91,2,20,20,1.0
56,after,92,1,20,20,1.0
56,after,93,1,17,20,0.85
56,after,94,1,20,20,1.0
56,after,95,2,19,20,0.95
56,after,96,0,20,20,1.0
56,after,97,2,12,20,0.6
56,after,98,1,20,20,1.0
56,after,99,2,20,20,1.0
56,after,100,2,20,20,1.0
56,after,101,2,20,20,1.0
56,after,102,2,20,20,1.0
56,after,103,2,17,20,0.85
56,after,104,2,20,20,1.0
56,after,105,2,17,20,0.85
56,after,106,2,16,20,0.8
56,after,107,2,19,20,0.95
56,after,108,2,20,20,1.0
56,after,109,2,20,20,1.0
56,after,110,1,12,20,0.6
56,after,111,1,19,20,0.95
56,after,112,2,20,20,1.0
56,after,113,2,20,20,1.0
56,after,114,2,20,20,1.0
56,after,115,1,20,20,1.0
56,after,116,2,20,20,1.0
56,after,117,2,20,20,1.0
56,after,118,2,20,20,1.0
56,after,119,2,20,20,1.0
56,after,120,2,20,20,1.0
56,after,121,2,20,20,1.0
56,after,122,2,20,20,1.0
56,after,123,1,18,20,0.9
56,after,124,2,20,20,1.0
56,after,125,1,20,20,1.0
56,after,126,2,20,20,1.0
56,after,127,0,20,20,1.0
56,after,128,2,20,20,1.0
56,after,129,1,17,20,0.85
56,after,130,2,20,20,1.0
56,before,0,2,19,20,0.95
56,before,1,1,14,20,0.7
56,before,2,0,20,20,1.0
56,before,3,0,20,20,1.0
56,before,4,2,20,20,1.0
56,before,5,1,20,20,1.0
56,before,6,2,20,20,1.0
56,before,7,1,20,20,1.0
56,before,8,2,20,20,1.0
56,before,9,0,19,20,0.95
56,before,10,2,20,20,1.0
56,before,11,1,20,20,1.0
56,before,12,2,20,20,1.0
56,before,13,2,20,20,1.0
56,before,14,2,20,20,1.0
56,before,15,1,13,20,0.65
56,before,16,2,14,20,0.7
56,before,17,1,20,20,1.0
56,before,18,2,14,20,0.7
56,before,19,1,20,20,1.0
56,before,20,1,20,20,1.0
56,before,21,1,13,20,0.65
56,before,22,2,20,20,1.0
56,before,23,2,20,20,1.0
56,before,24,1,20,20,1.0
56,before,25,0,15,20,0.75
56,before,26,2,20,20,1.0
56,before,27,2,20,20,1.0
56,before,28,2,11,20,0.55
56,before,29,1,18,20,0.9
56,before,30,2,20,20,1.0
56,before,31,2,20,20,1.0
56,before,32,2,20,20,1.0
56,before,33,1,14,20,0.7
56,before,34,2,20,20,1.0
56,before,35,2,11,20,0.55
56,before,36,0,19,20,0.95
56,before,37,0,20,20,1.0
56,before,38,2,20,20,1.0
56,before,39,2,20,20,1.0
56,before,40,0,20,20,1.0
56,before,41,2,20,20,1.0
56,before,42,2,20,20,1.0
56,before,43,2,13,20,0.65
56,before,44,2,12,20,0.6
56,before,45,1,20,20,1.0
56,before,46,2,20,20,1.0
56,before,47,0,13,20,0.65
56,before,48,2,20,20,1.0
56,before,49,2,19,20,0.95
56,before,50,2,20,20,1.0
56,before,51,1,11,20,0.55
56,before,52,0,20,20,1.0
56,before,53,2,20,20,1.0
56,before,54,1,11,20,0.55
56,before,55,2,20,20,1.0
56,before,56,1,14,20,0.7
56,before,57,2,20,20,1.0
56,before,58,1,18,20,0.9
56,before,59,1,17,20,0.85
56,before,60,1,20,20,1.0
56,before,61,0,9,20,0.45
56,before,62,1,20,20,1.0
56,before,63,1,20,20,1.0
56,before,64,2,20,20,1.0
56,before,65,1,20,20,1.0
56,before,66,2,20,20,1.0
56,before,67,2,20,20,1.0
56,before,68,2,14,20,0.7
56,before,69,2,20,20,1.0
56,before,70,0,12,20,0.6
56,before,71,2,20,20,1.0
56,before,72,1,19,20,0.95
56,before,73,2,20,20,1.0
56,before,74,2,20,20,1.0
56,before,75,2,20,20,1.0
56,before,76,2,20,20,1.0
56,before,77,2,20,20,1.0
56,before,78,1,12,20,0.6
56,before,79,2,20,20,1.0
56,before,80,2,20,20,1.0
56,before,81,1,19,20,0.95
56,before,82,2,20,20,1.0
56,before,83,1,20,20,1.0
56,before,84,1,20,20,1.0
56,before,85,2,20,20,1.0
56,before,86,1,18,20,0.9
56,before,87,1,20,20,1.0
56,before,88,2,20,20,1.0
56,before,89,1,13,20,0.65
56,before,90,2,20,20,1.0
56,before,91,2,20,20,1.0
56,before,92,1,20,20,1.0
56,before,93,1,16,20,0.8
56,before,94,1,20,20,1.0
56,before,95,2,20,20,1.0
56,before,96,0,16,20,0.8
56,before,97,2,19,20,0.95
56,before,98,1,17,20,0.85
56,before,99,2,20,20,1.0
56,before,100,2,20,20,1.0
56,before,101,2,20,20,1.0
56,before,102,2,20,20,1.0
56,before,103,2,14,20,0.7
56,before,104,2,20,20,1.0
56,before,105,2,15,20,0.75
56,before,106,2,14,20,0.7
56,before,107,2,19,20,0.95
56,before,108,2,20,20,1.0
56,before,109,2,19,20,0.95
56,before,110,1,13,20,0.65
56,before,111,1,20,20,1.0
56,before,112,2,20,20,1.0
56,before,113,2,20,20,1.0
56,before,114,2,20,20,1.0
56,before,115,1,20,20,1.0
56,before,116,2,20,20,1.0
56,before,117,2,20,20,1.0
56,before,118,2,20,20,1.0
56,before,119,2,20,20,1.0
56,before,120,2,20,20,1.0
56,before,121,2,20,20,1.0
56,before,122,2,20,20,1.0
56,before,123,1,20,20,1.0
56,before,124,2,20,20,1.0
56,before,125,1,20,20,1.0
56,before,126,2,20,20,1.0
56,before,127,0,20,20,1.0
56,before,128,2,20,20,1.0
56,before,129,1,16,20,0.8
56,before,130,2,20,20,1.0
57,after,0,2,19,20,0.95
57,after,1,1,20,20,1.0
57,after,2,0,20,20,1.0
57,after,3,0,20,20,1.0
57,after,4,2,19,20,0.95
57,after,5,1,20,20,1.0
57,after,6,2,20,20,1.0
57,after,7,1,20,20,1.0
57,after,8,2,20,20,1.0
57,after,9,0,20,20,1.0
57,after,10,2,20,20,1.0
57,after,11,1,20,20,1.0
57,after,12,2,20,20,1.0
57,after,13,2,15,20,0.75
57,after,14,2,20,20,1.0
57,after,15,1,20,20,1.0
57,after,16,2,20,20,1.0
57,after,17,1,20,20,1.0
57,after,18,2,18,20,0.9
57,after,19,1,20,20,1.0
57,after,20,1,20,20,1.0
57,after,21,1,13,20,0.65
57,after,22,2,19,20,0.95
57,after,23,2,20,20,1.0
57,after,24,1,20,20,1.0
57,after,25,0,20,20,1.0
57,after,26,2,20,20,1.0
57,after,27,2,20,20,1.0
57,after,28,1,15,20,0.75
57,after,29,1,19,20,0.95
57,after,30,2,20,20,1.0
57,after,31,2,20,20,1.0
57,after,32,2,20,20,1.0
57,after,33,1,20,20,1.0
57,after,34,2,20,20,1.0
57,after,35,0,15,20,0.75
57,after,36,0,20,20,1.0
57,after,37,0,18,20,0.9
57,after,38,2,20,20,1.0
57,after,39,2,20,20,1.0
57,after,40,0,20,20,1.0
57,after,41,2,20,20,1.0
57,after,42,2,20,20,1.0
57,after,43,2,15,20,0.75
57,after,44,2,13,20,0.65
57,after,45,1,20,20,1.0
57,after,46,2,20,20,1.0
57,after,47,0,13,20,0.65
57,after,48,2,20,20,1.0
57,after,49,2,15,20,0.75
57,after,50,2,20,20,1.0
57,after,51,1,13,20,0.65
57,after,52,0,20,20,1.0
57,after,53,2,20,20,1.0
57,after,54,2,10,20,0.5
57,after,55,2,18,20,0.9
57,after,56,1,19,20,0.95
57,after,57,2,20,20,1.0
57,after,58,1,19,20,0.95
57,after,59,1,17,20,0.85
57,after,60,1,20,20,1.0
57,after,61,0,19,20,0.95
57,after,62,1,20,20,1.0
57,after,63,1,20,20,1.0
57,after,64,2,20,20,1.0
57,after,65,1,20,20,1.0
57,after,66,2,20,20,1.0
57,after,67,2,20,20,1.0
57,after,68,2,15,20,0.75
57,after,69,2,20,20,1.0
57,after,70,0,16,20,0.8
57,after,71,2,19,20,0.95
57,after,72,1,19,20,0.95
57,after,73,2,20,20,1.0
57,after,74,2,20,20,1.0
57,after,75,2,20,20,1.0
57,after,76,2,19,20,0.95
57,after,77,2,20,20,1.0
57,after,78,1,18,20,0.9
57,after,79,2,20,20,1.0
57,after,80,2,20,20,1.0
57,after,81,1,20,20,1.0
57,after,82,2,20,20,1.0
57,after,83,1,20,20,1.0
57,after,84,1,20,20,1.0
57,after,85,2,20,20,1.0
57,after,86,1,19,20,0.95
57,after,87,1,20,20,1.0
57,after,88,2,20,20,1.0
57,after,89,1,16,20,0.8
57,after,90,2,20,20,1.0
57,after,91,2,20,20,1.0
57,after,92,1,20,20,1.0
57,after,93,1,18,20,0.9
57,after,94,1,20,20,1.0
57,after,95,2,20,20,1.0
57,after,96,0,20,20,1.0
57,after,97,2,16,20,0.8
57,after,98,1,20,20,1.0
57,after,99,2,20,20,1.0
57,after,100,2,20,20,1.0
57,after,101,2,20,20,1.0
57,after,102,2,20,20,1.0
57,after,103,2,16,20,0.8
57,after,104,2,20,20,1.0
57,after,105,2,16,20,0.8
57,after,106,2,13,20,0.65
57,after,107,2,20,20,1.0
57,after,108,2,20,20,1.0
57,after,109,2,19,20,0.95
57,after,110,1,17,20,0.85
57,after,111,1,20,20,1.0
57,after,112,2,20,20,1.0
57,after,113,2,20,20,1.0
57,after,114,2,20,20,1.0
57,after,115,1,20,20,1.0
57,after,116,2,20,20,1.0
57,after,117,2,20,20,1.0
57,after,118,2,20,20,1.0
57,after,119,2,20,20,1.0
57,after,120,2,20,20,1.0
57,after,121,2,20,20,1.0
57,after,122,2,20,20,1.0
57,after,123,1,18,20,0.9
57,after,124,2,20,20,1.0
57,after,125,1,20,20,1.0
57,after,126,2,20,20,1.0
57,after,127,0,19,20,0.95
57,after,128,2,20,20,1.0
57,after,129,1,17,20,0.85
57,after,130,2,20,20,1.0
57,before,0,2,20,20,1.0
57,before,1,1,19,20,0.95
57,before,2,0,20,20,1.0
57,before,3,0,20,20,1.0
57,before,4,2,20,20,1.0
57,before,5,1,20,20,1.0
57,before,6,2,20,20,1.0
57,before,7,1,20,20,1.0
57,before,8,2,20,20,1.0
57,before,9,0,20,20,1.0
57,before,10,2,20,20,1.0
57,before,11,1,20,20,1.0
57,before,12,2,20,20,1.0
57,before,13,2,16,20,0.8
57,before,14,2,20,20,1.0
57,before,15,1,20,20,1.0
57,before,16,2,19,20,0.95
57,before,17,1,20,20,1.0
57,before,18,2,16,20,0.8
57,before,19,1,20,20,1.0
57,before,20,1,20,20,1.0
57,before,21,1,10,20,0.5
57,before,22,2,20,20,1.0
57,before,23,2,20,20,1.0
57,before,24,1,20,20,1.0
57,before,25,0,19,20,0.95
57,before,26,2,20,20,1.0
57,before,27,2,20,20,1.0
57,before,28,1,14,20,0.7
57,before,29,1,19,20,0.95
57,before,30,2,20,20,1.0
57,before,31,2,20,20,1.0
57,before,32,2,20,20,1.0
57,before,33,1,20,20,1.0
57,before,34,2,20,20,1.0
57,before,35,0,12,20,0.6
57,before,36,0,19,20,0.95
57,before,37,0,20,20,1.0
57,before,38,2,20,20,1.0
57,before,39,2,20,20,1.0
57,before,40,0,20,20,1.0
57,before,41,2,20,20,1.0
57,before,42,2,20,20,1.0
57,before,43,2,11,20,0.55
57,before,44,1,13,20,0.65
57,before,45,1,20,20,1.0
57,before,46,2,20,20,1.0
57,before,47,0,15,20,0.75
57,before,48,2,20,20,1.0
57,before,49,2,20,20,1.0
57,before,50,2,20,20,1.0
57,before,51,1,10,20,0.5
57,before,52,0,20,20,1.0
57,before,53,2,20,20,1.0
57,before,54,1,15,20,0.75
57,before,55,2,19,20,0.95
57,before,56,1,18,20,0.9
57,before,57,2,20,20,1.0
57,before,58,1,16,20,0.8
57,before,59,1,13,20,0.65
57,before,60,1,20,20,1.0
57,before,61,0,16,20,0.8
57,before,62,1,20,20,1.0
57,before,63,1,20,20,1.0
57,before,64,2,20,20,1.0
57,before,65,1,20,20,1.0
57,before,66,2,20,20,1.0
57,before,67,2,20,20,1.0
57,before,68,2,20,20,1.0
57,before,69,2,20,20,1.0
57,before,70,0,18,20,0.9
57,before,71,2,20,20,1.0
57,before,72,1,16,20,0.8
57,before,73,2,20,20,1.0
57,before,74,2,20,20,1.0
57,before,75,2,20,20,1.0
57,before,76,2,20,20,1.0
57,before,77,2,20,20,1.0
57,before,78,1,16,20,0.8
57,before,79,2,20,20,1.0
57,before,80,2,20,20,1.0
57,before,81,1,20,20,1.0
57,before,82,2,20,20,1.0
57,before,83,1,20,20,1.0
57,before,84,1,20,20,1.0
57,before,85,2,20,20,1.0
57,before,86,1,17,20,0.85
57,before,87,1,20,20,1.0
57,before,88,2,20,20,1.0
57,before,89,2,10,20,0.5
57,before,90,2,20,20,1.0
57,before,91,2,20,20,1.0
57,before,92,1,20,20,1.0
57,before,93,1,19,20,0.95
57,before,94,1,20,20,1.0
57,before,95,2,20,20,1.0
57,before,96,0,18,20,0.9
57,before,97,2,14,20,0.7
57,before,98,1,20,20,1.0
57,before,99,2,20,20,1.0
57,before,100,2,20,20,1.0
57,before,101,2,20,20,1.0
57,before,102,2,20,20,1.0
57,before,103,2,11,20,0.55
57,before,104,2,20,20,1.0
57,before,105,2,16,20,0.8
57,before,106,2,13,20,0.65
57,before,107,2,20,20,1.0
57,before,108,2,20,20,1.0
57,before,109,2,20,20,1.0
57,before,110,1,15,20,0.75
57,before,111,1,20,20,1.0
57,before,112,2,20,20,1.0
57,before,113,2,20,20,1.0
57,before,114,2,20,20,1.0
57,before,115,1,20,20,1.0
57,before,116,2,20,20,1.0
57,before,117,2,20,20,1.0
57,before,118,2,20,20,1.0
57,before,119,2,20,20,1.0
57,before,120,2,20,20,1.0
57,before,121,2,20,20,1.0
57,before,122,2,20,20,1.0
57,before,123,1,19,20,0.95
57,before,124,2,20,20,1.0
57,before,125,1,20,20,1.0
57,before,126,2,20,20,1.0
57,before,127,0,20,20,1.0
57,before,128,2,20,20,1.0
57,before,129,1,19,20,0.95
57,before,130,2,20,20,1.0
58,after,0,2,20,20,1.0
58,after,1,1,20,20,1.0
58,after,2,0,20,20,1.0
58,after,3,0,20,20,1.0
58,after,4,2,19,20,0.95
58,after,5,1,20,20,1.0
58,after,6,2,20,20,1.0
58,after,7,1,20,20,1.0
58,after,8,2,20,20,1.0
58,after,9,0,20,20,1.0
58,after,10,2,19,20,0.95
58,after,11,1,20,20,1.0
58,after,12,2,20,20,1.0
58,after,13,2,10,20,0.5
58,after,14,2,20,20,1.0
58,after,15,1,20,20,1.0
58,after,16,2,20,20,1.0
58,after,17,1,20,20,1.0
58,after,18,2,17,20,0.85
58,after,19,1,20,20,1.0
58,after,20,1,20,20,1.0
58,after,21,2,11,20,0.55
58,after,22,2,20,20,1.0
58,after,23,2,20,20,1.0
58,after,24,1,20,20,1.0
58,after,25,0,20,20,1.0
58,after,26,2,20,20,1.0
58,after,27,2,20,20,1.0
58,after,28,1,13,20,0.65
58,after,29,1,18,20,0.9
58,after,30,2,20,20,1.0
58,after,31,2,20,20,1.0
58,after,32,2,20,20,1.0
58,after,33,1,20,20,1.0
58,after,34,2,20,20,1.0
58,after,35,0,18,20,0.9
58,after,36,0,18,20,0.9
58,after,37,0,19,20,0.95
58,after,38,2,20,20,1.0
58,after,39,2,20,20,1.0
58,after,40,0,20,20,1.0
58,after,41,2,20,20,1.0
58,after,42,2,20,20,1.0
58,after,43,2,13,20,0.65
58,after,44,2,17,20,0.85
58,after,45,1,20,20,1.0
58,after,46,2,20,20,1.0
58,after,47,0,16,20,0.8
58,after,48,2,20,20,1.0
58,after,49,2,17,20,0.85
58,after,50,2,20,20,1.0
58,after,51,1,9,20,0.45
58,after,52,0,19,20,0.95
58,after,53,2,20,20,1.0
58,after,54,2,11,20,0.55
58,after,55,2,18,20,0.9
58,after,56,1,20,20,1.0
58,after,57,2,20,20,1.0
58,after,58,1,20,20,1.0
58,after,59,1,14,20,0.7
58,after,60,1,20,20,1.0
58,after,61,0,13,20,0.65
58,after,62,1,20,20,1.0
58,after,63,1,20,20,1.0
58,after,64,2,19,20,0.95
58,after,65,1,20,20,1.0
58,after,66,2,20,20,1.0
58,after,67,2,20,20,1.0
58,after,68,2,20,20,1.0
58,after,69,2,20,20,1.0
58,after,70,0,17,20,0.85
58,after,71,2,18,20,0.9
58,after,72,1,20,20,1.0
58,after,73,2,20,20,1.0
58,after,74,2,20,20,1.0
58,after,75,2,20,20,1.0
58,after,76,2,20,20,1.0
58,after,77,2,20,20,1.0
58,after,78,1,18,20,0.9
58,after,79,2,20,20,1.0
58,after,80,2,20,20,1.0
58,after,81,1,20,20,1.0
58,after,82,2,20,20,1.0
58,after,83,1,20,20,1.0
58,after,84,1,20,20,1.0
58,after,85,2,20,20,1.0
58,after,86,1,20,20,1.0
58,after,87,1,20,20,1.0
58,after,88,2,20,20,1.0
58,after,89,1,17,20,0.85
58,after,90,2,20,20,1.0
58,after,91,2,20,20,1.0
58,after,92,1,20,20,1.0
58,after,93,1,17,20,0.85
58,after,94,1,20,20,1.0
58,after,95,2,19,20,0.95
58,after,96,0,20,20,1.0
58,after,97,2,14,20,0.7
58,after,98,1,20,20,1.0
58,after,99,2,20,20,1.0
58,after,100,2,20,20,1.0
58,after,101,2,20,20,1.0
58,after,102,2,20,20,1.0
58,after,103,2,12,20,0.6
58,after,104,2,20,20,1.0
58,after,105,2,14,20,0.7
58,after,106,2,20,20,1.0
58,after,107,2,20,20,1.0
58,after,108,2,20,20,1.0
58,after,109,2,20,20,1.0
58,after,110,1,13,20,0.65
58,after,111,1,20,20,1.0
58,after,112,2,17,20,0.85
58,after,113,2,20,20,1.0
58,after,114,2,20,20,1.0
58,after,115,1,20,20,1.0
58,after,116,2,20,20,1.0
58,after,117,2,20,20,1.0
58,after,118,2,20,20,1.0
58,after,119,2,20,20,1.0
58,after,120,2,20,20,1.0
58,after,121,2,20,20,1.0
58,after,122,2,20,20,1.0
58,after,123,1,15,20,0.75
58,after,124,2,20,20,1.0
58,after,125,1,20,20,1.0
58,after,126,2,20,20,1.0
58,after,127,0,20,20,1.0
58,after,128,2,20,20,1.0
58,after,129,1,18,20,0.9
58,after,130,2,20,20,1.0
58,before,0,2,20,20,1.0
58,before,1,1,20,20,1.0
58,before,2,0,20,20,1.0
58,before,3,0,20,20,1.0
58,before,4,2,20,20,1.0
58,before,5,1,20,20,1.0
58,before,6,2,20,20,1.0
58,before,7,1,20,20,1.0
58,before,8,2,20,20,1.0
58,before,9,0,20,20,1.0
58,before,10,2,20,20,1.0
58,before,11,1,20,20,1.0
58,before,12,2,20,20,1.0
58,before,13,2,12,20,0.6
58,before,14,2,20,20,1.0
58,before,15,1,20,20,1.0
58,before,16,2,20,20,1.0
58,before,17,1,20,20,1.0
58,before,18,2,19,20,0.95
58,before,19,1,20,20,1.0
58,before,20,1,20,20,1.0
58,before,21,2,12,20,0.6
58,before,22,2,20,20,1.0
58,before,23,2,20,20,1.0
58,before,24,1,20,20,1.0
58,before,25,0,20,20,1.0
58,before,26,2,20,20,1.0
58,before,27,2,20,20,1.0
58,before,28,1,15,20,0.75
58,before,29,1,19,20,0.95
58,before,30,2,20,20,1.0
58,before,31,2,20,20,1.0
58,before,32,2,20,20,1.0
58,before,33,1,20,20,1.0
58,before,34,2,20,20,1.0
58,before,35,0,19,20,0.95
58,before,36,0,18,20,0.9
58,before,37,0,18,20,0.9
58,before,38,2,20,20,1.0
58,before,39,2,20,20,1.0
58,before,40,0,20,20,1.0
58,before,41,2,20,20,1.0
58,before,42,2,20,20,1.0
58,before,43,2,12,20,0.6
58,before,44,1,10,20,0.5
58,before,45,1,20,20,1.0
58,before,46,2,20,20,1.0
58,before,47,0,17,20,0.85
58,before,48,2,20,20,1.0
58,before,49,2,15,20,0.75
58,before,50,2,20,20,1.0
58,before,51,1,8,20,0.4
58,before,52,0,20,20,1.0
58,before,53,2,20,20,1.0
58,before,54,1,12,20,0.6
58,before,55,2,14,20,0.7
58,before,56,1,18,20,0.9
58,before,57,2,20,20,1.0
58,before,58,1,20,20,1.0
58,before,59,1,15,20,0.75
58,before,60,1,20,20,1.0
58,before,61,0,20,20,1.0
58,before,62,1,20,20,1.0
58,before,63,1,20,20,1.0
58,before,64,2,20,20,1.0
58,before,65,1,20,20,1.0
58,before,66,2,20,20,1.0
58,before,67,2,20,20,1.0
58,before,68,2,19,20,0.95
58,before,69,2,20,20,1.0
58,before,70,0,16,20,0.8
58,before,71,2,20,20,1.0
58,before,72,1,20,20,1.0
58,before,73,2,20,20,1.0
58,before,74,2,20,20,1.0
58,before,75,2,20,20,1.0
58,before,76,2,20,20,1.0
58,before,77,2,20,20,1.0
58,before,78,1,15,20,0.75
58,before,79,2,20,20,1.0
58,before,80,2,20,20,1.0
58,before,81,1,19,20,0.95
58,before,82,2,20,20,1.0
58,before,83,1,20,20,1.0
58,before,84,1,20,20,1.0
58,before,85,2,20,20,1.0
58,before,86,1,19,20,0.95
58,before,87,1,20,20,1.0
58,before,88,2,20,20,1.0
58,before,89,1,15,20,0.75
58,before,90,2,20,20,1.0
58,before,91,2,20,20,1.0
58,before,92,1,20,20,1.0
58,before,93,1,15,20,0.75
58,before,94,1,20,20,1.0
58,before,95,2,20,20,1.0
58,before,96,0,20,20,1.0
58,before,97,2,17,20,0.85
58,before,98,1,20,20,1.0
58,before,99,2,20,20,1.0
58,before,100,2,20,20,1.0
58,before,101,2,20,20,1.0
58,before,102,2,20,20,1.0
58,before,103,2,17,20,0.85
58,before,104,2,20,20,1.0
58,before,105,2,17,20,0.85
58,before,106,2,20,20,1.0
58,before,107,2,20,20,1.0
58,before,108,2,20,20,1.0
58,before,109,2,20,20,1.0
58,before,110,1,15,20,0.75
58,before,111,1,20,20,1.0
58,before,112,2,20,20,1.0
58,before,113,2,20,20,1.0
58,before,114,2,20,20,1.0
58,before,115,1,20,20,1.0
58,before,116,2,20,20,1.0
58,before,117,2,20,20,1.0
58,before,118,2,20,20,1.0
58,before,119,2,20,20,1.0
58,before,120,2,20,20,1.0
58,before,121,2,20,20,1.0
58,before,122,2,20,20,1.0
58,before,123,1,15,20,0.75
58,before,124,2,20,20,1.0
58,before,125,1,20,20,1.0
58,before,126,2,20,20,1.0
58,before,127,0,15,20,0.75
58,before,128,2,20,20,1.0
58,before,129,1,14,20,0.7
58,before,130,2,20,20,1.0
59,after,0,2,20,20,1.0
59,after,1,1,19,20,0.95
59,after,2,0,20,20,1.0
59,after,3,0,20,20,1.0
59,after,4,2,18,20,0.9
59,after,5,1,20,20,1.0
59,after,6,2,20,20,1.0
59,after,7,1,20,20,1.0
59,after,8,2,20,20,1.0
59,after,9,0,20,20,1.0
59,after,10,2,19,20,0.95
59,after,11,1,18,20,0.9
59,after,12,2,20,20,1.0
59,after,13,0,12,20,0.6
59,after,14,2,20,20,1.0
59,after,15,1,19,20,0.95
59,after,16,2,19,20,0.95
59,after,17,1,20,20,1.0
59,after,18,2,18,20,0.9
59,after,19,1,20,20,1.0
59,after,20,1,20,20,1.0
59,after,21,2,12,20,0.6
59,after,22,2,20,20,1.0
59,after,23,2,20,20,1.0
59,after,24,1,19,20,0.95
59,after,25,0,20,20,1.0
59,after,26,2,20,20,1.0
59,after,27,2,20,20,1.0
59,after,28,2,13,20,0.65
59,after,29,1,18,20,0.9
59,after,30,2,20,20,1.0
59,after,31,2,20,20,1.0
59,after,32,2,20,20,1.0
59,after,33,1,19,20,0.95
59,after,34,2,20,20,1.0
59,after,35,0,19,20,0.95
59,after,36,0,19,20,0.95
59,after,37,0,16,20,0.8
59,after,38,2,20,20,1.0
59,after,39,2,20,20,1.0
59,after,40,0,20,20,1.0
59,after,41,2,20,20,1.0
59,after,42,2,20,20,1.0
59,after,43,2,15,20,0.75
59,after,44,2,15,20,0.75
59,after,45,1,20,20,1.0
59,after,46,2,20,20,1.0
59,after,47,0,17,20,0.85
59,after,48,2,20,20,1.0
59,after,49,2,20,20,1.0
59,after,50,2,20,20,1.0
59,after,51,1,12,20,0.6
59,after,52,0,19,20,0.95
59,after,53,2,20,20,1.0
59,after,54,1,11,20,0.55
59,after,55,2,14,20,0.7
59,after,56,1,19,20,0.95
59,after,57,2,20,20,1.0
59,after,58,1,20,20,1.0
59,after,59,1,16,20,0.8
59,after,60,1,20,20,1.0
59,after,61,0,12,20,0.6
59,after,62,1,20,20,1.0
59,after,63,1,20,20,1.0
59,after,64,2,20,20,1.0
59,after,65,1,20,20,1.0
59,after,66,2,20,20,1.0
59,after,67,2,20,20,1.0
59,after,68,2,19,20,0.95
59,after,69,2,20,20,1.0
59,after,70,0,17,20,0.85
59,after,71,2,16,20,0.8
59,after,72,1,20,20,1.0
59,after,73,2,20,20,1.0
59,after,74,2,20,20,1.0
59,after,75,2,20,20,1.0
59,after,76,2,20,20,1.0
59,after,77,2,20,20,1.0
59,after,78,1,17,20,0.85
59,after,79,2,20,20,1.0
59,after,80,2,20,20,1.0
59,after,81,1,19,20,0.95
59,after,82,2,20,20,1.0
59,after,83,1,20,20,1.0
59,after,84,1,20,20,1.0
59,after,85,2,20,20,1.0
59,after,86,1,19,20,0.95
59,after,87,1,20,20,1.0
59,after,88,2,20,20,1.0
59,after,89,1,19,20,0.95
59,after,90,2,20,20,1.0
59,after,91,2,20,20,1.0
59,after,92,1,20,20,1.0
59,after,93,1,17,20,0.85
59,after,94,1,20,20,1.0
59,after,95,2,19,20,0.95
59,after,96,0,20,20,1.0
59,after,97,2,14,20,0.7
59,after,98,1,20,20,1.0
59,after,99,2,20,20,1.0
59,after,100,2,20,20,1.0
59,after,101,2,19,20,0.95
59,after,102,2,20,20,1.0
59,after,103,2,11,20,0.55
59,after,104,2,20,20,1.0
59,after,105,2,15,20,0.75
59,after,106,2,20,20,1.0
59,after,107,2,20,20,1.0
59,after,108,2,20,20,1.0
59,after,109,2,20,20,1.0
59,after,110,2,13,20,0.65
59,after,111,1,18,20,0.9
59,after,112,2,20,20,1.0
59,after,113,2,20,20,1.0
59,after,114,2,20,20,1.0
59,after,115,1,20,20,1.0
59,after,116,2,20,20,1.0
59,after,117,2,20,20,1.0
59,after,118,2,20,20,1.0
59,after,119,2,20,20,1.0
59,after,120,2,20,20,1.0
59,after,121,2,20,20,1.0
59,after,122,2,20,20,1.0
59,after,123,1,17,20,0.85
59,after,124,2,20,20,1.0
59,after,125,1,20,20,1.0
59,after,126,2,20,20,1.0
59,after,127,0,20,20,1.0
59,after,128,2,20,20,1.0
59,after,129,1,17,20,0.85
59,after,130,2,20,20,1.0
59,before,0,2,20,20,1.0
59,before,1,1,20,20,1.0
59,before,2,0,20,20,1.0
59,before,3,0,20,20,1.0
59,before,4,2,20,20,1.0
59,before,5,1,19,20,0.95
59,before,6,2,20,20,1.0
59,before,7,1,20,20,1.0
59,before,8,2,20,20,1.0
59,before,9,0,20,20,1.0
59,before,10,2,20,20,1.0
59,before,11,1,20,20,1.0
59,before,12,2,20,20,1.0
59,before,13,2,17,20,0.85
59,before,14,2,20,20,1.0
59,before,15,1,20,20,1.0
59,before,16,2,20,20,1.0
59,before,17,1,20,20,1.0
59,before,18,2,17,20,0.85
59,before,19,1,20,20,1.0
59,before,20,1,20,20,1.0
59,before,21,2,13,20,0.65
59,before,22,2,20,20,1.0
59,before,23,2,20,20,1.0
59,before,24,1,20,20,1.0
59,before,25,0,20,20,1.0
59,before,26,2,20,20,1.0
59,before,27,2,20,20,1.0
59,before,28,2,15,20,0.75
59,before,29,1,19,20,0.95
59,before,30,2,20,20,1.0
59,before,31,2,20,20,1.0
59,before,32,2,20,20,1.0
59,before,33,1,19,20,0.95
59,before,34,2,20,20,1.0
59,before,35,0,19,20,0.95
59,before,36,0,19,20,0.95
59,before,37,0,13,20,0.65
59,before,38,2,20,20,1.0
59,before,39,2,20,20,1.0
59,before,40,0,20,20,1.0
59,before,41,2,20,20,1.0
59,before,42,2,20,20,1.0
59,before,43,2,13,20,0.65
59,before,44,2,19,20,0.95
59,before,45,1,20,20,1.0
59,before,46,2,20,20,1.0
59,before,47,0,18,20,0.9
59,before,48,2,20,20,1.0
59,before,49,2,20,20,1.0
59,before,50,2,20,20,1.0
59,before,51,1,12,20,0.6
59,before,52,0,15,20,0.75
59,before,53,2,20,20,1.0
59,before,54,2,10,20,0.5
59,before,55,2,16,20,0.8
59,before,56,1,20,20,1.0
59,before,57,2,20,20,1.0
59,before,58,1,19,20,0.95
59,before,59,1,16,20,0.8
59,before,60,1,20,20,1.0
59,before,61,1,9,20,0.45
59,before,62,1,19,20,0.95
59,before,63,1,20,20,1.0
59,before,64,2,20,20,1.0
59,before,65,1,20,20,1.0
59,before,66,2,20,20,1.0
59,before,67,2,20,20,1.0
59,before,68,2,20,20,1.0
59,before,69,2,20,20,1.0
59,before,70,0,14,20,0.7
59,before,71,2,18,20,0.9
59,before,72,1,19,20,0.95
59,before,73,2,20,20,1.0
59,before,74,2,20,20,1.0
59,before,75,2,20,20,1.0
59,before,76,2,20,20,1.0
59,before,77,2,20,20,1.0
59,before,78,1,19,20,0.95
59,before,79,2,20,20,1.0
59,before,80,2,20,20,1.0
59,before,81,1,20,20,1.0
59,before,82,2,20,20,1.0
59,before,83,1,20,20,1.0
59,before,84,1,20,20,1.0
59,before,85,2,20,20,1.0
59,before,86,1,19,20,0.95
59,before,87,1,20,20,1.0
59,before,88,2,20,20,1.0
59,before,89,1,16,20,0.8
59,before,90,2,20,20,1.0
59,before,91,2,20,20,1.0
59,before,92,1,20,20,1.0
59,before,93,1,17,20,0.85
59,before,94,1,20,20,1.0
59,before,95,2,20,20,1.0
59,before,96,0,20,20,1.0
59,before,97,2,18,20,0.9
59,before,98,1,20,20,1.0
59,before,99,2,20,20,1.0
59,before,100,2,20,20,1.0
59,before,101,2,20,20,1.0
59,before,102,2,20,20,1.0
59,before,103,2,13,20,0.65
59,before,104,2,20,20,1.0
59,before,105,2,19,20,0.95
59,before,106,2,20,20,1.0
59,before,107,2,20,20,1.0
59,before,108,2,20,20,1.0
59,before,109,2,20,20,1.0
59,before,110,2,14,20,0.7
59,before,111,1,19,20,0.95
59,before,112,2,20,20,1.0
59,before,113,2,20,20,1.0
59,before,114,2,20,20,1.0
59,before,115,1,20,20,1.0
59,before,116,2,20,20,1.0
59,before,117,2,20,20,1.0
59,before,118,2,20,20,1.0
59,before,119,2,20,20,1.0
59,before,120,2,20,20,1.0
59,before,121,2,19,20,0.95
59,before,122,2,20,20,1.0
59,before,123,1,17,20,0.85
59,before,124,2,20,20,1.0
59,before,125,1,20,20,1.0
59,before,126,2,20,20,1.0
59,before,127,0,20,20,1.0
59,before,128,2,20,20,1.0
59,before,129,1,20,20,1.0
59,before,130,2,20,20,1.0
