generation,individual,pre_reward,post_reward,reward_gain,learning_steps,before_model,after_model
0,0,0.0,0.0,0.0,25000,Data/tmpModels/gen_0_ind_0_before.zip,Data/tmpModels/gen_0_ind_0_after.zip
0,1,0.0,0.0,0.0,25000,Data/tmpModels/gen_0_ind_1_before.zip,Data/tmpModels/gen_0_ind_1_after.zip
0,2,0.0,0.0,0.0,25000,Data/tmpModels/gen_0_ind_2_before.zip,Data/tmpModels/gen_0_ind_2_after.zip
0,3,0.0,0.0,0.0,25000,Data/tmpModels/gen_0_ind_3_before.zip,Data/tmpModels/gen_0_ind_3_after.zip
0,4,0.0,0.0,0.0,25000,Data/tmpModels/gen_0_ind_4_before.zip,Data/tmpModels/gen_0_ind_4_after.zip
0,5,0.0,0.0,0.0,25000,Data/tmpModels/gen_0_ind_5_before.zip,Data/tmpModels/gen_0_ind_5_after.zip
0,6,0.0,0.0,0.0,25000,Data/tmpModels/gen_0_ind_6_before.zip,Data/tmpModels/gen_0_ind_6_after.zip
0,7,0.0,0.0,0.0,25000,Data/tmpModels/gen_0_ind_7_before.zip,Data/tmpModels/gen_0_ind_7_after.zip
0,8,0.0,0.0,0.0,25000,Data/tmpModels/gen_0_ind_8_before.zip,Data/tmpModels/gen_0_ind_8_after.zip
0,9,0.0,0.0,0.0,25000,Data/tmpModels/gen_0_ind_9_before.zip,Data/tmpModels/gen_0_ind_9_after.zip
0,10,0.0,0.0,0.0,25000,Data/tmpModels/gen_0_ind_10_before.zip,Data/tmpModels/gen_0_ind_10_after.zip
0,11,0.0,0.0,0.0,25000,Data/tmpModels/gen_0_ind_11_before.zip,Data/tmpModels/gen_0_ind_11_after.zip
0,12,0.0,0.0,0.0,25000,Data/tmpModels/gen_0_ind_12_before.zip,Data/tmpModels/gen_0_ind_12_after.zip
0,13,0.0,0.0,0.0,25000,Data/tmpModels/gen_0_ind_13_before.zip,Data/tmpModels/gen_0_ind_13_after.zip
0,14,0.0,0.0,0.0,25000,Data/tmpModels/gen_0_ind_14_before.zip,Data/tmpModels/gen_0_ind_14_after.zip
0,15,0.0,0.0,0.0,25000,Data/tmpModels/gen_0_ind_15_before.zip,Data/tmpModels/gen_0_ind_15_after.zip
0,16,0.0,0.0,0.0,25000,Data/tmpModels/gen_0_ind_16_before.zip,Data/tmpModels/gen_0_ind_16_after.zip
0,17,0.0,0.0,0.0,25000,Data/tmpModels/gen_0_ind_17_before.zip,Data/tmpModels/gen_0_ind_17_after.zip
0,18,0.0,0.0,0.0,25000,Data/tmpModels/gen_0_ind_18_before.zip,Data/tmpModels/gen_0_ind_18_after.zip
0,19,0.0,0.0,0.0,25000,Data/tmpModels/gen_0_ind_19_before.zip,Data/tmpModels/gen_0_ind_19_after.zip
1,0,0.0,0.9586734771728516,0.9586734771728516,24583,Data/tmpModels/gen_1_ind_0_before.zip,Data/tmpModels/gen_1_ind_0_after.zip
1,1,0.0,0.0,0.0,24583,Data/tmpModels/gen_1_ind_1_before.zip,Data/tmpModels/gen_1_ind_1_after.zip
1,2,0.0,0.0,0.0,24583,Data/tmpModels/gen_1_ind_2_before.zip,Data/tmpModels/gen_1_ind_2_after.zip
1,3,0.0,0.0,0.0,24583,Data/tmpModels/gen_1_ind_3_before.zip,Data/tmpModels/gen_1_ind_3_after.zip
1,4,0.0,0.0,0.0,24583,Data/tmpModels/gen_1_ind_4_before.zip,Data/tmpModels/gen_1_ind_4_after.zip
1,5,0.0,0.0,0.0,24583,Data/tmpModels/gen_1_ind_5_before.zip,Data/tmpModels/gen_1_ind_5_after.zip
1,6,0.0,0.0,0.0,24583,Data/tmpModels/gen_1_ind_6_before.zip,Data/tmpModels/gen_1_ind_6_after.zip
1,7,0.0,0.0,0.0,24583,Data/tmpModels/gen_1_ind_7_before.zip,Data/tmpModels/gen_1_ind_7_after.zip
1,8,0.0,0.0,0.0,24583,Data/tmpModels/gen_1_ind_8_before.zip,Data/tmpModels/gen_1_ind_8_after.zip
1,9,0.0,0.0,0.0,24583,Data/tmpModels/gen_1_ind_9_before.zip,Data/tmpModels/gen_1_ind_9_after.zip
1,10,0.0,0.0,0.0,24583,Data/tmpModels/gen_1_ind_10_before.zip,Data/tmpModels/gen_1_ind_10_after.zip
1,11,0.9586734771728516,0.0,-0.9586734771728516,24583,Data/tmpModels/gen_1_ind_11_before.zip,Data/tmpModels/gen_1_ind_11_after.zip
1,12,0.0,0.0,0.0,24583,Data/tmpModels/gen_1_ind_12_before.zip,Data/tmpModels/gen_1_ind_12_after.zip
1,13,0.0,0.0,0.0,24583,Data/tmpModels/gen_1_ind_13_before.zip,Data/tmpModels/gen_1_ind_13_after.zip
1,14,0.0,0.0,0.0,24583,Data/tmpModels/gen_1_ind_14_before.zip,Data/tmpModels/gen_1_ind_14_after.zip
1,15,0.0,0.0,0.0,24583,Data/tmpModels/gen_1_ind_15_before.zip,Data/tmpModels/gen_1_ind_15_after.zip
1,16,0.0,0.0,0.0,24583,Data/tmpModels/gen_1_ind_16_before.zip,Data/tmpModels/gen_1_ind_16_after.zip
1,17,0.0,0.0,0.0,24583,Data/tmpModels/gen_1_ind_17_before.zip,Data/tmpModels/gen_1_ind_17_after.zip
1,18,0.0,0.0,0.0,24583,Data/tmpModels/gen_1_ind_18_before.zip,Data/tmpModels/gen_1_ind_18_after.zip
1,19,0.0,0.0,0.0,24583,Data/tmpModels/gen_1_ind_19_before.zip,Data/tmpModels/gen_1_ind_19_after.zip
2,0,0.0,0.0,0.0,24166,Data/tmpModels/gen_2_ind_0_before.zip,Data/tmpModels/gen_2_ind_0_after.zip
2,1,0.0,0.0,0.0,24166,Data/tmpModels/gen_2_ind_1_before.zip,Data/tmpModels/gen_2_ind_1_after.zip
2,2,0.0,0.0,0.0,24166,Data/tmpModels/gen_2_ind_2_before.zip,Data/tmpModels/gen_2_ind_2_after.zip
2,3,0.0,0.0,0.0,24166,Data/tmpModels/gen_2_ind_3_before.zip,Data/tmpModels/gen_2_ind_3_after.zip
2,4,0.0,0.0,0.0,24166,Data/tmpModels/gen_2_ind_4_before.zip,Data/tmpModels/gen_2_ind_4_after.zip
2,5,0.0,0.0,0.0,24166,Data/tmpModels/gen_2_ind_5_before.zip,Data/tmpModels/gen_2_ind_5_after.zip
2,6,0.0,0.0,0.0,24166,Data/tmpModels/gen_2_ind_6_before.zip,Data/tmpModels/gen_2_ind_6_after.zip
2,7,0.0,0.0,0.0,24166,Data/tmpModels/gen_2_ind_7_before.zip,Data/tmpModels/gen_2_ind_7_after.zip
2,8,0.9586734771728516,0.0,-0.9586734771728516,24166,Data/tmpModels/gen_2_ind_8_before.zip,Data/tmpModels/gen_2_ind_8_after.zip
2,9,0.0,0.0,0.0,24166,Data/tmpModels/gen_2_ind_9_before.zip,Data/tmpModels/gen_2_ind_9_after.zip
2,10,0.0,0.0,0.0,24166,Data/tmpModels/gen_2_ind_10_before.zip,Data/tmpModels/gen_2_ind_10_after.zip
2,11,0.0,0.0,0.0,24166,Data/tmpModels/gen_2_ind_11_before.zip,Data/tmpModels/gen_2_ind_11_after.zip
2,12,0.0,0.9448979496955872,0.9448979496955872,24166,Data/tmpModels/gen_2_ind_12_before.zip,Data/tmpModels/gen_2_ind_12_after.zip
2,13,0.0,0.0,0.0,24166,Data/tmpModels/gen_2_ind_13_before.zip,Data/tmpModels/gen_2_ind_13_after.zip
2,14,0.0,0.9448979496955872,0.9448979496955872,24166,Data/tmpModels/gen_2_ind_14_before.zip,Data/tmpModels/gen_2_ind_14_after.zip
2,15,0.0,0.0,0.0,24166,Data/tmpModels/gen_2_ind_15_before.zip,Data/tmpModels/gen_2_ind_15_after.zip
2,16,0.0,0.0,0.0,24166,Data/tmpModels/gen_2_ind_16_before.zip,Data/tmpModels/gen_2_ind_16_after.zip
2,17,0.0,0.0,0.0,24166,Data/tmpModels/gen_2_ind_17_before.zip,Data/tmpModels/gen_2_ind_17_after.zip
2,18,0.0,0.0,0.0,24166,Data/tmpModels/gen_2_ind_18_before.zip,Data/tmpModels/gen_2_ind_18_after.zip
2,19,0.0,0.0,0.0,24166,Data/tmpModels/gen_2_ind_19_before.zip,Data/tmpModels/gen_2_ind_19_after.zip
3,0,0.0,0.0,0.0,23750,Data/tmpModels/gen_3_ind_0_before.zip,Data/tmpModels/gen_3_ind_0_after.zip
3,1,0.0,0.0,0.0,23750,Data/tmpModels/gen_3_ind_1_before.zip,Data/tmpModels/gen_3_ind_1_after.zip
3,2,0.0,0.0,0.0,23750,Data/tmpModels/gen_3_ind_2_before.zip,Data/tmpModels/gen_3_ind_2_after.zip
3,3,0.0,0.0,0.0,23750,Data/tmpModels/gen_3_ind_3_before.zip,Data/tmpModels/gen_3_ind_3_after.zip
3,4,0.0,0.9448979496955872,0.9448979496955872,23750,Data/tmpModels/gen_3_ind_4_before.zip,Data/tmpModels/gen_3_ind_4_after.zip
3,5,0.9448979496955872,0.0,-0.9448979496955872,23750,Data/tmpModels/gen_3_ind_5_before.zip,Data/tmpModels/gen_3_ind_5_after.zip
3,6,0.9448979496955872,0.0,-0.9448979496955872,23750,Data/tmpModels/gen_3_ind_6_before.zip,Data/tmpModels/gen_3_ind_6_after.zip
3,7,0.0,0.0,0.0,23750,Data/tmpModels/gen_3_ind_7_before.zip,Data/tmpModels/gen_3_ind_7_after.zip
3,8,0.0,0.0,0.0,23750,Data/tmpModels/gen_3_ind_8_before.zip,Data/tmpModels/gen_3_ind_8_after.zip
3,9,0.0,0.0,0.0,23750,Data/tmpModels/gen_3_ind_9_before.zip,Data/tmpModels/gen_3_ind_9_after.zip
3,10,0.0,0.0,0.0,23750,Data/tmpModels/gen_3_ind_10_before.zip,Data/tmpModels/gen_3_ind_10_after.zip
3,11,0.0,0.9265305995941162,0.9265305995941162,23750,Data/tmpModels/gen_3_ind_11_before.zip,Data/tmpModels/gen_3_ind_11_after.zip
3,12,0.9448979496955872,0.0,-0.9448979496955872,23750,Data/tmpModels/gen_3_ind_12_before.zip,Data/tmpModels/gen_3_ind_12_after.zip
3,13,0.9311224222183228,0.0,-0.9311224222183228,23750,Data/tmpModels/gen_3_ind_13_before.zip,Data/tmpModels/gen_3_ind_13_after.zip
3,14,0.0,0.0,0.0,23750,Data/tmpModels/gen_3_ind_14_before.zip,Data/tmpModels/gen_3_ind_14_after.zip
3,15,0.0,0.0,0.0,23750,Data/tmpModels/gen_3_ind_15_before.zip,Data/tmpModels/gen_3_ind_15_after.zip
3,16,0.0,0.0,0.0,23750,Data/tmpModels/gen_3_ind_16_before.zip,Data/tmpModels/gen_3_ind_16_after.zip
3,17,0.0,0.9586734771728516,0.9586734771728516,23750,Data/tmpModels/gen_3_ind_17_before.zip,Data/tmpModels/gen_3_ind_17_after.zip
3,18,0.9448979496955872,0.0,-0.9448979496955872,23750,Data/tmpModels/gen_3_ind_18_before.zip,Data/tmpModels/gen_3_ind_18_after.zip
3,19,0.0,0.0,0.0,23750,Data/tmpModels/gen_3_ind_19_before.zip,Data/tmpModels/gen_3_ind_19_after.zip
4,0,0.0,0.0,0.0,23333,Data/tmpModels/gen_4_ind_0_before.zip,Data/tmpModels/gen_4_ind_0_after.zip
4,1,0.0,0.9448979496955872,0.9448979496955872,23333,Data/tmpModels/gen_4_ind_1_before.zip,Data/tmpModels/gen_4_ind_1_after.zip
4,2,0.954081654548645,0.0,-0.954081654548645,23333,Data/tmpModels/gen_4_ind_2_before.zip,Data/tmpModels/gen_4_ind_2_after.zip
4,3,0.9357143044471741,0.9219387769699097,-0.013775527477264404,23333,Data/tmpModels/gen_4_ind_3_before.zip,Data/tmpModels/gen_4_ind_3_after.zip
4,4,0.0,0.0,0.0,23333,Data/tmpModels/gen_4_ind_4_before.zip,Data/tmpModels/gen_4_ind_4_after.zip
4,5,0.9586734771728516,0.0,-0.9586734771728516,23333,Data/tmpModels/gen_4_ind_5_before.zip,Data/tmpModels/gen_4_ind_5_after.zip
4,6,0.9311224222183228,0.9357143044471741,0.004591882228851318,23333,Data/tmpModels/gen_4_ind_6_before.zip,Data/tmpModels/gen_4_ind_6_after.zip
4,7,0.0,0.0,0.0,23333,Data/tmpModels/gen_4_ind_7_before.zip,Data/tmpModels/gen_4_ind_7_after.zip
4,8,0.0,0.9448979496955872,0.9448979496955872,23333,Data/tmpModels/gen_4_ind_8_before.zip,Data/tmpModels/gen_4_ind_8_after.zip
4,9,0.9311224222183228,0.0,-0.9311224222183228,23333,Data/tmpModels/gen_4_ind_9_before.zip,Data/tmpModels/gen_4_ind_9_after.zip
4,10,0.9311224222183228,0.0,-0.9311224222183228,23333,Data/tmpModels/gen_4_ind_10_before.zip,Data/tmpModels/gen_4_ind_10_after.zip
4,11,0.9586734771728516,0.0,-0.9586734771728516,23333,Data/tmpModels/gen_4_ind_11_before.zip,Data/tmpModels/gen_4_ind_11_after.zip
4,12,0.0,0.0,0.0,23333,Data/tmpModels/gen_4_ind_12_before.zip,Data/tmpModels/gen_4_ind_12_after.zip
4,13,0.0,0.0,0.0,23333,Data/tmpModels/gen_4_ind_13_before.zip,Data/tmpModels/gen_4_ind_13_after.zip
4,14,0.9265305995941162,0.0,-0.9265305995941162,23333,Data/tmpModels/gen_4_ind_14_before.zip,Data/tmpModels/gen_4_ind_14_after.zip
4,15,0.0,0.0,0.0,23333,Data/tmpModels/gen_4_ind_15_before.zip,Data/tmpModels/gen_4_ind_15_after.zip
4,16,0.0,0.0,0.0,23333,Data/tmpModels/gen_4_ind_16_before.zip,Data/tmpModels/gen_4_ind_16_after.zip
4,17,0.0,0.0,0.0,23333,Data/tmpModels/gen_4_ind_17_before.zip,Data/tmpModels/gen_4_ind_17_after.zip
4,18,0.0,0.0,0.0,23333,Data/tmpModels/gen_4_ind_18_before.zip,Data/tmpModels/gen_4_ind_18_after.zip
4,19,0.0,0.0,0.0,23333,Data/tmpModels/gen_4_ind_19_before.zip,Data/tmpModels/gen_4_ind_19_after.zip
5,0,0.9586734771728516,0.0,-0.9586734771728516,22916,Data/tmpModels/gen_5_ind_0_before.zip,Data/tmpModels/gen_5_ind_0_after.zip
5,1,0.9448979496955872,0.9219387769699097,-0.02295917272567749,22916,Data/tmpModels/gen_5_ind_1_before.zip,Data/tmpModels/gen_5_ind_1_after.zip
5,2,0.0,0.0,0.0,22916,Data/tmpModels/gen_5_ind_2_before.zip,Data/tmpModels/gen_5_ind_2_after.zip
5,3,0.0,0.0,0.0,22916,Data/tmpModels/gen_5_ind_3_before.zip,Data/tmpModels/gen_5_ind_3_after.zip
5,4,0.0,0.0,0.0,22916,Data/tmpModels/gen_5_ind_4_before.zip,Data/tmpModels/gen_5_ind_4_after.zip
5,5,0.0,0.9219387769699097,0.9219387769699097,22916,Data/tmpModels/gen_5_ind_5_before.zip,Data/tmpModels/gen_5_ind_5_after.zip
5,6,0.9586734771728516,0.0,-0.9586734771728516,22916,Data/tmpModels/gen_5_ind_6_before.zip,Data/tmpModels/gen_5_ind_6_after.zip
5,7,0.9219387769699097,0.0,-0.9219387769699097,22916,Data/tmpModels/gen_5_ind_7_before.zip,Data/tmpModels/gen_5_ind_7_after.zip
5,8,0.0,0.0,0.0,22916,Data/tmpModels/gen_5_ind_8_before.zip,Data/tmpModels/gen_5_ind_8_after.zip
5,9,0.9311224222183228,0.9448979496955872,0.013775527477264404,22916,Data/tmpModels/gen_5_ind_9_before.zip,Data/tmpModels/gen_5_ind_9_after.zip
5,10,0.0,0.9448979496955872,0.9448979496955872,22916,Data/tmpModels/gen_5_ind_10_before.zip,Data/tmpModels/gen_5_ind_10_after.zip
5,11,0.0,0.9586734771728516,0.9586734771728516,22916,Data/tmpModels/gen_5_ind_11_before.zip,Data/tmpModels/gen_5_ind_11_after.zip
5,12,0.9357143044471741,0.9357143044471741,0.0,22916,Data/tmpModels/gen_5_ind_12_before.zip,Data/tmpModels/gen_5_ind_12_after.zip
5,13,0.0,0.9219387769699097,0.9219387769699097,22916,Data/tmpModels/gen_5_ind_13_before.zip,Data/tmpModels/gen_5_ind_13_after.zip
5,14,0.0,0.0,0.0,22916,Data/tmpModels/gen_5_ind_14_before.zip,Data/tmpModels/gen_5_ind_14_after.zip
5,15,0.0,0.0,0.0,22916,Data/tmpModels/gen_5_ind_15_before.zip,Data/tmpModels/gen_5_ind_15_after.zip
5,16,0.0,0.0,0.0,22916,Data/tmpModels/gen_5_ind_16_before.zip,Data/tmpModels/gen_5_ind_16_after.zip
5,17,0.9448979496955872,0.8943877816200256,-0.05051016807556152,22916,Data/tmpModels/gen_5_ind_17_before.zip,Data/tmpModels/gen_5_ind_17_after.zip
5,18,0.0,0.0,0.0,22916,Data/tmpModels/gen_5_ind_18_before.zip,Data/tmpModels/gen_5_ind_18_after.zip
5,19,0.0,0.9586734771728516,0.9586734771728516,22916,Data/tmpModels/gen_5_ind_19_before.zip,Data/tmpModels/gen_5_ind_19_after.zip
6,0,0.9219387769699097,0.0,-0.9219387769699097,22500,Data/tmpModels/gen_6_ind_0_before.zip,Data/tmpModels/gen_6_ind_0_after.zip
6,1,0.9219387769699097,0.9403061270713806,0.018367350101470947,22500,Data/tmpModels/gen_6_ind_1_before.zip,Data/tmpModels/gen_6_ind_1_after.zip
6,2,0.9448979496955872,0.0,-0.9448979496955872,22500,Data/tmpModels/gen_6_ind_2_before.zip,Data/tmpModels/gen_6_ind_2_after.zip
6,3,0.0,0.0,0.0,22500,Data/tmpModels/gen_6_ind_3_before.zip,Data/tmpModels/gen_6_ind_3_after.zip
6,4,0.9448979496955872,0.9311224222183228,-0.013775527477264404,22500,Data/tmpModels/gen_6_ind_4_before.zip,Data/tmpModels/gen_6_ind_4_after.zip
6,5,0.0,0.9586734771728516,0.9586734771728516,22500,Data/tmpModels/gen_6_ind_5_before.zip,Data/tmpModels/gen_6_ind_5_after.zip
6,6,0.0,0.9448979496955872,0.9448979496955872,22500,Data/tmpModels/gen_6_ind_6_before.zip,Data/tmpModels/gen_6_ind_6_after.zip
6,7,0.0,0.9586734771728516,0.9586734771728516,22500,Data/tmpModels/gen_6_ind_7_before.zip,Data/tmpModels/gen_6_ind_7_after.zip
6,8,0.9265305995941162,0.9311224222183228,0.004591822624206543,22500,Data/tmpModels/gen_6_ind_8_before.zip,Data/tmpModels/gen_6_ind_8_after.zip
6,9,0.9219387769699097,0.0,-0.9219387769699097,22500,Data/tmpModels/gen_6_ind_9_before.zip,Data/tmpModels/gen_6_ind_9_after.zip
6,10,0.9311224222183228,0.9311224222183228,0.0,22500,Data/tmpModels/gen_6_ind_10_before.zip,Data/tmpModels/gen_6_ind_10_after.zip
6,11,0.0,0.9219387769699097,0.9219387769699097,22500,Data/tmpModels/gen_6_ind_11_before.zip,Data/tmpModels/gen_6_ind_11_after.zip
6,12,0.0,0.0,0.0,22500,Data/tmpModels/gen_6_ind_12_before.zip,Data/tmpModels/gen_6_ind_12_after.zip
6,13,0.9586734771728516,0.9586734771728516,0.0,22500,Data/tmpModels/gen_6_ind_13_before.zip,Data/tmpModels/gen_6_ind_13_after.zip
6,14,0.9586734771728516,0.0,-0.9586734771728516,22500,Data/tmpModels/gen_6_ind_14_before.zip,Data/tmpModels/gen_6_ind_14_after.zip
6,15,0.0,0.9448979496955872,0.9448979496955872,22500,Data/tmpModels/gen_6_ind_15_before.zip,Data/tmpModels/gen_6_ind_15_after.zip
6,16,0.0,0.9219387769699097,0.9219387769699097,22500,Data/tmpModels/gen_6_ind_16_before.zip,Data/tmpModels/gen_6_ind_16_after.zip
6,17,0.0,0.9265305995941162,0.9265305995941162,22500,Data/tmpModels/gen_6_ind_17_before.zip,Data/tmpModels/gen_6_ind_17_after.zip
6,18,0.9586734771728516,0.9265305995941162,-0.03214287757873535,22500,Data/tmpModels/gen_6_ind_18_before.zip,Data/tmpModels/gen_6_ind_18_after.zip
6,19,0.0,0.0,0.0,22500,Data/tmpModels/gen_6_ind_19_before.zip,Data/tmpModels/gen_6_ind_19_after.zip
7,0,0.9127551317214966,0.9403061270713806,0.027550995349884033,22083,Data/tmpModels/gen_7_ind_0_before.zip,Data/tmpModels/gen_7_ind_0_after.zip
7,1,0.9448979496955872,0.9127551317214966,-0.032142817974090576,22083,Data/tmpModels/gen_7_ind_1_before.zip,Data/tmpModels/gen_7_ind_1_after.zip
7,2,0.0,0.0,0.0,22083,Data/tmpModels/gen_7_ind_2_before.zip,Data/tmpModels/gen_7_ind_2_after.zip
7,3,0.9311224222183228,0.0,-0.9311224222183228,22083,Data/tmpModels/gen_7_ind_3_before.zip,Data/tmpModels/gen_7_ind_3_after.zip
7,4,0.9448979496955872,0.0,-0.9448979496955872,22083,Data/tmpModels/gen_7_ind_4_before.zip,Data/tmpModels/gen_7_ind_4_after.zip
7,5,0.9586734771728516,0.9311224222183228,-0.02755105495452881,22083,Data/tmpModels/gen_7_ind_5_before.zip,Data/tmpModels/gen_7_ind_5_after.zip
7,6,0.9403061270713806,0.0,-0.9403061270713806,22083,Data/tmpModels/gen_7_ind_6_before.zip,Data/tmpModels/gen_7_ind_6_after.zip
7,7,0.9127551317214966,0.0,-0.9127551317214966,22083,Data/tmpModels/gen_7_ind_7_before.zip,Data/tmpModels/gen_7_ind_7_after.zip
7,8,0.9219387769699097,0.9494897723197937,0.027550995349884033,22083,Data/tmpModels/gen_7_ind_8_before.zip,Data/tmpModels/gen_7_ind_8_after.zip
7,9,0.9219387769699097,0.0,-0.9219387769699097,22083,Data/tmpModels/gen_7_ind_9_before.zip,Data/tmpModels/gen_7_ind_9_after.zip
7,10,0.0,0.9311224222183228,0.9311224222183228,22083,Data/tmpModels/gen_7_ind_10_before.zip,Data/tmpModels/gen_7_ind_10_after.zip
7,11,0.9448979496955872,0.9448979496955872,0.0,22083,Data/tmpModels/gen_7_ind_11_before.zip,Data/tmpModels/gen_7_ind_11_after.zip
7,12,0.9357143044471741,0.9311224222183228,-0.004591882228851318,22083,Data/tmpModels/gen_7_ind_12_before.zip,Data/tmpModels/gen_7_ind_12_after.zip
7,13,0.0,0.9127551317214966,0.9127551317214966,22083,Data/tmpModels/gen_7_ind_13_before.zip,Data/tmpModels/gen_7_ind_13_after.zip
7,14,0.0,0.9311224222183228,0.9311224222183228,22083,Data/tmpModels/gen_7_ind_14_before.zip,Data/tmpModels/gen_7_ind_14_after.zip
7,15,0.9448979496955872,0.9586734771728516,0.013775527477264404,22083,Data/tmpModels/gen_7_ind_15_before.zip,Data/tmpModels/gen_7_ind_15_after.zip
7,16,0.9357143044471741,0.9586734771728516,0.02295917272567749,22083,Data/tmpModels/gen_7_ind_16_before.zip,Data/tmpModels/gen_7_ind_16_after.zip
7,17,0.9586734771728516,0.0,-0.9586734771728516,22083,Data/tmpModels/gen_7_ind_17_before.zip,Data/tmpModels/gen_7_ind_17_after.zip
7,18,0.9219387769699097,0.9586734771728516,0.036734700202941895,22083,Data/tmpModels/gen_7_ind_18_before.zip,Data/tmpModels/gen_7_ind_18_after.zip
7,19,0.0,0.9494897723197937,0.9494897723197937,22083,Data/tmpModels/gen_7_ind_19_before.zip,Data/tmpModels/gen_7_ind_19_after.zip
8,0,0.0,0.9311224222183228,0.9311224222183228,21666,Data/tmpModels/gen_8_ind_0_before.zip,Data/tmpModels/gen_8_ind_0_after.zip
8,1,0.9035714268684387,0.9586734771728516,0.05510205030441284,21666,Data/tmpModels/gen_8_ind_1_before.zip,Data/tmpModels/gen_8_ind_1_after.zip
8,2,0.0,0.0,0.0,21666,Data/tmpModels/gen_8_ind_2_before.zip,Data/tmpModels/gen_8_ind_2_after.zip
8,3,0.9311224222183228,0.9448979496955872,0.013775527477264404,21666,Data/tmpModels/gen_8_ind_3_before.zip,Data/tmpModels/gen_8_ind_3_after.zip
8,4,0.0,0.9448979496955872,0.9448979496955872,21666,Data/tmpModels/gen_8_ind_4_before.zip,Data/tmpModels/gen_8_ind_4_after.zip
8,5,0.9357143044471741,0.9586734771728516,0.02295917272567749,21666,Data/tmpModels/gen_8_ind_5_before.zip,Data/tmpModels/gen_8_ind_5_after.zip
8,6,0.9586734771728516,0.9448979496955872,-0.013775527477264404,21666,Data/tmpModels/gen_8_ind_6_before.zip,Data/tmpModels/gen_8_ind_6_after.zip
8,7,0.9586734771728516,0.9448979496955872,-0.013775527477264404,21666,Data/tmpModels/gen_8_ind_7_before.zip,Data/tmpModels/gen_8_ind_7_after.zip
8,8,0.9219387769699097,0.9357143044471741,0.013775527477264404,21666,Data/tmpModels/gen_8_ind_8_before.zip,Data/tmpModels/gen_8_ind_8_after.zip
8,9,0.0,0.9494897723197937,0.9494897723197937,21666,Data/tmpModels/gen_8_ind_9_before.zip,Data/tmpModels/gen_8_ind_9_after.zip
8,10,0.9311224222183228,0.0,-0.9311224222183228,21666,Data/tmpModels/gen_8_ind_10_before.zip,Data/tmpModels/gen_8_ind_10_after.zip
8,11,0.9357143044471741,0.0,-0.9357143044471741,21666,Data/tmpModels/gen_8_ind_11_before.zip,Data/tmpModels/gen_8_ind_11_after.zip
8,12,0.9494897723197937,0.9448979496955872,-0.004591822624206543,21666,Data/tmpModels/gen_8_ind_12_before.zip,Data/tmpModels/gen_8_ind_12_after.zip
8,13,0.9448979496955872,0.0,-0.9448979496955872,21666,Data/tmpModels/gen_8_ind_13_before.zip,Data/tmpModels/gen_8_ind_13_after.zip
8,14,0.0,0.9494897723197937,0.9494897723197937,21666,Data/tmpModels/gen_8_ind_14_before.zip,Data/tmpModels/gen_8_ind_14_after.zip
8,15,0.9448979496955872,0.9403061270713806,-0.004591822624206543,21666,Data/tmpModels/gen_8_ind_15_before.zip,Data/tmpModels/gen_8_ind_15_after.zip
8,16,0.9311224222183228,0.9311224222183228,0.0,21666,Data/tmpModels/gen_8_ind_16_before.zip,Data/tmpModels/gen_8_ind_16_after.zip
8,17,0.9494897723197937,0.9035714268684387,-0.04591834545135498,21666,Data/tmpModels/gen_8_ind_17_before.zip,Data/tmpModels/gen_8_ind_17_after.zip
8,18,0.0,0.9494897723197937,0.9494897723197937,21666,Data/tmpModels/gen_8_ind_18_before.zip,Data/tmpModels/gen_8_ind_18_after.zip
8,19,0.0,0.0,0.0,21666,Data/tmpModels/gen_8_ind_19_before.zip,Data/tmpModels/gen_8_ind_19_after.zip
9,0,0.9494897723197937,0.9494897723197937,0.0,21250,Data/tmpModels/gen_9_ind_0_before.zip,Data/tmpModels/gen_9_ind_0_after.zip
9,1,0.9586734771728516,0.9586734771728516,0.0,21250,Data/tmpModels/gen_9_ind_1_before.zip,Data/tmpModels/gen_9_ind_1_after.zip
9,2,0.0,0.9448979496955872,0.9448979496955872,21250,Data/tmpModels/gen_9_ind_2_before.zip,Data/tmpModels/gen_9_ind_2_after.zip
9,3,0.9586734771728516,0.9448979496955872,-0.013775527477264404,21250,Data/tmpModels/gen_9_ind_3_before.zip,Data/tmpModels/gen_9_ind_3_after.zip
9,4,0.9448979496955872,0.9403061270713806,-0.004591822624206543,21250,Data/tmpModels/gen_9_ind_4_before.zip,Data/tmpModels/gen_9_ind_4_after.zip
9,5,0.9494897723197937,0.9586734771728516,0.009183704853057861,21250,Data/tmpModels/gen_9_ind_5_before.zip,Data/tmpModels/gen_9_ind_5_after.zip
9,6,0.9586734771728516,0.9219387769699097,-0.036734700202941895,21250,Data/tmpModels/gen_9_ind_6_before.zip,Data/tmpModels/gen_9_ind_6_after.zip
9,7,0.9219387769699097,0.9448979496955872,0.02295917272567749,21250,Data/tmpModels/gen_9_ind_7_before.zip,Data/tmpModels/gen_9_ind_7_after.zip
9,8,0.9494897723197937,0.9494897723197937,0.0,21250,Data/tmpModels/gen_9_ind_8_before.zip,Data/tmpModels/gen_9_ind_8_after.zip
9,9,0.9494897723197937,0.9035714268684387,-0.04591834545135498,21250,Data/tmpModels/gen_9_ind_9_before.zip,Data/tmpModels/gen_9_ind_9_after.zip
9,10,0.0,0.9586734771728516,0.9586734771728516,21250,Data/tmpModels/gen_9_ind_10_before.zip,Data/tmpModels/gen_9_ind_10_after.zip
9,11,0.9494897723197937,0.9403061270713806,-0.009183645248413086,21250,Data/tmpModels/gen_9_ind_11_before.zip,Data/tmpModels/gen_9_ind_11_after.zip
9,12,0.0,0.9448979496955872,0.9448979496955872,21250,Data/tmpModels/gen_9_ind_12_before.zip,Data/tmpModels/gen_9_ind_12_after.zip
9,13,0.0,0.9586734771728516,0.9586734771728516,21250,Data/tmpModels/gen_9_ind_13_before.zip,Data/tmpModels/gen_9_ind_13_after.zip
9,14,0.9311224222183228,0.0,-0.9311224222183228,21250,Data/tmpModels/gen_9_ind_14_before.zip,Data/tmpModels/gen_9_ind_14_after.zip
9,15,0.0,0.0,0.0,21250,Data/tmpModels/gen_9_ind_15_before.zip,Data/tmpModels/gen_9_ind_15_after.zip
9,16,0.9586734771728516,0.0,-0.9586734771728516,21250,Data/tmpModels/gen_9_ind_16_before.zip,Data/tmpModels/gen_9_ind_16_after.zip
9,17,0.0,0.9494897723197937,0.9494897723197937,21250,Data/tmpModels/gen_9_ind_17_before.zip,Data/tmpModels/gen_9_ind_17_after.zip
9,18,0.0,0.9586734771728516,0.9586734771728516,21250,Data/tmpModels/gen_9_ind_18_before.zip,Data/tmpModels/gen_9_ind_18_after.zip
9,19,0.0,0.9448979496955872,0.9448979496955872,21250,Data/tmpModels/gen_9_ind_19_before.zip,Data/tmpModels/gen_9_ind_19_after.zip
10,0,0.9448979496955872,0.9357143044471741,-0.009183645248413086,20833,Data/tmpModels/gen_10_ind_0_before.zip,Data/tmpModels/gen_10_ind_0_after.zip
10,1,0.9494897723197937,0.9448979496955872,-0.004591822624206543,20833,Data/tmpModels/gen_10_ind_1_before.zip,Data/tmpModels/gen_10_ind_1_after.zip
10,2,0.9311224222183228,0.9494897723197937,0.018367350101470947,20833,Data/tmpModels/gen_10_ind_2_before.zip,Data/tmpModels/gen_10_ind_2_after.zip
10,3,0.9586734771728516,0.9448979496955872,-0.013775527477264404,20833,Data/tmpModels/gen_10_ind_3_before.zip,Data/tmpModels/gen_10_ind_3_after.zip
10,4,0.0,0.9586734771728516,0.9586734771728516,20833,Data/tmpModels/gen_10_ind_4_before.zip,Data/tmpModels/gen_10_ind_4_after.zip
10,5,0.9403061270713806,0.9311224222183228,-0.009183704853057861,20833,Data/tmpModels/gen_10_ind_5_before.zip,Data/tmpModels/gen_10_ind_5_after.zip
10,6,0.9403061270713806,0.0,-0.9403061270713806,20833,Data/tmpModels/gen_10_ind_6_before.zip,Data/tmpModels/gen_10_ind_6_after.zip
10,7,0.0,0.9403061270713806,0.9403061270713806,20833,Data/tmpModels/gen_10_ind_7_before.zip,Data/tmpModels/gen_10_ind_7_after.zip
10,8,0.0,0.9494897723197937,0.9494897723197937,20833,Data/tmpModels/gen_10_ind_8_before.zip,Data/tmpModels/gen_10_ind_8_after.zip
10,9,0.9448979496955872,0.9448979496955872,0.0,20833,Data/tmpModels/gen_10_ind_9_before.zip,Data/tmpModels/gen_10_ind_9_after.zip
10,10,0.0,0.9586734771728516,0.9586734771728516,20833,Data/tmpModels/gen_10_ind_10_before.zip,Data/tmpModels/gen_10_ind_10_after.zip
10,11,0.0,0.0,0.0,20833,Data/tmpModels/gen_10_ind_11_before.zip,Data/tmpModels/gen_10_ind_11_after.zip
10,12,0.9586734771728516,0.0,-0.9586734771728516,20833,Data/tmpModels/gen_10_ind_12_before.zip,Data/tmpModels/gen_10_ind_12_after.zip
10,13,0.0,0.0,0.0,20833,Data/tmpModels/gen_10_ind_13_before.zip,Data/tmpModels/gen_10_ind_13_after.zip
10,14,0.9403061270713806,0.9403061270713806,0.0,20833,Data/tmpModels/gen_10_ind_14_before.zip,Data/tmpModels/gen_10_ind_14_after.zip
10,15,0.0,0.0,0.0,20833,Data/tmpModels/gen_10_ind_15_before.zip,Data/tmpModels/gen_10_ind_15_after.zip
10,16,0.9357143044471741,0.0,-0.9357143044471741,20833,Data/tmpModels/gen_10_ind_16_before.zip,Data/tmpModels/gen_10_ind_16_after.zip
10,17,0.0,0.9586734771728516,0.9586734771728516,20833,Data/tmpModels/gen_10_ind_17_before.zip,Data/tmpModels/gen_10_ind_17_after.zip
10,18,0.0,0.9311224222183228,0.9311224222183228,20833,Data/tmpModels/gen_10_ind_18_before.zip,Data/tmpModels/gen_10_ind_18_after.zip
10,19,0.0,0.9494897723197937,0.9494897723197937,20833,Data/tmpModels/gen_10_ind_19_before.zip,Data/tmpModels/gen_10_ind_19_after.zip
11,0,0.9494897723197937,0.9586734771728516,0.009183704853057861,20416,Data/tmpModels/gen_11_ind_0_before.zip,Data/tmpModels/gen_11_ind_0_after.zip
11,1,0.9586734771728516,0.9494897723197937,-0.009183704853057861,20416,Data/tmpModels/gen_11_ind_1_before.zip,Data/tmpModels/gen_11_ind_1_after.zip
11,2,0.9586734771728516,0.0,-0.9586734771728516,20416,Data/tmpModels/gen_11_ind_2_before.zip,Data/tmpModels/gen_11_ind_2_after.zip
11,3,0.9403061270713806,0.0,-0.9403061270713806,20416,Data/tmpModels/gen_11_ind_3_before.zip,Data/tmpModels/gen_11_ind_3_after.zip
11,4,0.9586734771728516,0.9494897723197937,-0.009183704853057861,20416,Data/tmpModels/gen_11_ind_4_before.zip,Data/tmpModels/gen_11_ind_4_after.zip
11,5,0.9311224222183228,0.9448979496955872,0.013775527477264404,20416,Data/tmpModels/gen_11_ind_5_before.zip,Data/tmpModels/gen_11_ind_5_after.zip
11,6,0.9448979496955872,0.9448979496955872,0.0,20416,Data/tmpModels/gen_11_ind_6_before.zip,Data/tmpModels/gen_11_ind_6_after.zip
11,7,0.9494897723197937,0.9586734771728516,0.009183704853057861,20416,Data/tmpModels/gen_11_ind_7_before.zip,Data/tmpModels/gen_11_ind_7_after.zip
11,8,0.0,0.9586734771728516,0.9586734771728516,20416,Data/tmpModels/gen_11_ind_8_before.zip,Data/tmpModels/gen_11_ind_8_after.zip
11,9,0.9448979496955872,0.9403061270713806,-0.004591822624206543,20416,Data/tmpModels/gen_11_ind_9_before.zip,Data/tmpModels/gen_11_ind_9_after.zip
11,10,0.9311224222183228,0.9357143044471741,0.004591882228851318,20416,Data/tmpModels/gen_11_ind_10_before.zip,Data/tmpModels/gen_11_ind_10_after.zip
11,11,0.9357143044471741,0.9494897723197937,0.013775467872619629,20416,Data/tmpModels/gen_11_ind_11_before.zip,Data/tmpModels/gen_11_ind_11_after.zip
11,12,0.0,0.0,0.0,20416,Data/tmpModels/gen_11_ind_12_before.zip,Data/tmpModels/gen_11_ind_12_after.zip
11,13,0.0,0.9494897723197937,0.9494897723197937,20416,Data/tmpModels/gen_11_ind_13_before.zip,Data/tmpModels/gen_11_ind_13_after.zip
11,14,0.9494897723197937,0.9586734771728516,0.009183704853057861,20416,Data/tmpModels/gen_11_ind_14_before.zip,Data/tmpModels/gen_11_ind_14_after.zip
11,15,0.9219387769699097,0.0,-0.9219387769699097,20416,Data/tmpModels/gen_11_ind_15_before.zip,Data/tmpModels/gen_11_ind_15_after.zip
11,16,0.9403061270713806,0.9448979496955872,0.004591822624206543,20416,Data/tmpModels/gen_11_ind_16_before.zip,Data/tmpModels/gen_11_ind_16_after.zip
11,17,0.9494897723197937,0.9357143044471741,-0.013775467872619629,20416,Data/tmpModels/gen_11_ind_17_before.zip,Data/tmpModels/gen_11_ind_17_after.zip
11,18,0.9448979496955872,0.9311224222183228,-0.013775527477264404,20416,Data/tmpModels/gen_11_ind_18_before.zip,Data/tmpModels/gen_11_ind_18_after.zip
11,19,0.9403061270713806,0.9586734771728516,0.018367350101470947,20416,Data/tmpModels/gen_11_ind_19_before.zip,Data/tmpModels/gen_11_ind_19_after.zip
12,0,0.9586734771728516,0.9403061270713806,-0.018367350101470947,20000,Data/tmpModels/gen_12_ind_0_before.zip,Data/tmpModels/gen_12_ind_0_after.zip
12,1,0.9494897723197937,0.9311224222183228,-0.018367350101470947,20000,Data/tmpModels/gen_12_ind_1_before.zip,Data/tmpModels/gen_12_ind_1_after.zip
12,2,0.9403061270713806,0.9403061270713806,0.0,20000,Data/tmpModels/gen_12_ind_2_before.zip,Data/tmpModels/gen_12_ind_2_after.zip
12,3,0.9494897723197937,0.9448979496955872,-0.004591822624206543,20000,Data/tmpModels/gen_12_ind_3_before.zip,Data/tmpModels/gen_12_ind_3_after.zip
12,4,0.9448979496955872,0.9311224222183228,-0.013775527477264404,20000,Data/tmpModels/gen_12_ind_4_before.zip,Data/tmpModels/gen_12_ind_4_after.zip
12,5,0.9494897723197937,0.0,-0.9494897723197937,20000,Data/tmpModels/gen_12_ind_5_before.zip,Data/tmpModels/gen_12_ind_5_after.zip
12,6,0.9448979496955872,0.9586734771728516,0.013775527477264404,20000,Data/tmpModels/gen_12_ind_6_before.zip,Data/tmpModels/gen_12_ind_6_after.zip
12,7,0.9127551317214966,0.9311224222183228,0.018367290496826172,20000,Data/tmpModels/gen_12_ind_7_before.zip,Data/tmpModels/gen_12_ind_7_after.zip
12,8,0.9494897723197937,0.9448979496955872,-0.004591822624206543,20000,Data/tmpModels/gen_12_ind_8_before.zip,Data/tmpModels/gen_12_ind_8_after.zip
12,9,0.9586734771728516,0.9494897723197937,-0.009183704853057861,20000,Data/tmpModels/gen_12_ind_9_before.zip,Data/tmpModels/gen_12_ind_9_after.zip
12,10,0.9403061270713806,0.9448979496955872,0.004591822624206543,20000,Data/tmpModels/gen_12_ind_10_before.zip,Data/tmpModels/gen_12_ind_10_after.zip
12,11,0.9494897723197937,0.9403061270713806,-0.009183645248413086,20000,Data/tmpModels/gen_12_ind_11_before.zip,Data/tmpModels/gen_12_ind_11_after.zip
12,12,0.0,0.9586734771728516,0.9586734771728516,20000,Data/tmpModels/gen_12_ind_12_before.zip,Data/tmpModels/gen_12_ind_12_after.zip
12,13,0.9448979496955872,0.0,-0.9448979496955872,20000,Data/tmpModels/gen_12_ind_13_before.zip,Data/tmpModels/gen_12_ind_13_after.zip
12,14,0.9448979496955872,0.9494897723197937,0.004591822624206543,20000,Data/tmpModels/gen_12_ind_14_before.zip,Data/tmpModels/gen_12_ind_14_after.zip
12,15,0.9494897723197937,0.0,-0.9494897723197937,20000,Data/tmpModels/gen_12_ind_15_before.zip,Data/tmpModels/gen_12_ind_15_after.zip
12,16,0.9448979496955872,0.9311224222183228,-0.013775527477264404,20000,Data/tmpModels/gen_12_ind_16_before.zip,Data/tmpModels/gen_12_ind_16_after.zip
12,17,0.9494897723197937,0.0,-0.9494897723197937,20000,Data/tmpModels/gen_12_ind_17_before.zip,Data/tmpModels/gen_12_ind_17_after.zip
12,18,0.9494897723197937,0.9586734771728516,0.009183704853057861,20000,Data/tmpModels/gen_12_ind_18_before.zip,Data/tmpModels/gen_12_ind_18_after.zip
12,19,0.9494897723197937,0.9494897723197937,0.0,20000,Data/tmpModels/gen_12_ind_19_before.zip,Data/tmpModels/gen_12_ind_19_after.zip
13,0,0.0,0.9311224222183228,0.9311224222183228,19583,Data/tmpModels/gen_13_ind_0_before.zip,Data/tmpModels/gen_13_ind_0_after.zip
13,1,0.9494897723197937,0.9357143044471741,-0.013775467872619629,19583,Data/tmpModels/gen_13_ind_1_before.zip,Data/tmpModels/gen_13_ind_1_after.zip
13,2,0.9494897723197937,0.9494897723197937,0.0,19583,Data/tmpModels/gen_13_ind_2_before.zip,Data/tmpModels/gen_13_ind_2_after.zip
13,3,0.9586734771728516,0.9586734771728516,0.0,19583,Data/tmpModels/gen_13_ind_3_before.zip,Data/tmpModels/gen_13_ind_3_after.zip
13,4,0.9494897723197937,0.9494897723197937,0.0,19583,Data/tmpModels/gen_13_ind_4_before.zip,Data/tmpModels/gen_13_ind_4_after.zip
13,5,0.9494897723197937,0.9311224222183228,-0.018367350101470947,19583,Data/tmpModels/gen_13_ind_5_before.zip,Data/tmpModels/gen_13_ind_5_after.zip
13,6,0.0,0.9494897723197937,0.9494897723197937,19583,Data/tmpModels/gen_13_ind_6_before.zip,Data/tmpModels/gen_13_ind_6_after.zip
13,7,0.9448979496955872,0.9311224222183228,-0.013775527477264404,19583,Data/tmpModels/gen_13_ind_7_before.zip,Data/tmpModels/gen_13_ind_7_after.zip
13,8,0.9586734771728516,0.9311224222183228,-0.02755105495452881,19583,Data/tmpModels/gen_13_ind_8_before.zip,Data/tmpModels/gen_13_ind_8_after.zip
13,9,0.9494897723197937,0.0,-0.9494897723197937,19583,Data/tmpModels/gen_13_ind_9_before.zip,Data/tmpModels/gen_13_ind_9_after.zip
13,10,0.9311224222183228,0.9494897723197937,0.018367350101470947,19583,Data/tmpModels/gen_13_ind_10_before.zip,Data/tmpModels/gen_13_ind_10_after.zip
13,11,0.0,0.9311224222183228,0.9311224222183228,19583,Data/tmpModels/gen_13_ind_11_before.zip,Data/tmpModels/gen_13_ind_11_after.zip
13,12,0.9219387769699097,0.9586734771728516,0.036734700202941895,19583,Data/tmpModels/gen_13_ind_12_before.zip,Data/tmpModels/gen_13_ind_12_after.zip
13,13,0.9494897723197937,0.9448979496955872,-0.004591822624206543,19583,Data/tmpModels/gen_13_ind_13_before.zip,Data/tmpModels/gen_13_ind_13_after.zip
13,14,0.0,0.9494897723197937,0.9494897723197937,19583,Data/tmpModels/gen_13_ind_14_before.zip,Data/tmpModels/gen_13_ind_14_after.zip
13,15,0.9586734771728516,0.8852040767669678,-0.07346940040588379,19583,Data/tmpModels/gen_13_ind_15_before.zip,Data/tmpModels/gen_13_ind_15_after.zip
13,16,0.0,0.9494897723197937,0.9494897723197937,19583,Data/tmpModels/gen_13_ind_16_before.zip,Data/tmpModels/gen_13_ind_16_after.zip
13,17,0.0,0.9494897723197937,0.9494897723197937,19583,Data/tmpModels/gen_13_ind_17_before.zip,Data/tmpModels/gen_13_ind_17_after.zip
13,18,0.9448979496955872,0.0,-0.9448979496955872,19583,Data/tmpModels/gen_13_ind_18_before.zip,Data/tmpModels/gen_13_ind_18_after.zip
13,19,0.9448979496955872,0.9494897723197937,0.004591822624206543,19583,Data/tmpModels/gen_13_ind_19_before.zip,Data/tmpModels/gen_13_ind_19_after.zip
14,0,0.9311224222183228,0.9586734771728516,0.02755105495452881,19166,Data/tmpModels/gen_14_ind_0_before.zip,Data/tmpModels/gen_14_ind_0_after.zip
14,1,0.9586734771728516,0.9494897723197937,-0.009183704853057861,19166,Data/tmpModels/gen_14_ind_1_before.zip,Data/tmpModels/gen_14_ind_1_after.zip
14,2,0.9448979496955872,0.9448979496955872,0.0,19166,Data/tmpModels/gen_14_ind_2_before.zip,Data/tmpModels/gen_14_ind_2_after.zip
14,3,0.9403061270713806,0.9403061270713806,0.0,19166,Data/tmpModels/gen_14_ind_3_before.zip,Data/tmpModels/gen_14_ind_3_after.zip
14,4,0.9357143044471741,0.0,-0.9357143044471741,19166,Data/tmpModels/gen_14_ind_4_before.zip,Data/tmpModels/gen_14_ind_4_after.zip
14,5,0.9586734771728516,0.9448979496955872,-0.013775527477264404,19166,Data/tmpModels/gen_14_ind_5_before.zip,Data/tmpModels/gen_14_ind_5_after.zip
14,6,0.9494897723197937,0.9219387769699097,-0.027550995349884033,19166,Data/tmpModels/gen_14_ind_6_before.zip,Data/tmpModels/gen_14_ind_6_after.zip
14,7,0.9357143044471741,0.9357143044471741,0.0,19166,Data/tmpModels/gen_14_ind_7_before.zip,Data/tmpModels/gen_14_ind_7_after.zip
14,8,0.9494897723197937,0.9494897723197937,0.0,19166,Data/tmpModels/gen_14_ind_8_before.zip,Data/tmpModels/gen_14_ind_8_after.zip
14,9,0.9494897723197937,0.9494897723197937,0.0,19166,Data/tmpModels/gen_14_ind_9_before.zip,Data/tmpModels/gen_14_ind_9_after.zip
14,10,0.0,0.9357143044471741,0.9357143044471741,19166,Data/tmpModels/gen_14_ind_10_before.zip,Data/tmpModels/gen_14_ind_10_after.zip
14,11,0.0,0.9494897723197937,0.9494897723197937,19166,Data/tmpModels/gen_14_ind_11_before.zip,Data/tmpModels/gen_14_ind_11_after.zip
14,12,0.9448979496955872,0.0,-0.9448979496955872,19166,Data/tmpModels/gen_14_ind_12_before.zip,Data/tmpModels/gen_14_ind_12_after.zip
14,13,0.9586734771728516,0.9494897723197937,-0.009183704853057861,19166,Data/tmpModels/gen_14_ind_13_before.zip,Data/tmpModels/gen_14_ind_13_after.zip
14,14,0.9494897723197937,0.9311224222183228,-0.018367350101470947,19166,Data/tmpModels/gen_14_ind_14_before.zip,Data/tmpModels/gen_14_ind_14_after.zip
14,15,0.0,0.9586734771728516,0.9586734771728516,19166,Data/tmpModels/gen_14_ind_15_before.zip,Data/tmpModels/gen_14_ind_15_after.zip
14,16,0.9586734771728516,0.9586734771728516,0.0,19166,Data/tmpModels/gen_14_ind_16_before.zip,Data/tmpModels/gen_14_ind_16_after.zip
14,17,0.9311224222183228,0.9494897723197937,0.018367350101470947,19166,Data/tmpModels/gen_14_ind_17_before.zip,Data/tmpModels/gen_14_ind_17_after.zip
14,18,0.9494897723197937,0.9586734771728516,0.009183704853057861,19166,Data/tmpModels/gen_14_ind_18_before.zip,Data/tmpModels/gen_14_ind_18_after.zip
14,19,0.9586734771728516,0.0,-0.9586734771728516,19166,Data/tmpModels/gen_14_ind_19_before.zip,Data/tmpModels/gen_14_ind_19_after.zip
15,0,0.9494897723197937,0.9403061270713806,-0.009183645248413086,18750,Data/tmpModels/gen_15_ind_0_before.zip,Data/tmpModels/gen_15_ind_0_after.zip
15,1,0.9311224222183228,0.9494897723197937,0.018367350101470947,18750,Data/tmpModels/gen_15_ind_1_before.zip,Data/tmpModels/gen_15_ind_1_after.zip
15,2,0.9448979496955872,0.9494897723197937,0.004591822624206543,18750,Data/tmpModels/gen_15_ind_2_before.zip,Data/tmpModels/gen_15_ind_2_after.zip
15,3,0.9311224222183228,0.9311224222183228,0.0,18750,Data/tmpModels/gen_15_ind_3_before.zip,Data/tmpModels/gen_15_ind_3_after.zip
15,4,0.9494897723197937,0.9586734771728516,0.009183704853057861,18750,Data/tmpModels/gen_15_ind_4_before.zip,Data/tmpModels/gen_15_ind_4_after.zip
15,5,0.9494897723197937,0.0,-0.9494897723197937,18750,Data/tmpModels/gen_15_ind_5_before.zip,Data/tmpModels/gen_15_ind_5_after.zip
15,6,0.9219387769699097,0.9494897723197937,0.027550995349884033,18750,Data/tmpModels/gen_15_ind_6_before.zip,Data/tmpModels/gen_15_ind_6_after.zip
15,7,0.9494897723197937,0.9494897723197937,0.0,18750,Data/tmpModels/gen_15_ind_7_before.zip,Data/tmpModels/gen_15_ind_7_after.zip
15,8,0.9494897723197937,0.0,-0.9494897723197937,18750,Data/tmpModels/gen_15_ind_8_before.zip,Data/tmpModels/gen_15_ind_8_after.zip
15,9,0.0,0.9311224222183228,0.9311224222183228,18750,Data/tmpModels/gen_15_ind_9_before.zip,Data/tmpModels/gen_15_ind_9_after.zip
15,10,0.0,0.9494897723197937,0.9494897723197937,18750,Data/tmpModels/gen_15_ind_10_before.zip,Data/tmpModels/gen_15_ind_10_after.zip
15,11,0.9586734771728516,0.9494897723197937,-0.009183704853057861,18750,Data/tmpModels/gen_15_ind_11_before.zip,Data/tmpModels/gen_15_ind_11_after.zip
15,12,0.9586734771728516,0.9494897723197937,-0.009183704853057861,18750,Data/tmpModels/gen_15_ind_12_before.zip,Data/tmpModels/gen_15_ind_12_after.zip
15,13,0.9494897723197937,0.9219387769699097,-0.027550995349884033,18750,Data/tmpModels/gen_15_ind_13_before.zip,Data/tmpModels/gen_15_ind_13_after.zip
15,14,0.0,0.0,0.0,18750,Data/tmpModels/gen_15_ind_14_before.zip,Data/tmpModels/gen_15_ind_14_after.zip
15,15,0.9448979496955872,0.9494897723197937,0.004591822624206543,18750,Data/tmpModels/gen_15_ind_15_before.zip,Data/tmpModels/gen_15_ind_15_after.zip
15,16,0.9448979496955872,0.9448979496955872,0.0,18750,Data/tmpModels/gen_15_ind_16_before.zip,Data/tmpModels/gen_15_ind_16_after.zip
15,17,0.0,0.9494897723197937,0.9494897723197937,18750,Data/tmpModels/gen_15_ind_17_before.zip,Data/tmpModels/gen_15_ind_17_after.zip
15,18,0.9403061270713806,0.9311224222183228,-0.009183704853057861,18750,Data/tmpModels/gen_15_ind_18_before.zip,Data/tmpModels/gen_15_ind_18_after.zip
15,19,0.9494897723197937,0.9494897723197937,0.0,18750,Data/tmpModels/gen_15_ind_19_before.zip,Data/tmpModels/gen_15_ind_19_after.zip
16,0,0.9494897723197937,0.9494897723197937,0.0,18333,Data/tmpModels/gen_16_ind_0_before.zip,Data/tmpModels/gen_16_ind_0_after.zip
16,1,0.9403061270713806,0.9494897723197937,0.009183645248413086,18333,Data/tmpModels/gen_16_ind_1_before.zip,Data/tmpModels/gen_16_ind_1_after.zip
16,2,0.9311224222183228,0.9586734771728516,0.02755105495452881,18333,Data/tmpModels/gen_16_ind_2_before.zip,Data/tmpModels/gen_16_ind_2_after.zip
16,3,0.9448979496955872,0.9311224222183228,-0.013775527477264404,18333,Data/tmpModels/gen_16_ind_3_before.zip,Data/tmpModels/gen_16_ind_3_after.zip
16,4,0.9311224222183228,0.9448979496955872,0.013775527477264404,18333,Data/tmpModels/gen_16_ind_4_before.zip,Data/tmpModels/gen_16_ind_4_after.zip
16,5,0.9448979496955872,0.0,-0.9448979496955872,18333,Data/tmpModels/gen_16_ind_5_before.zip,Data/tmpModels/gen_16_ind_5_after.zip
16,6,0.9448979496955872,0.0,-0.9448979496955872,18333,Data/tmpModels/gen_16_ind_6_before.zip,Data/tmpModels/gen_16_ind_6_after.zip
16,7,0.9311224222183228,0.9586734771728516,0.02755105495452881,18333,Data/tmpModels/gen_16_ind_7_before.zip,Data/tmpModels/gen_16_ind_7_after.zip
16,8,0.0,0.9403061270713806,0.9403061270713806,18333,Data/tmpModels/gen_16_ind_8_before.zip,Data/tmpModels/gen_16_ind_8_after.zip
16,9,0.9494897723197937,0.0,-0.9494897723197937,18333,Data/tmpModels/gen_16_ind_9_before.zip,Data/tmpModels/gen_16_ind_9_after.zip
16,10,0.9494897723197937,0.9494897723197937,0.0,18333,Data/tmpModels/gen_16_ind_10_before.zip,Data/tmpModels/gen_16_ind_10_after.zip
16,11,0.9448979496955872,0.9494897723197937,0.004591822624206543,18333,Data/tmpModels/gen_16_ind_11_before.zip,Data/tmpModels/gen_16_ind_11_after.zip
16,12,0.9586734771728516,0.0,-0.9586734771728516,18333,Data/tmpModels/gen_16_ind_12_before.zip,Data/tmpModels/gen_16_ind_12_after.zip
16,13,0.0,0.9494897723197937,0.9494897723197937,18333,Data/tmpModels/gen_16_ind_13_before.zip,Data/tmpModels/gen_16_ind_13_after.zip
16,14,0.9448979496955872,0.9494897723197937,0.004591822624206543,18333,Data/tmpModels/gen_16_ind_14_before.zip,Data/tmpModels/gen_16_ind_14_after.zip
16,15,0.9494897723197937,0.9311224222183228,-0.018367350101470947,18333,Data/tmpModels/gen_16_ind_15_before.zip,Data/tmpModels/gen_16_ind_15_after.zip
16,16,0.9448979496955872,0.9586734771728516,0.013775527477264404,18333,Data/tmpModels/gen_16_ind_16_before.zip,Data/tmpModels/gen_16_ind_16_after.zip
16,17,0.9586734771728516,0.0,-0.9586734771728516,18333,Data/tmpModels/gen_16_ind_17_before.zip,Data/tmpModels/gen_16_ind_17_after.zip
16,18,0.9494897723197937,0.0,-0.9494897723197937,18333,Data/tmpModels/gen_16_ind_18_before.zip,Data/tmpModels/gen_16_ind_18_after.zip
16,19,0.0,0.9494897723197937,0.9494897723197937,18333,Data/tmpModels/gen_16_ind_19_before.zip,Data/tmpModels/gen_16_ind_19_after.zip
17,0,0.9494897723197937,0.9494897723197937,0.0,17916,Data/tmpModels/gen_17_ind_0_before.zip,Data/tmpModels/gen_17_ind_0_after.zip
17,1,0.9357143044471741,0.9586734771728516,0.02295917272567749,17916,Data/tmpModels/gen_17_ind_1_before.zip,Data/tmpModels/gen_17_ind_1_after.zip
17,2,0.0,0.9448979496955872,0.9448979496955872,17916,Data/tmpModels/gen_17_ind_2_before.zip,Data/tmpModels/gen_17_ind_2_after.zip
17,3,0.9311224222183228,0.9448979496955872,0.013775527477264404,17916,Data/tmpModels/gen_17_ind_3_before.zip,Data/tmpModels/gen_17_ind_3_after.zip
17,4,0.0,0.0,0.0,17916,Data/tmpModels/gen_17_ind_4_before.zip,Data/tmpModels/gen_17_ind_4_after.zip
17,5,0.9586734771728516,0.9494897723197937,-0.009183704853057861,17916,Data/tmpModels/gen_17_ind_5_before.zip,Data/tmpModels/gen_17_ind_5_after.zip
17,6,0.9311224222183228,0.9494897723197937,0.018367350101470947,17916,Data/tmpModels/gen_17_ind_6_before.zip,Data/tmpModels/gen_17_ind_6_after.zip
17,7,0.0,0.9448979496955872,0.9448979496955872,17916,Data/tmpModels/gen_17_ind_7_before.zip,Data/tmpModels/gen_17_ind_7_after.zip
17,8,0.9586734771728516,0.9494897723197937,-0.009183704853057861,17916,Data/tmpModels/gen_17_ind_8_before.zip,Data/tmpModels/gen_17_ind_8_after.zip
17,9,0.9586734771728516,0.954081654548645,-0.004591822624206543,17916,Data/tmpModels/gen_17_ind_9_before.zip,Data/tmpModels/gen_17_ind_9_after.zip
17,10,0.9219387769699097,0.9311224222183228,0.009183645248413086,17916,Data/tmpModels/gen_17_ind_10_before.zip,Data/tmpModels/gen_17_ind_10_after.zip
17,11,0.9586734771728516,0.9265305995941162,-0.03214287757873535,17916,Data/tmpModels/gen_17_ind_11_before.zip,Data/tmpModels/gen_17_ind_11_after.zip
17,12,0.0,0.9311224222183228,0.9311224222183228,17916,Data/tmpModels/gen_17_ind_12_before.zip,Data/tmpModels/gen_17_ind_12_after.zip
17,13,0.9311224222183228,0.9494897723197937,0.018367350101470947,17916,Data/tmpModels/gen_17_ind_13_before.zip,Data/tmpModels/gen_17_ind_13_after.zip
17,14,0.9311224222183228,0.9311224222183228,0.0,17916,Data/tmpModels/gen_17_ind_14_before.zip,Data/tmpModels/gen_17_ind_14_after.zip
17,15,0.0,0.9494897723197937,0.9494897723197937,17916,Data/tmpModels/gen_17_ind_15_before.zip,Data/tmpModels/gen_17_ind_15_after.zip
17,16,0.9494897723197937,0.9586734771728516,0.009183704853057861,17916,Data/tmpModels/gen_17_ind_16_before.zip,Data/tmpModels/gen_17_ind_16_after.zip
17,17,0.9219387769699097,0.9586734771728516,0.036734700202941895,17916,Data/tmpModels/gen_17_ind_17_before.zip,Data/tmpModels/gen_17_ind_17_after.zip
17,18,0.9448979496955872,0.9403061270713806,-0.004591822624206543,17916,Data/tmpModels/gen_17_ind_18_before.zip,Data/tmpModels/gen_17_ind_18_after.zip
17,19,0.0,0.9494897723197937,0.9494897723197937,17916,Data/tmpModels/gen_17_ind_19_before.zip,Data/tmpModels/gen_17_ind_19_after.zip
18,0,0.9494897723197937,0.9357143044471741,-0.013775467872619629,17500,Data/tmpModels/gen_18_ind_0_before.zip,Data/tmpModels/gen_18_ind_0_after.zip
18,1,0.9311224222183228,0.0,-0.9311224222183228,17500,Data/tmpModels/gen_18_ind_1_before.zip,Data/tmpModels/gen_18_ind_1_after.zip
18,2,0.9494897723197937,0.954081654548645,0.004591882228851318,17500,Data/tmpModels/gen_18_ind_2_before.zip,Data/tmpModels/gen_18_ind_2_after.zip
18,3,0.9586734771728516,0.9586734771728516,0.0,17500,Data/tmpModels/gen_18_ind_3_before.zip,Data/tmpModels/gen_18_ind_3_after.zip
18,4,0.9311224222183228,0.9494897723197937,0.018367350101470947,17500,Data/tmpModels/gen_18_ind_4_before.zip,Data/tmpModels/gen_18_ind_4_after.zip
18,5,0.9311224222183228,0.9586734771728516,0.02755105495452881,17500,Data/tmpModels/gen_18_ind_5_before.zip,Data/tmpModels/gen_18_ind_5_after.zip
18,6,0.9494897723197937,0.9494897723197937,0.0,17500,Data/tmpModels/gen_18_ind_6_before.zip,Data/tmpModels/gen_18_ind_6_after.zip
18,7,0.9311224222183228,0.9494897723197937,0.018367350101470947,17500,Data/tmpModels/gen_18_ind_7_before.zip,Data/tmpModels/gen_18_ind_7_after.zip
18,8,0.9494897723197937,0.954081654548645,0.004591882228851318,17500,Data/tmpModels/gen_18_ind_8_before.zip,Data/tmpModels/gen_18_ind_8_after.zip
18,9,0.9311224222183228,0.9586734771728516,0.02755105495452881,17500,Data/tmpModels/gen_18_ind_9_before.zip,Data/tmpModels/gen_18_ind_9_after.zip
18,10,0.9586734771728516,0.9311224222183228,-0.02755105495452881,17500,Data/tmpModels/gen_18_ind_10_before.zip,Data/tmpModels/gen_18_ind_10_after.zip
18,11,0.9494897723197937,0.0,-0.9494897723197937,17500,Data/tmpModels/gen_18_ind_11_before.zip,Data/tmpModels/gen_18_ind_11_after.zip
18,12,0.9494897723197937,0.9494897723197937,0.0,17500,Data/tmpModels/gen_18_ind_12_before.zip,Data/tmpModels/gen_18_ind_12_after.zip
18,13,0.0,0.9311224222183228,0.9311224222183228,17500,Data/tmpModels/gen_18_ind_13_before.zip,Data/tmpModels/gen_18_ind_13_after.zip
18,14,0.0,0.9494897723197937,0.9494897723197937,17500,Data/tmpModels/gen_18_ind_14_before.zip,Data/tmpModels/gen_18_ind_14_after.zip
18,15,0.9494897723197937,0.9586734771728516,0.009183704853057861,17500,Data/tmpModels/gen_18_ind_15_before.zip,Data/tmpModels/gen_18_ind_15_after.zip
18,16,0.9586734771728516,0.9357143044471741,-0.02295917272567749,17500,Data/tmpModels/gen_18_ind_16_before.zip,Data/tmpModels/gen_18_ind_16_after.zip
18,17,0.9494897723197937,0.954081654548645,0.004591882228851318,17500,Data/tmpModels/gen_18_ind_17_before.zip,Data/tmpModels/gen_18_ind_17_after.zip
18,18,0.9448979496955872,0.9586734771728516,0.013775527477264404,17500,Data/tmpModels/gen_18_ind_18_before.zip,Data/tmpModels/gen_18_ind_18_after.zip
18,19,0.0,0.9494897723197937,0.9494897723197937,17500,Data/tmpModels/gen_18_ind_19_before.zip,Data/tmpModels/gen_18_ind_19_after.zip
19,0,0.9494897723197937,0.0,-0.9494897723197937,17083,Data/tmpModels/gen_19_ind_0_before.zip,Data/tmpModels/gen_19_ind_0_after.zip
19,1,0.0,0.9311224222183228,0.9311224222183228,17083,Data/tmpModels/gen_19_ind_1_before.zip,Data/tmpModels/gen_19_ind_1_after.zip
19,2,0.9357143044471741,0.9494897723197937,0.013775467872619629,17083,Data/tmpModels/gen_19_ind_2_before.zip,Data/tmpModels/gen_19_ind_2_after.zip
19,3,0.9586734771728516,0.9494897723197937,-0.009183704853057861,17083,Data/tmpModels/gen_19_ind_3_before.zip,Data/tmpModels/gen_19_ind_3_after.zip
19,4,0.0,0.9311224222183228,0.9311224222183228,17083,Data/tmpModels/gen_19_ind_4_before.zip,Data/tmpModels/gen_19_ind_4_after.zip
19,5,0.0,0.9586734771728516,0.9586734771728516,17083,Data/tmpModels/gen_19_ind_5_before.zip,Data/tmpModels/gen_19_ind_5_after.zip
19,6,0.0,0.9448979496955872,0.9448979496955872,17083,Data/tmpModels/gen_19_ind_6_before.zip,Data/tmpModels/gen_19_ind_6_after.zip
19,7,0.0,0.9494897723197937,0.9494897723197937,17083,Data/tmpModels/gen_19_ind_7_before.zip,Data/tmpModels/gen_19_ind_7_after.zip
19,8,0.954081654548645,0.9494897723197937,-0.004591882228851318,17083,Data/tmpModels/gen_19_ind_8_before.zip,Data/tmpModels/gen_19_ind_8_after.zip
19,9,0.0,0.9311224222183228,0.9311224222183228,17083,Data/tmpModels/gen_19_ind_9_before.zip,Data/tmpModels/gen_19_ind_9_after.zip
19,10,0.0,0.9586734771728516,0.9586734771728516,17083,Data/tmpModels/gen_19_ind_10_before.zip,Data/tmpModels/gen_19_ind_10_after.zip
19,11,0.0,0.9586734771728516,0.9586734771728516,17083,Data/tmpModels/gen_19_ind_11_before.zip,Data/tmpModels/gen_19_ind_11_after.zip
19,12,0.0,0.9494897723197937,0.9494897723197937,17083,Data/tmpModels/gen_19_ind_12_before.zip,Data/tmpModels/gen_19_ind_12_after.zip
19,13,0.9494897723197937,0.9311224222183228,-0.018367350101470947,17083,Data/tmpModels/gen_19_ind_13_before.zip,Data/tmpModels/gen_19_ind_13_after.zip
19,14,0.9586734771728516,0.954081654548645,-0.004591822624206543,17083,Data/tmpModels/gen_19_ind_14_before.zip,Data/tmpModels/gen_19_ind_14_after.zip
19,15,0.9494897723197937,0.9494897723197937,0.0,17083,Data/tmpModels/gen_19_ind_15_before.zip,Data/tmpModels/gen_19_ind_15_after.zip
19,16,0.0,0.9494897723197937,0.9494897723197937,17083,Data/tmpModels/gen_19_ind_16_before.zip,Data/tmpModels/gen_19_ind_16_after.zip
19,17,0.9448979496955872,0.9586734771728516,0.013775527477264404,17083,Data/tmpModels/gen_19_ind_17_before.zip,Data/tmpModels/gen_19_ind_17_after.zip
19,18,0.0,0.9494897723197937,0.9494897723197937,17083,Data/tmpModels/gen_19_ind_18_before.zip,Data/tmpModels/gen_19_ind_18_after.zip
19,19,0.9494897723197937,0.9311224222183228,-0.018367350101470947,17083,Data/tmpModels/gen_19_ind_19_before.zip,Data/tmpModels/gen_19_ind_19_after.zip
20,0,0.9494897723197937,0.9494897723197937,0.0,16666,Data/tmpModels/gen_20_ind_0_before.zip,Data/tmpModels/gen_20_ind_0_after.zip
20,1,0.9586734771728516,0.954081654548645,-0.004591822624206543,16666,Data/tmpModels/gen_20_ind_1_before.zip,Data/tmpModels/gen_20_ind_1_after.zip
20,2,0.9311224222183228,0.9448979496955872,0.013775527477264404,16666,Data/tmpModels/gen_20_ind_2_before.zip,Data/tmpModels/gen_20_ind_2_after.zip
20,3,0.9494897723197937,0.0,-0.9494897723197937,16666,Data/tmpModels/gen_20_ind_3_before.zip,Data/tmpModels/gen_20_ind_3_after.zip
20,4,0.9494897723197937,0.9586734771728516,0.009183704853057861,16666,Data/tmpModels/gen_20_ind_4_before.zip,Data/tmpModels/gen_20_ind_4_after.zip
20,5,0.9494897723197937,0.9586734771728516,0.009183704853057861,16666,Data/tmpModels/gen_20_ind_5_before.zip,Data/tmpModels/gen_20_ind_5_after.zip
20,6,0.9586734771728516,0.9494897723197937,-0.009183704853057861,16666,Data/tmpModels/gen_20_ind_6_before.zip,Data/tmpModels/gen_20_ind_6_after.zip
20,7,0.9494897723197937,0.9586734771728516,0.009183704853057861,16666,Data/tmpModels/gen_20_ind_7_before.zip,Data/tmpModels/gen_20_ind_7_after.zip
20,8,0.9494897723197937,0.9494897723197937,0.0,16666,Data/tmpModels/gen_20_ind_8_before.zip,Data/tmpModels/gen_20_ind_8_after.zip
20,9,0.9311224222183228,0.0,-0.9311224222183228,16666,Data/tmpModels/gen_20_ind_9_before.zip,Data/tmpModels/gen_20_ind_9_after.zip
20,10,0.9494897723197937,0.9494897723197937,0.0,16666,Data/tmpModels/gen_20_ind_10_before.zip,Data/tmpModels/gen_20_ind_10_after.zip
20,11,0.9494897723197937,0.0,-0.9494897723197937,16666,Data/tmpModels/gen_20_ind_11_before.zip,Data/tmpModels/gen_20_ind_11_after.zip
20,12,0.9448979496955872,0.9311224222183228,-0.013775527477264404,16666,Data/tmpModels/gen_20_ind_12_before.zip,Data/tmpModels/gen_20_ind_12_after.zip
20,13,0.9219387769699097,0.9494897723197937,0.027550995349884033,16666,Data/tmpModels/gen_20_ind_13_before.zip,Data/tmpModels/gen_20_ind_13_after.zip
20,14,0.0,0.9311224222183228,0.9311224222183228,16666,Data/tmpModels/gen_20_ind_14_before.zip,Data/tmpModels/gen_20_ind_14_after.zip
20,15,0.0,0.0,0.0,16666,Data/tmpModels/gen_20_ind_15_before.zip,Data/tmpModels/gen_20_ind_15_after.zip
20,16,0.9494897723197937,0.9586734771728516,0.009183704853057861,16666,Data/tmpModels/gen_20_ind_16_before.zip,Data/tmpModels/gen_20_ind_16_after.zip
20,17,0.0,0.9494897723197937,0.9494897723197937,16666,Data/tmpModels/gen_20_ind_17_before.zip,Data/tmpModels/gen_20_ind_17_after.zip
20,18,0.9494897723197937,0.9586734771728516,0.009183704853057861,16666,Data/tmpModels/gen_20_ind_18_before.zip,Data/tmpModels/gen_20_ind_18_after.zip
20,19,0.9586734771728516,0.9311224222183228,-0.02755105495452881,16666,Data/tmpModels/gen_20_ind_19_before.zip,Data/tmpModels/gen_20_ind_19_after.zip
21,0,0.9494897723197937,0.9586734771728516,0.009183704853057861,16250,Data/tmpModels/gen_21_ind_0_before.zip,Data/tmpModels/gen_21_ind_0_after.zip
21,1,0.9586734771728516,0.954081654548645,-0.004591822624206543,16250,Data/tmpModels/gen_21_ind_1_before.zip,Data/tmpModels/gen_21_ind_1_after.zip
21,2,0.9586734771728516,0.9494897723197937,-0.009183704853057861,16250,Data/tmpModels/gen_21_ind_2_before.zip,Data/tmpModels/gen_21_ind_2_after.zip
21,3,0.9586734771728516,0.9586734771728516,0.0,16250,Data/tmpModels/gen_21_ind_3_before.zip,Data/tmpModels/gen_21_ind_3_after.zip
21,4,0.9494897723197937,0.9494897723197937,0.0,16250,Data/tmpModels/gen_21_ind_4_before.zip,Data/tmpModels/gen_21_ind_4_after.zip
21,5,0.9494897723197937,0.9494897723197937,0.0,16250,Data/tmpModels/gen_21_ind_5_before.zip,Data/tmpModels/gen_21_ind_5_after.zip
21,6,0.0,0.9311224222183228,0.9311224222183228,16250,Data/tmpModels/gen_21_ind_6_before.zip,Data/tmpModels/gen_21_ind_6_after.zip
21,7,0.9311224222183228,0.954081654548645,0.022959232330322266,16250,Data/tmpModels/gen_21_ind_7_before.zip,Data/tmpModels/gen_21_ind_7_after.zip
21,8,0.9586734771728516,0.9586734771728516,0.0,16250,Data/tmpModels/gen_21_ind_8_before.zip,Data/tmpModels/gen_21_ind_8_after.zip
21,9,0.954081654548645,0.9586734771728516,0.004591822624206543,16250,Data/tmpModels/gen_21_ind_9_before.zip,Data/tmpModels/gen_21_ind_9_after.zip
21,10,0.9586734771728516,0.954081654548645,-0.004591822624206543,16250,Data/tmpModels/gen_21_ind_10_before.zip,Data/tmpModels/gen_21_ind_10_after.zip
21,11,0.954081654548645,0.0,-0.954081654548645,16250,Data/tmpModels/gen_21_ind_11_before.zip,Data/tmpModels/gen_21_ind_11_after.zip
21,12,0.9586734771728516,0.8943877816200256,-0.06428569555282593,16250,Data/tmpModels/gen_21_ind_12_before.zip,Data/tmpModels/gen_21_ind_12_after.zip
21,13,0.9403061270713806,0.9494897723197937,0.009183645248413086,16250,Data/tmpModels/gen_21_ind_13_before.zip,Data/tmpModels/gen_21_ind_13_after.zip
21,14,0.9311224222183228,0.0,-0.9311224222183228,16250,Data/tmpModels/gen_21_ind_14_before.zip,Data/tmpModels/gen_21_ind_14_after.zip
21,15,0.9448979496955872,0.9494897723197937,0.004591822624206543,16250,Data/tmpModels/gen_21_ind_15_before.zip,Data/tmpModels/gen_21_ind_15_after.zip
21,16,0.9448979496955872,0.9494897723197937,0.004591822624206543,16250,Data/tmpModels/gen_21_ind_16_before.zip,Data/tmpModels/gen_21_ind_16_after.zip
21,17,0.9494897723197937,0.9586734771728516,0.009183704853057861,16250,Data/tmpModels/gen_21_ind_17_before.zip,Data/tmpModels/gen_21_ind_17_after.zip
21,18,0.9311224222183228,0.9494897723197937,0.018367350101470947,16250,Data/tmpModels/gen_21_ind_18_before.zip,Data/tmpModels/gen_21_ind_18_after.zip
21,19,0.9494897723197937,0.9494897723197937,0.0,16250,Data/tmpModels/gen_21_ind_19_before.zip,Data/tmpModels/gen_21_ind_19_after.zip
22,0,0.9586734771728516,0.9586734771728516,0.0,15833,Data/tmpModels/gen_22_ind_0_before.zip,Data/tmpModels/gen_22_ind_0_after.zip
22,1,0.9494897723197937,0.9494897723197937,0.0,15833,Data/tmpModels/gen_22_ind_1_before.zip,Data/tmpModels/gen_22_ind_1_after.zip
22,2,0.9311224222183228,0.9494897723197937,0.018367350101470947,15833,Data/tmpModels/gen_22_ind_2_before.zip,Data/tmpModels/gen_22_ind_2_after.zip
22,3,0.954081654548645,0.9311224222183228,-0.022959232330322266,15833,Data/tmpModels/gen_22_ind_3_before.zip,Data/tmpModels/gen_22_ind_3_after.zip
22,4,0.9586734771728516,0.9586734771728516,0.0,15833,Data/tmpModels/gen_22_ind_4_before.zip,Data/tmpModels/gen_22_ind_4_after.zip
22,5,0.9494897723197937,0.9311224222183228,-0.018367350101470947,15833,Data/tmpModels/gen_22_ind_5_before.zip,Data/tmpModels/gen_22_ind_5_after.zip
22,6,0.0,0.0,0.0,15833,Data/tmpModels/gen_22_ind_6_before.zip,Data/tmpModels/gen_22_ind_6_after.zip
22,7,0.9311224222183228,0.9494897723197937,0.018367350101470947,15833,Data/tmpModels/gen_22_ind_7_before.zip,Data/tmpModels/gen_22_ind_7_after.zip
22,8,0.9494897723197937,0.9494897723197937,0.0,15833,Data/tmpModels/gen_22_ind_8_before.zip,Data/tmpModels/gen_22_ind_8_after.zip
22,9,0.954081654548645,0.9494897723197937,-0.004591882228851318,15833,Data/tmpModels/gen_22_ind_9_before.zip,Data/tmpModels/gen_22_ind_9_after.zip
22,10,0.954081654548645,0.9494897723197937,-0.004591882228851318,15833,Data/tmpModels/gen_22_ind_10_before.zip,Data/tmpModels/gen_22_ind_10_after.zip
22,11,0.0,0.9494897723197937,0.9494897723197937,15833,Data/tmpModels/gen_22_ind_11_before.zip,Data/tmpModels/gen_22_ind_11_after.zip
22,12,0.954081654548645,0.9494897723197937,-0.004591882228851318,15833,Data/tmpModels/gen_22_ind_12_before.zip,Data/tmpModels/gen_22_ind_12_after.zip
22,13,0.9586734771728516,0.9494897723197937,-0.009183704853057861,15833,Data/tmpModels/gen_22_ind_13_before.zip,Data/tmpModels/gen_22_ind_13_after.zip
22,14,0.9494897723197937,0.0,-0.9494897723197937,15833,Data/tmpModels/gen_22_ind_14_before.zip,Data/tmpModels/gen_22_ind_14_after.zip
22,15,0.9494897723197937,0.954081654548645,0.004591882228851318,15833,Data/tmpModels/gen_22_ind_15_before.zip,Data/tmpModels/gen_22_ind_15_after.zip
22,16,0.9494897723197937,0.9586734771728516,0.009183704853057861,15833,Data/tmpModels/gen_22_ind_16_before.zip,Data/tmpModels/gen_22_ind_16_after.zip
22,17,0.9586734771728516,0.9586734771728516,0.0,15833,Data/tmpModels/gen_22_ind_17_before.zip,Data/tmpModels/gen_22_ind_17_after.zip
22,18,0.9494897723197937,0.0,-0.9494897723197937,15833,Data/tmpModels/gen_22_ind_18_before.zip,Data/tmpModels/gen_22_ind_18_after.zip
22,19,0.954081654548645,0.9494897723197937,-0.004591882228851318,15833,Data/tmpModels/gen_22_ind_19_before.zip,Data/tmpModels/gen_22_ind_19_after.zip
23,0,0.9494897723197937,0.0,-0.9494897723197937,15416,Data/tmpModels/gen_23_ind_0_before.zip,Data/tmpModels/gen_23_ind_0_after.zip
23,1,0.9494897723197937,0.954081654548645,0.004591882228851318,15416,Data/tmpModels/gen_23_ind_1_before.zip,Data/tmpModels/gen_23_ind_1_after.zip
23,2,0.9311224222183228,0.9586734771728516,0.02755105495452881,15416,Data/tmpModels/gen_23_ind_2_before.zip,Data/tmpModels/gen_23_ind_2_after.zip
23,3,0.954081654548645,0.9494897723197937,-0.004591882228851318,15416,Data/tmpModels/gen_23_ind_3_before.zip,Data/tmpModels/gen_23_ind_3_after.zip
23,4,0.9494897723197937,0.9586734771728516,0.009183704853057861,15416,Data/tmpModels/gen_23_ind_4_before.zip,Data/tmpModels/gen_23_ind_4_after.zip
23,5,0.9586734771728516,0.9494897723197937,-0.009183704853057861,15416,Data/tmpModels/gen_23_ind_5_before.zip,Data/tmpModels/gen_23_ind_5_after.zip
23,6,0.0,0.9494897723197937,0.9494897723197937,15416,Data/tmpModels/gen_23_ind_6_before.zip,Data/tmpModels/gen_23_ind_6_after.zip
23,7,0.9494897723197937,0.954081654548645,0.004591882228851318,15416,Data/tmpModels/gen_23_ind_7_before.zip,Data/tmpModels/gen_23_ind_7_after.zip
23,8,0.0,0.9494897723197937,0.9494897723197937,15416,Data/tmpModels/gen_23_ind_8_before.zip,Data/tmpModels/gen_23_ind_8_after.zip
23,9,0.0,0.954081654548645,0.954081654548645,15416,Data/tmpModels/gen_23_ind_9_before.zip,Data/tmpModels/gen_23_ind_9_after.zip
23,10,0.9586734771728516,0.9311224222183228,-0.02755105495452881,15416,Data/tmpModels/gen_23_ind_10_before.zip,Data/tmpModels/gen_23_ind_10_after.zip
23,11,0.954081654548645,0.9311224222183228,-0.022959232330322266,15416,Data/tmpModels/gen_23_ind_11_before.zip,Data/tmpModels/gen_23_ind_11_after.zip
23,12,0.9494897723197937,0.9586734771728516,0.009183704853057861,15416,Data/tmpModels/gen_23_ind_12_before.zip,Data/tmpModels/gen_23_ind_12_after.zip
23,13,0.954081654548645,0.9494897723197937,-0.004591882228851318,15416,Data/tmpModels/gen_23_ind_13_before.zip,Data/tmpModels/gen_23_ind_13_after.zip
23,14,0.9494897723197937,0.9494897723197937,0.0,15416,Data/tmpModels/gen_23_ind_14_before.zip,Data/tmpModels/gen_23_ind_14_after.zip
23,15,0.954081654548645,0.9127551317214966,-0.04132652282714844,15416,Data/tmpModels/gen_23_ind_15_before.zip,Data/tmpModels/gen_23_ind_15_after.zip
23,16,0.9448979496955872,0.9494897723197937,0.004591822624206543,15416,Data/tmpModels/gen_23_ind_16_before.zip,Data/tmpModels/gen_23_ind_16_after.zip
23,17,0.9311224222183228,0.9494897723197937,0.018367350101470947,15416,Data/tmpModels/gen_23_ind_17_before.zip,Data/tmpModels/gen_23_ind_17_after.zip
23,18,0.9494897723197937,0.9494897723197937,0.0,15416,Data/tmpModels/gen_23_ind_18_before.zip,Data/tmpModels/gen_23_ind_18_after.zip
23,19,0.9494897723197937,0.9311224222183228,-0.018367350101470947,15416,Data/tmpModels/gen_23_ind_19_before.zip,Data/tmpModels/gen_23_ind_19_after.zip
24,0,0.9586734771728516,0.9586734771728516,0.0,15000,Data/tmpModels/gen_24_ind_0_before.zip,Data/tmpModels/gen_24_ind_0_after.zip
24,1,0.9586734771728516,0.954081654548645,-0.004591822624206543,15000,Data/tmpModels/gen_24_ind_1_before.zip,Data/tmpModels/gen_24_ind_1_after.zip
24,2,0.9311224222183228,0.9494897723197937,0.018367350101470947,15000,Data/tmpModels/gen_24_ind_2_before.zip,Data/tmpModels/gen_24_ind_2_after.zip
24,3,0.0,0.9586734771728516,0.9586734771728516,15000,Data/tmpModels/gen_24_ind_3_before.zip,Data/tmpModels/gen_24_ind_3_after.zip
24,4,0.9127551317214966,0.9586734771728516,0.04591834545135498,15000,Data/tmpModels/gen_24_ind_4_before.zip,Data/tmpModels/gen_24_ind_4_after.zip
24,5,0.0,0.9494897723197937,0.9494897723197937,15000,Data/tmpModels/gen_24_ind_5_before.zip,Data/tmpModels/gen_24_ind_5_after.zip
24,6,0.9494897723197937,0.9127551317214966,-0.03673464059829712,15000,Data/tmpModels/gen_24_ind_6_before.zip,Data/tmpModels/gen_24_ind_6_after.zip
24,7,0.9494897723197937,0.0,-0.9494897723197937,15000,Data/tmpModels/gen_24_ind_7_before.zip,Data/tmpModels/gen_24_ind_7_after.zip
24,8,0.0,0.9586734771728516,0.9586734771728516,15000,Data/tmpModels/gen_24_ind_8_before.zip,Data/tmpModels/gen_24_ind_8_after.zip
24,9,0.0,0.9586734771728516,0.9586734771728516,15000,Data/tmpModels/gen_24_ind_9_before.zip,Data/tmpModels/gen_24_ind_9_after.zip
24,10,0.954081654548645,0.9494897723197937,-0.004591882228851318,15000,Data/tmpModels/gen_24_ind_10_before.zip,Data/tmpModels/gen_24_ind_10_after.zip
24,11,0.9494897723197937,0.9586734771728516,0.009183704853057861,15000,Data/tmpModels/gen_24_ind_11_before.zip,Data/tmpModels/gen_24_ind_11_after.zip
24,12,0.0,0.9586734771728516,0.9586734771728516,15000,Data/tmpModels/gen_24_ind_12_before.zip,Data/tmpModels/gen_24_ind_12_after.zip
24,13,0.954081654548645,0.954081654548645,0.0,15000,Data/tmpModels/gen_24_ind_13_before.zip,Data/tmpModels/gen_24_ind_13_after.zip
24,14,0.9494897723197937,0.9494897723197937,0.0,15000,Data/tmpModels/gen_24_ind_14_before.zip,Data/tmpModels/gen_24_ind_14_after.zip
24,15,0.9357143044471741,0.954081654548645,0.018367350101470947,15000,Data/tmpModels/gen_24_ind_15_before.zip,Data/tmpModels/gen_24_ind_15_after.zip
24,16,0.9586734771728516,0.954081654548645,-0.004591822624206543,15000,Data/tmpModels/gen_24_ind_16_before.zip,Data/tmpModels/gen_24_ind_16_after.zip
24,17,0.9494897723197937,0.0,-0.9494897723197937,15000,Data/tmpModels/gen_24_ind_17_before.zip,Data/tmpModels/gen_24_ind_17_after.zip
24,18,0.9494897723197937,0.9586734771728516,0.009183704853057861,15000,Data/tmpModels/gen_24_ind_18_before.zip,Data/tmpModels/gen_24_ind_18_after.zip
24,19,0.0,0.9311224222183228,0.9311224222183228,15000,Data/tmpModels/gen_24_ind_19_before.zip,Data/tmpModels/gen_24_ind_19_after.zip
25,0,0.9586734771728516,0.9494897723197937,-0.009183704853057861,14583,Data/tmpModels/gen_25_ind_0_before.zip,Data/tmpModels/gen_25_ind_0_after.zip
25,1,0.9311224222183228,0.9586734771728516,0.02755105495452881,14583,Data/tmpModels/gen_25_ind_1_before.zip,Data/tmpModels/gen_25_ind_1_after.zip
25,2,0.9311224222183228,0.9586734771728516,0.02755105495452881,14583,Data/tmpModels/gen_25_ind_2_before.zip,Data/tmpModels/gen_25_ind_2_after.zip
25,3,0.9494897723197937,0.954081654548645,0.004591882228851318,14583,Data/tmpModels/gen_25_ind_3_before.zip,Data/tmpModels/gen_25_ind_3_after.zip
25,4,0.954081654548645,0.9586734771728516,0.004591822624206543,14583,Data/tmpModels/gen_25_ind_4_before.zip,Data/tmpModels/gen_25_ind_4_after.zip
25,5,0.9586734771728516,0.9494897723197937,-0.009183704853057861,14583,Data/tmpModels/gen_25_ind_5_before.zip,Data/tmpModels/gen_25_ind_5_after.zip
25,6,0.9173469543457031,0.9494897723197937,0.032142817974090576,14583,Data/tmpModels/gen_25_ind_6_before.zip,Data/tmpModels/gen_25_ind_6_after.zip
25,7,0.9494897723197937,0.9494897723197937,0.0,14583,Data/tmpModels/gen_25_ind_7_before.zip,Data/tmpModels/gen_25_ind_7_after.zip
25,8,0.954081654548645,0.9494897723197937,-0.004591882228851318,14583,Data/tmpModels/gen_25_ind_8_before.zip,Data/tmpModels/gen_25_ind_8_after.zip
25,9,0.9494897723197937,0.954081654548645,0.004591882228851318,14583,Data/tmpModels/gen_25_ind_9_before.zip,Data/tmpModels/gen_25_ind_9_after.zip
25,10,0.9586734771728516,0.9494897723197937,-0.009183704853057861,14583,Data/tmpModels/gen_25_ind_10_before.zip,Data/tmpModels/gen_25_ind_10_after.zip
25,11,0.9311224222183228,0.9494897723197937,0.018367350101470947,14583,Data/tmpModels/gen_25_ind_11_before.zip,Data/tmpModels/gen_25_ind_11_after.zip
25,12,0.9311224222183228,0.9311224222183228,0.0,14583,Data/tmpModels/gen_25_ind_12_before.zip,Data/tmpModels/gen_25_ind_12_after.zip
25,13,0.954081654548645,0.9311224222183228,-0.022959232330322266,14583,Data/tmpModels/gen_25_ind_13_before.zip,Data/tmpModels/gen_25_ind_13_after.zip
25,14,0.0,0.9586734771728516,0.9586734771728516,14583,Data/tmpModels/gen_25_ind_14_before.zip,Data/tmpModels/gen_25_ind_14_after.zip
25,15,0.0,0.9494897723197937,0.9494897723197937,14583,Data/tmpModels/gen_25_ind_15_before.zip,Data/tmpModels/gen_25_ind_15_after.zip
25,16,0.9494897723197937,0.954081654548645,0.004591882228851318,14583,Data/tmpModels/gen_25_ind_16_before.zip,Data/tmpModels/gen_25_ind_16_after.zip
25,17,0.0,0.0,0.0,14583,Data/tmpModels/gen_25_ind_17_before.zip,Data/tmpModels/gen_25_ind_17_after.zip
25,18,0.9494897723197937,0.9494897723197937,0.0,14583,Data/tmpModels/gen_25_ind_18_before.zip,Data/tmpModels/gen_25_ind_18_after.zip
25,19,0.9494897723197937,0.9494897723197937,0.0,14583,Data/tmpModels/gen_25_ind_19_before.zip,Data/tmpModels/gen_25_ind_19_after.zip
26,0,0.0,0.9586734771728516,0.9586734771728516,14166,Data/tmpModels/gen_26_ind_0_before.zip,Data/tmpModels/gen_26_ind_0_after.zip
26,1,0.9448979496955872,0.9311224222183228,-0.013775527477264404,14166,Data/tmpModels/gen_26_ind_1_before.zip,Data/tmpModels/gen_26_ind_1_after.zip
26,2,0.9494897723197937,0.9494897723197937,0.0,14166,Data/tmpModels/gen_26_ind_2_before.zip,Data/tmpModels/gen_26_ind_2_after.zip
26,3,0.9494897723197937,0.9586734771728516,0.009183704853057861,14166,Data/tmpModels/gen_26_ind_3_before.zip,Data/tmpModels/gen_26_ind_3_after.zip
26,4,0.9494897723197937,0.9494897723197937,0.0,14166,Data/tmpModels/gen_26_ind_4_before.zip,Data/tmpModels/gen_26_ind_4_after.zip
26,5,0.9494897723197937,0.954081654548645,0.004591882228851318,14166,Data/tmpModels/gen_26_ind_5_before.zip,Data/tmpModels/gen_26_ind_5_after.zip
26,6,0.9494897723197937,0.9494897723197937,0.0,14166,Data/tmpModels/gen_26_ind_6_before.zip,Data/tmpModels/gen_26_ind_6_after.zip
26,7,0.9494897723197937,0.9494897723197937,0.0,14166,Data/tmpModels/gen_26_ind_7_before.zip,Data/tmpModels/gen_26_ind_7_after.zip
26,8,0.9586734771728516,0.9494897723197937,-0.009183704853057861,14166,Data/tmpModels/gen_26_ind_8_before.zip,Data/tmpModels/gen_26_ind_8_after.zip
26,9,0.9494897723197937,0.954081654548645,0.004591882228851318,14166,Data/tmpModels/gen_26_ind_9_before.zip,Data/tmpModels/gen_26_ind_9_after.zip
26,10,0.9494897723197937,0.9494897723197937,0.0,14166,Data/tmpModels/gen_26_ind_10_before.zip,Data/tmpModels/gen_26_ind_10_after.zip
26,11,0.9219387769699097,0.9311224222183228,0.009183645248413086,14166,Data/tmpModels/gen_26_ind_11_before.zip,Data/tmpModels/gen_26_ind_11_after.zip
26,12,0.0,0.9494897723197937,0.9494897723197937,14166,Data/tmpModels/gen_26_ind_12_before.zip,Data/tmpModels/gen_26_ind_12_after.zip
26,13,0.9494897723197937,0.9311224222183228,-0.018367350101470947,14166,Data/tmpModels/gen_26_ind_13_before.zip,Data/tmpModels/gen_26_ind_13_after.zip
26,14,0.9448979496955872,0.9494897723197937,0.004591822624206543,14166,Data/tmpModels/gen_26_ind_14_before.zip,Data/tmpModels/gen_26_ind_14_after.zip
26,15,0.9311224222183228,0.9311224222183228,0.0,14166,Data/tmpModels/gen_26_ind_15_before.zip,Data/tmpModels/gen_26_ind_15_after.zip
26,16,0.9311224222183228,0.9494897723197937,0.018367350101470947,14166,Data/tmpModels/gen_26_ind_16_before.zip,Data/tmpModels/gen_26_ind_16_after.zip
26,17,0.9494897723197937,0.9586734771728516,0.009183704853057861,14166,Data/tmpModels/gen_26_ind_17_before.zip,Data/tmpModels/gen_26_ind_17_after.zip
26,18,0.9311224222183228,0.9494897723197937,0.018367350101470947,14166,Data/tmpModels/gen_26_ind_18_before.zip,Data/tmpModels/gen_26_ind_18_after.zip
26,19,0.9494897723197937,0.9494897723197937,0.0,14166,Data/tmpModels/gen_26_ind_19_before.zip,Data/tmpModels/gen_26_ind_19_after.zip
27,0,0.9494897723197937,0.9494897723197937,0.0,13750,Data/tmpModels/gen_27_ind_0_before.zip,Data/tmpModels/gen_27_ind_0_after.zip
27,1,0.9311224222183228,0.9311224222183228,0.0,13750,Data/tmpModels/gen_27_ind_1_before.zip,Data/tmpModels/gen_27_ind_1_after.zip
27,2,0.9311224222183228,0.954081654548645,0.022959232330322266,13750,Data/tmpModels/gen_27_ind_2_before.zip,Data/tmpModels/gen_27_ind_2_after.zip
27,3,0.9494897723197937,0.9586734771728516,0.009183704853057861,13750,Data/tmpModels/gen_27_ind_3_before.zip,Data/tmpModels/gen_27_ind_3_after.zip
27,4,0.9586734771728516,0.9311224222183228,-0.02755105495452881,13750,Data/tmpModels/gen_27_ind_4_before.zip,Data/tmpModels/gen_27_ind_4_after.zip
27,5,0.9586734771728516,0.9311224222183228,-0.02755105495452881,13750,Data/tmpModels/gen_27_ind_5_before.zip,Data/tmpModels/gen_27_ind_5_after.zip
27,6,0.9311224222183228,0.9494897723197937,0.018367350101470947,13750,Data/tmpModels/gen_27_ind_6_before.zip,Data/tmpModels/gen_27_ind_6_after.zip
27,7,0.954081654548645,0.9586734771728516,0.004591822624206543,13750,Data/tmpModels/gen_27_ind_7_before.zip,Data/tmpModels/gen_27_ind_7_after.zip
27,8,0.954081654548645,0.0,-0.954081654548645,13750,Data/tmpModels/gen_27_ind_8_before.zip,Data/tmpModels/gen_27_ind_8_after.zip
27,9,0.9311224222183228,0.9494897723197937,0.018367350101470947,13750,Data/tmpModels/gen_27_ind_9_before.zip,Data/tmpModels/gen_27_ind_9_after.zip
27,10,0.9494897723197937,0.9494897723197937,0.0,13750,Data/tmpModels/gen_27_ind_10_before.zip,Data/tmpModels/gen_27_ind_10_after.zip
27,11,0.9494897723197937,0.0,-0.9494897723197937,13750,Data/tmpModels/gen_27_ind_11_before.zip,Data/tmpModels/gen_27_ind_11_after.zip
27,12,0.9586734771728516,0.0,-0.9586734771728516,13750,Data/tmpModels/gen_27_ind_12_before.zip,Data/tmpModels/gen_27_ind_12_after.zip
27,13,0.9494897723197937,0.9586734771728516,0.009183704853057861,13750,Data/tmpModels/gen_27_ind_13_before.zip,Data/tmpModels/gen_27_ind_13_after.zip
27,14,0.9586734771728516,0.9311224222183228,-0.02755105495452881,13750,Data/tmpModels/gen_27_ind_14_before.zip,Data/tmpModels/gen_27_ind_14_after.zip
27,15,0.9494897723197937,0.0,-0.9494897723197937,13750,Data/tmpModels/gen_27_ind_15_before.zip,Data/tmpModels/gen_27_ind_15_after.zip
27,16,0.9494897723197937,0.954081654548645,0.004591882228851318,13750,Data/tmpModels/gen_27_ind_16_before.zip,Data/tmpModels/gen_27_ind_16_after.zip
27,17,0.9494897723197937,0.9586734771728516,0.009183704853057861,13750,Data/tmpModels/gen_27_ind_17_before.zip,Data/tmpModels/gen_27_ind_17_after.zip
27,18,0.9448979496955872,0.954081654548645,0.009183704853057861,13750,Data/tmpModels/gen_27_ind_18_before.zip,Data/tmpModels/gen_27_ind_18_after.zip
27,19,0.954081654548645,0.9494897723197937,-0.004591882228851318,13750,Data/tmpModels/gen_27_ind_19_before.zip,Data/tmpModels/gen_27_ind_19_after.zip
28,0,0.9586734771728516,0.0,-0.9586734771728516,13333,Data/tmpModels/gen_28_ind_0_before.zip,Data/tmpModels/gen_28_ind_0_after.zip
28,1,0.9311224222183228,0.0,-0.9311224222183228,13333,Data/tmpModels/gen_28_ind_1_before.zip,Data/tmpModels/gen_28_ind_1_after.zip
28,2,0.954081654548645,0.9586734771728516,0.004591822624206543,13333,Data/tmpModels/gen_28_ind_2_before.zip,Data/tmpModels/gen_28_ind_2_after.zip
28,3,0.9494897723197937,0.9494897723197937,0.0,13333,Data/tmpModels/gen_28_ind_3_before.zip,Data/tmpModels/gen_28_ind_3_after.zip
28,4,0.9494897723197937,0.954081654548645,0.004591882228851318,13333,Data/tmpModels/gen_28_ind_4_before.zip,Data/tmpModels/gen_28_ind_4_after.zip
28,5,0.9494897723197937,0.9311224222183228,-0.018367350101470947,13333,Data/tmpModels/gen_28_ind_5_before.zip,Data/tmpModels/gen_28_ind_5_after.zip
28,6,0.9494897723197937,0.9494897723197937,0.0,13333,Data/tmpModels/gen_28_ind_6_before.zip,Data/tmpModels/gen_28_ind_6_after.zip
28,7,0.9494897723197937,0.9586734771728516,0.009183704853057861,13333,Data/tmpModels/gen_28_ind_7_before.zip,Data/tmpModels/gen_28_ind_7_after.zip
28,8,0.9494897723197937,0.954081654548645,0.004591882228851318,13333,Data/tmpModels/gen_28_ind_8_before.zip,Data/tmpModels/gen_28_ind_8_after.zip
28,9,0.954081654548645,0.954081654548645,0.0,13333,Data/tmpModels/gen_28_ind_9_before.zip,Data/tmpModels/gen_28_ind_9_after.zip
28,10,0.9494897723197937,0.9494897723197937,0.0,13333,Data/tmpModels/gen_28_ind_10_before.zip,Data/tmpModels/gen_28_ind_10_after.zip
28,11,0.9494897723197937,0.9586734771728516,0.009183704853057861,13333,Data/tmpModels/gen_28_ind_11_before.zip,Data/tmpModels/gen_28_ind_11_after.zip
28,12,0.9494897723197937,0.9494897723197937,0.0,13333,Data/tmpModels/gen_28_ind_12_before.zip,Data/tmpModels/gen_28_ind_12_after.zip
28,13,0.954081654548645,0.9494897723197937,-0.004591882228851318,13333,Data/tmpModels/gen_28_ind_13_before.zip,Data/tmpModels/gen_28_ind_13_after.zip
28,14,0.9494897723197937,0.9494897723197937,0.0,13333,Data/tmpModels/gen_28_ind_14_before.zip,Data/tmpModels/gen_28_ind_14_after.zip
28,15,0.9494897723197937,0.9586734771728516,0.009183704853057861,13333,Data/tmpModels/gen_28_ind_15_before.zip,Data/tmpModels/gen_28_ind_15_after.zip
28,16,0.9494897723197937,0.9494897723197937,0.0,13333,Data/tmpModels/gen_28_ind_16_before.zip,Data/tmpModels/gen_28_ind_16_after.zip
28,17,0.9586734771728516,0.9494897723197937,-0.009183704853057861,13333,Data/tmpModels/gen_28_ind_17_before.zip,Data/tmpModels/gen_28_ind_17_after.zip
28,18,0.0,0.954081654548645,0.954081654548645,13333,Data/tmpModels/gen_28_ind_18_before.zip,Data/tmpModels/gen_28_ind_18_after.zip
28,19,0.9494897723197937,0.9494897723197937,0.0,13333,Data/tmpModels/gen_28_ind_19_before.zip,Data/tmpModels/gen_28_ind_19_after.zip
29,0,0.9494897723197937,0.9586734771728516,0.009183704853057861,12916,Data/tmpModels/gen_29_ind_0_before.zip,Data/tmpModels/gen_29_ind_0_after.zip
29,1,0.9494897723197937,0.9586734771728516,0.009183704853057861,12916,Data/tmpModels/gen_29_ind_1_before.zip,Data/tmpModels/gen_29_ind_1_after.zip
29,2,0.9311224222183228,0.0,-0.9311224222183228,12916,Data/tmpModels/gen_29_ind_2_before.zip,Data/tmpModels/gen_29_ind_2_after.zip
29,3,0.9311224222183228,0.0,-0.9311224222183228,12916,Data/tmpModels/gen_29_ind_3_before.zip,Data/tmpModels/gen_29_ind_3_after.zip
29,4,0.954081654548645,0.9311224222183228,-0.022959232330322266,12916,Data/tmpModels/gen_29_ind_4_before.zip,Data/tmpModels/gen_29_ind_4_after.zip
29,5,0.954081654548645,0.9494897723197937,-0.004591882228851318,12916,Data/tmpModels/gen_29_ind_5_before.zip,Data/tmpModels/gen_29_ind_5_after.zip
29,6,0.9311224222183228,0.9494897723197937,0.018367350101470947,12916,Data/tmpModels/gen_29_ind_6_before.zip,Data/tmpModels/gen_29_ind_6_after.zip
29,7,0.9586734771728516,0.0,-0.9586734771728516,12916,Data/tmpModels/gen_29_ind_7_before.zip,Data/tmpModels/gen_29_ind_7_after.zip
29,8,0.9494897723197937,0.954081654548645,0.004591882228851318,12916,Data/tmpModels/gen_29_ind_8_before.zip,Data/tmpModels/gen_29_ind_8_after.zip
29,9,0.9586734771728516,0.9494897723197937,-0.009183704853057861,12916,Data/tmpModels/gen_29_ind_9_before.zip,Data/tmpModels/gen_29_ind_9_after.zip
29,10,0.9494897723197937,0.9586734771728516,0.009183704853057861,12916,Data/tmpModels/gen_29_ind_10_before.zip,Data/tmpModels/gen_29_ind_10_after.zip
29,11,0.9311224222183228,0.9494897723197937,0.018367350101470947,12916,Data/tmpModels/gen_29_ind_11_before.zip,Data/tmpModels/gen_29_ind_11_after.zip
29,12,0.954081654548645,0.0,-0.954081654548645,12916,Data/tmpModels/gen_29_ind_12_before.zip,Data/tmpModels/gen_29_ind_12_after.zip
29,13,0.954081654548645,0.0,-0.954081654548645,12916,Data/tmpModels/gen_29_ind_13_before.zip,Data/tmpModels/gen_29_ind_13_after.zip
29,14,0.9494897723197937,0.9494897723197937,0.0,12916,Data/tmpModels/gen_29_ind_14_before.zip,Data/tmpModels/gen_29_ind_14_after.zip
29,15,0.954081654548645,0.9494897723197937,-0.004591882228851318,12916,Data/tmpModels/gen_29_ind_15_before.zip,Data/tmpModels/gen_29_ind_15_after.zip
29,16,0.954081654548645,0.954081654548645,0.0,12916,Data/tmpModels/gen_29_ind_16_before.zip,Data/tmpModels/gen_29_ind_16_after.zip
29,17,0.9586734771728516,0.9494897723197937,-0.009183704853057861,12916,Data/tmpModels/gen_29_ind_17_before.zip,Data/tmpModels/gen_29_ind_17_after.zip
29,18,0.9494897723197937,0.954081654548645,0.004591882228851318,12916,Data/tmpModels/gen_29_ind_18_before.zip,Data/tmpModels/gen_29_ind_18_after.zip
29,19,0.9494897723197937,0.954081654548645,0.004591882228851318,12916,Data/tmpModels/gen_29_ind_19_before.zip,Data/tmpModels/gen_29_ind_19_after.zip
30,0,0.9586734771728516,0.9494897723197937,-0.009183704853057861,12500,Data/tmpModels/gen_30_ind_0_before.zip,Data/tmpModels/gen_30_ind_0_after.zip
30,1,0.9494897723197937,0.9494897723197937,0.0,12500,Data/tmpModels/gen_30_ind_1_before.zip,Data/tmpModels/gen_30_ind_1_after.zip
30,2,0.9586734771728516,0.9494897723197937,-0.009183704853057861,12500,Data/tmpModels/gen_30_ind_2_before.zip,Data/tmpModels/gen_30_ind_2_after.zip
30,3,0.9494897723197937,0.9494897723197937,0.0,12500,Data/tmpModels/gen_30_ind_3_before.zip,Data/tmpModels/gen_30_ind_3_after.zip
30,4,0.9586734771728516,0.9494897723197937,-0.009183704853057861,12500,Data/tmpModels/gen_30_ind_4_before.zip,Data/tmpModels/gen_30_ind_4_after.zip
30,5,0.9494897723197937,0.9586734771728516,0.009183704853057861,12500,Data/tmpModels/gen_30_ind_5_before.zip,Data/tmpModels/gen_30_ind_5_after.zip
30,6,0.9494897723197937,0.9311224222183228,-0.018367350101470947,12500,Data/tmpModels/gen_30_ind_6_before.zip,Data/tmpModels/gen_30_ind_6_after.zip
30,7,0.9311224222183228,0.9586734771728516,0.02755105495452881,12500,Data/tmpModels/gen_30_ind_7_before.zip,Data/tmpModels/gen_30_ind_7_after.zip
30,8,0.9494897723197937,0.954081654548645,0.004591882228851318,12500,Data/tmpModels/gen_30_ind_8_before.zip,Data/tmpModels/gen_30_ind_8_after.zip
30,9,0.954081654548645,0.9494897723197937,-0.004591882228851318,12500,Data/tmpModels/gen_30_ind_9_before.zip,Data/tmpModels/gen_30_ind_9_after.zip
30,10,0.9494897723197937,0.9494897723197937,0.0,12500,Data/tmpModels/gen_30_ind_10_before.zip,Data/tmpModels/gen_30_ind_10_after.zip
30,11,0.954081654548645,0.9494897723197937,-0.004591882228851318,12500,Data/tmpModels/gen_30_ind_11_before.zip,Data/tmpModels/gen_30_ind_11_after.zip
30,12,0.0,0.9311224222183228,0.9311224222183228,12500,Data/tmpModels/gen_30_ind_12_before.zip,Data/tmpModels/gen_30_ind_12_after.zip
30,13,0.9586734771728516,0.9586734771728516,0.0,12500,Data/tmpModels/gen_30_ind_13_before.zip,Data/tmpModels/gen_30_ind_13_after.zip
30,14,0.9494897723197937,0.9586734771728516,0.009183704853057861,12500,Data/tmpModels/gen_30_ind_14_before.zip,Data/tmpModels/gen_30_ind_14_after.zip
30,15,0.9311224222183228,0.954081654548645,0.022959232330322266,12500,Data/tmpModels/gen_30_ind_15_before.zip,Data/tmpModels/gen_30_ind_15_after.zip
30,16,0.9494897723197937,0.0,-0.9494897723197937,12500,Data/tmpModels/gen_30_ind_16_before.zip,Data/tmpModels/gen_30_ind_16_after.zip
30,17,0.9494897723197937,0.9494897723197937,0.0,12500,Data/tmpModels/gen_30_ind_17_before.zip,Data/tmpModels/gen_30_ind_17_after.zip
30,18,0.9494897723197937,0.954081654548645,0.004591882228851318,12500,Data/tmpModels/gen_30_ind_18_before.zip,Data/tmpModels/gen_30_ind_18_after.zip
30,19,0.954081654548645,0.9586734771728516,0.004591822624206543,12500,Data/tmpModels/gen_30_ind_19_before.zip,Data/tmpModels/gen_30_ind_19_after.zip
31,0,0.954081654548645,0.9586734771728516,0.004591822624206543,12083,Data/tmpModels/gen_31_ind_0_before.zip,Data/tmpModels/gen_31_ind_0_after.zip
31,1,0.954081654548645,0.9586734771728516,0.004591822624206543,12083,Data/tmpModels/gen_31_ind_1_before.zip,Data/tmpModels/gen_31_ind_1_after.zip
31,2,0.954081654548645,0.9494897723197937,-0.004591882228851318,12083,Data/tmpModels/gen_31_ind_2_before.zip,Data/tmpModels/gen_31_ind_2_after.zip
31,3,0.9311224222183228,0.954081654548645,0.022959232330322266,12083,Data/tmpModels/gen_31_ind_3_before.zip,Data/tmpModels/gen_31_ind_3_after.zip
31,4,0.9494897723197937,0.9311224222183228,-0.018367350101470947,12083,Data/tmpModels/gen_31_ind_4_before.zip,Data/tmpModels/gen_31_ind_4_after.zip
31,5,0.0,0.9586734771728516,0.9586734771728516,12083,Data/tmpModels/gen_31_ind_5_before.zip,Data/tmpModels/gen_31_ind_5_after.zip
31,6,0.954081654548645,0.9494897723197937,-0.004591882228851318,12083,Data/tmpModels/gen_31_ind_6_before.zip,Data/tmpModels/gen_31_ind_6_after.zip
31,7,0.9586734771728516,0.9494897723197937,-0.009183704853057861,12083,Data/tmpModels/gen_31_ind_7_before.zip,Data/tmpModels/gen_31_ind_7_after.zip
31,8,0.9494897723197937,0.9586734771728516,0.009183704853057861,12083,Data/tmpModels/gen_31_ind_8_before.zip,Data/tmpModels/gen_31_ind_8_after.zip
31,9,0.9494897723197937,0.954081654548645,0.004591882228851318,12083,Data/tmpModels/gen_31_ind_9_before.zip,Data/tmpModels/gen_31_ind_9_after.zip
31,10,0.954081654548645,0.9494897723197937,-0.004591882228851318,12083,Data/tmpModels/gen_31_ind_10_before.zip,Data/tmpModels/gen_31_ind_10_after.zip
31,11,0.9586734771728516,0.954081654548645,-0.004591822624206543,12083,Data/tmpModels/gen_31_ind_11_before.zip,Data/tmpModels/gen_31_ind_11_after.zip
31,12,0.954081654548645,0.9586734771728516,0.004591822624206543,12083,Data/tmpModels/gen_31_ind_12_before.zip,Data/tmpModels/gen_31_ind_12_after.zip
31,13,0.9311224222183228,0.9494897723197937,0.018367350101470947,12083,Data/tmpModels/gen_31_ind_13_before.zip,Data/tmpModels/gen_31_ind_13_after.zip
31,14,0.9311224222183228,0.9494897723197937,0.018367350101470947,12083,Data/tmpModels/gen_31_ind_14_before.zip,Data/tmpModels/gen_31_ind_14_after.zip
31,15,0.9311224222183228,0.9586734771728516,0.02755105495452881,12083,Data/tmpModels/gen_31_ind_15_before.zip,Data/tmpModels/gen_31_ind_15_after.zip
31,16,0.0,0.9586734771728516,0.9586734771728516,12083,Data/tmpModels/gen_31_ind_16_before.zip,Data/tmpModels/gen_31_ind_16_after.zip
31,17,0.954081654548645,0.9494897723197937,-0.004591882228851318,12083,Data/tmpModels/gen_31_ind_17_before.zip,Data/tmpModels/gen_31_ind_17_after.zip
31,18,0.0,0.9494897723197937,0.9494897723197937,12083,Data/tmpModels/gen_31_ind_18_before.zip,Data/tmpModels/gen_31_ind_18_after.zip
31,19,0.9311224222183228,0.9494897723197937,0.018367350101470947,12083,Data/tmpModels/gen_31_ind_19_before.zip,Data/tmpModels/gen_31_ind_19_after.zip
32,0,0.9494897723197937,0.954081654548645,0.004591882228851318,11666,Data/tmpModels/gen_32_ind_0_before.zip,Data/tmpModels/gen_32_ind_0_after.zip
32,1,0.954081654548645,0.9494897723197937,-0.004591882228851318,11666,Data/tmpModels/gen_32_ind_1_before.zip,Data/tmpModels/gen_32_ind_1_after.zip
32,2,0.9311224222183228,0.9494897723197937,0.018367350101470947,11666,Data/tmpModels/gen_32_ind_2_before.zip,Data/tmpModels/gen_32_ind_2_after.zip
32,3,0.954081654548645,0.954081654548645,0.0,11666,Data/tmpModels/gen_32_ind_3_before.zip,Data/tmpModels/gen_32_ind_3_after.zip
32,4,0.9494897723197937,0.954081654548645,0.004591882228851318,11666,Data/tmpModels/gen_32_ind_4_before.zip,Data/tmpModels/gen_32_ind_4_after.zip
32,5,0.0,0.954081654548645,0.954081654548645,11666,Data/tmpModels/gen_32_ind_5_before.zip,Data/tmpModels/gen_32_ind_5_after.zip
32,6,0.9494897723197937,0.9494897723197937,0.0,11666,Data/tmpModels/gen_32_ind_6_before.zip,Data/tmpModels/gen_32_ind_6_after.zip
32,7,0.9494897723197937,0.0,-0.9494897723197937,11666,Data/tmpModels/gen_32_ind_7_before.zip,Data/tmpModels/gen_32_ind_7_after.zip
32,8,0.9586734771728516,0.9494897723197937,-0.009183704853057861,11666,Data/tmpModels/gen_32_ind_8_before.zip,Data/tmpModels/gen_32_ind_8_after.zip
32,9,0.9586734771728516,0.9586734771728516,0.0,11666,Data/tmpModels/gen_32_ind_9_before.zip,Data/tmpModels/gen_32_ind_9_after.zip
32,10,0.9586734771728516,0.9311224222183228,-0.02755105495452881,11666,Data/tmpModels/gen_32_ind_10_before.zip,Data/tmpModels/gen_32_ind_10_after.zip
32,11,0.954081654548645,0.9494897723197937,-0.004591882228851318,11666,Data/tmpModels/gen_32_ind_11_before.zip,Data/tmpModels/gen_32_ind_11_after.zip
32,12,0.9494897723197937,0.954081654548645,0.004591882228851318,11666,Data/tmpModels/gen_32_ind_12_before.zip,Data/tmpModels/gen_32_ind_12_after.zip
32,13,0.0,0.9494897723197937,0.9494897723197937,11666,Data/tmpModels/gen_32_ind_13_before.zip,Data/tmpModels/gen_32_ind_13_after.zip
32,14,0.9586734771728516,0.9586734771728516,0.0,11666,Data/tmpModels/gen_32_ind_14_before.zip,Data/tmpModels/gen_32_ind_14_after.zip
32,15,0.9494897723197937,0.0,-0.9494897723197937,11666,Data/tmpModels/gen_32_ind_15_before.zip,Data/tmpModels/gen_32_ind_15_after.zip
32,16,0.9586734771728516,0.9494897723197937,-0.009183704853057861,11666,Data/tmpModels/gen_32_ind_16_before.zip,Data/tmpModels/gen_32_ind_16_after.zip
32,17,0.9494897723197937,0.9311224222183228,-0.018367350101470947,11666,Data/tmpModels/gen_32_ind_17_before.zip,Data/tmpModels/gen_32_ind_17_after.zip
32,18,0.9494897723197937,0.9494897723197937,0.0,11666,Data/tmpModels/gen_32_ind_18_before.zip,Data/tmpModels/gen_32_ind_18_after.zip
32,19,0.0,0.954081654548645,0.954081654548645,11666,Data/tmpModels/gen_32_ind_19_before.zip,Data/tmpModels/gen_32_ind_19_after.zip
33,0,0.9586734771728516,0.954081654548645,-0.004591822624206543,11249,Data/tmpModels/gen_33_ind_0_before.zip,Data/tmpModels/gen_33_ind_0_after.zip
33,1,0.9494897723197937,0.9586734771728516,0.009183704853057861,11249,Data/tmpModels/gen_33_ind_1_before.zip,Data/tmpModels/gen_33_ind_1_after.zip
33,2,0.9494897723197937,0.9311224222183228,-0.018367350101470947,11249,Data/tmpModels/gen_33_ind_2_before.zip,Data/tmpModels/gen_33_ind_2_after.zip
33,3,0.9586734771728516,0.9494897723197937,-0.009183704853057861,11249,Data/tmpModels/gen_33_ind_3_before.zip,Data/tmpModels/gen_33_ind_3_after.zip
33,4,0.9494897723197937,0.9311224222183228,-0.018367350101470947,11249,Data/tmpModels/gen_33_ind_4_before.zip,Data/tmpModels/gen_33_ind_4_after.zip
33,5,0.9586734771728516,0.9311224222183228,-0.02755105495452881,11249,Data/tmpModels/gen_33_ind_5_before.zip,Data/tmpModels/gen_33_ind_5_after.zip
33,6,0.0,0.9494897723197937,0.9494897723197937,11249,Data/tmpModels/gen_33_ind_6_before.zip,Data/tmpModels/gen_33_ind_6_after.zip
33,7,0.954081654548645,0.9494897723197937,-0.004591882228851318,11249,Data/tmpModels/gen_33_ind_7_before.zip,Data/tmpModels/gen_33_ind_7_after.zip
33,8,0.954081654548645,0.9586734771728516,0.004591822624206543,11249,Data/tmpModels/gen_33_ind_8_before.zip,Data/tmpModels/gen_33_ind_8_after.zip
33,9,0.954081654548645,0.954081654548645,0.0,11249,Data/tmpModels/gen_33_ind_9_before.zip,Data/tmpModels/gen_33_ind_9_after.zip
33,10,0.954081654548645,0.9494897723197937,-0.004591882228851318,11249,Data/tmpModels/gen_33_ind_10_before.zip,Data/tmpModels/gen_33_ind_10_after.zip
33,11,0.9586734771728516,0.9494897723197937,-0.009183704853057861,11249,Data/tmpModels/gen_33_ind_11_before.zip,Data/tmpModels/gen_33_ind_11_after.zip
33,12,0.954081654548645,0.9494897723197937,-0.004591882228851318,11249,Data/tmpModels/gen_33_ind_12_before.zip,Data/tmpModels/gen_33_ind_12_after.zip
33,13,0.9494897723197937,0.9311224222183228,-0.018367350101470947,11249,Data/tmpModels/gen_33_ind_13_before.zip,Data/tmpModels/gen_33_ind_13_after.zip
33,14,0.9127551317214966,0.9494897723197937,0.03673464059829712,11249,Data/tmpModels/gen_33_ind_14_before.zip,Data/tmpModels/gen_33_ind_14_after.zip
33,15,0.9586734771728516,0.9311224222183228,-0.02755105495452881,11249,Data/tmpModels/gen_33_ind_15_before.zip,Data/tmpModels/gen_33_ind_15_after.zip
33,16,0.954081654548645,0.9494897723197937,-0.004591882228851318,11249,Data/tmpModels/gen_33_ind_16_before.zip,Data/tmpModels/gen_33_ind_16_after.zip
33,17,0.9494897723197937,0.9494897723197937,0.0,11249,Data/tmpModels/gen_33_ind_17_before.zip,Data/tmpModels/gen_33_ind_17_after.zip
33,18,0.9311224222183228,0.954081654548645,0.022959232330322266,11249,Data/tmpModels/gen_33_ind_18_before.zip,Data/tmpModels/gen_33_ind_18_after.zip
33,19,0.0,0.9494897723197937,0.9494897723197937,11249,Data/tmpModels/gen_33_ind_19_before.zip,Data/tmpModels/gen_33_ind_19_after.zip
34,0,0.954081654548645,0.954081654548645,0.0,10833,Data/tmpModels/gen_34_ind_0_before.zip,Data/tmpModels/gen_34_ind_0_after.zip
34,1,0.9494897723197937,0.954081654548645,0.004591882228851318,10833,Data/tmpModels/gen_34_ind_1_before.zip,Data/tmpModels/gen_34_ind_1_after.zip
34,2,0.9494897723197937,0.9311224222183228,-0.018367350101470947,10833,Data/tmpModels/gen_34_ind_2_before.zip,Data/tmpModels/gen_34_ind_2_after.zip
34,3,0.9494897723197937,0.954081654548645,0.004591882228851318,10833,Data/tmpModels/gen_34_ind_3_before.zip,Data/tmpModels/gen_34_ind_3_after.zip
34,4,0.954081654548645,0.9311224222183228,-0.022959232330322266,10833,Data/tmpModels/gen_34_ind_4_before.zip,Data/tmpModels/gen_34_ind_4_after.zip
34,5,0.9586734771728516,0.9586734771728516,0.0,10833,Data/tmpModels/gen_34_ind_5_before.zip,Data/tmpModels/gen_34_ind_5_after.zip
34,6,0.0,0.9494897723197937,0.9494897723197937,10833,Data/tmpModels/gen_34_ind_6_before.zip,Data/tmpModels/gen_34_ind_6_after.zip
34,7,0.9311224222183228,0.9311224222183228,0.0,10833,Data/tmpModels/gen_34_ind_7_before.zip,Data/tmpModels/gen_34_ind_7_after.zip
34,8,0.9494897723197937,0.954081654548645,0.004591882228851318,10833,Data/tmpModels/gen_34_ind_8_before.zip,Data/tmpModels/gen_34_ind_8_after.zip
34,9,0.9494897723197937,0.0,-0.9494897723197937,10833,Data/tmpModels/gen_34_ind_9_before.zip,Data/tmpModels/gen_34_ind_9_after.zip
34,10,0.0,0.9311224222183228,0.9311224222183228,10833,Data/tmpModels/gen_34_ind_10_before.zip,Data/tmpModels/gen_34_ind_10_after.zip
34,11,0.9311224222183228,0.9494897723197937,0.018367350101470947,10833,Data/tmpModels/gen_34_ind_11_before.zip,Data/tmpModels/gen_34_ind_11_after.zip
34,12,0.9311224222183228,0.9494897723197937,0.018367350101470947,10833,Data/tmpModels/gen_34_ind_12_before.zip,Data/tmpModels/gen_34_ind_12_after.zip
34,13,0.9586734771728516,0.9311224222183228,-0.02755105495452881,10833,Data/tmpModels/gen_34_ind_13_before.zip,Data/tmpModels/gen_34_ind_13_after.zip
34,14,0.9311224222183228,0.9311224222183228,0.0,10833,Data/tmpModels/gen_34_ind_14_before.zip,Data/tmpModels/gen_34_ind_14_after.zip
34,15,0.9494897723197937,0.9494897723197937,0.0,10833,Data/tmpModels/gen_34_ind_15_before.zip,Data/tmpModels/gen_34_ind_15_after.zip
34,16,0.9494897723197937,0.9586734771728516,0.009183704853057861,10833,Data/tmpModels/gen_34_ind_16_before.zip,Data/tmpModels/gen_34_ind_16_after.zip
34,17,0.9586734771728516,0.954081654548645,-0.004591822624206543,10833,Data/tmpModels/gen_34_ind_17_before.zip,Data/tmpModels/gen_34_ind_17_after.zip
34,18,0.954081654548645,0.954081654548645,0.0,10833,Data/tmpModels/gen_34_ind_18_before.zip,Data/tmpModels/gen_34_ind_18_after.zip
34,19,0.954081654548645,0.9494897723197937,-0.004591882228851318,10833,Data/tmpModels/gen_34_ind_19_before.zip,Data/tmpModels/gen_34_ind_19_after.zip
35,0,0.9586734771728516,0.9494897723197937,-0.009183704853057861,10416,Data/tmpModels/gen_35_ind_0_before.zip,Data/tmpModels/gen_35_ind_0_after.zip
35,1,0.9586734771728516,0.9311224222183228,-0.02755105495452881,10416,Data/tmpModels/gen_35_ind_1_before.zip,Data/tmpModels/gen_35_ind_1_after.zip
35,2,0.9586734771728516,0.9494897723197937,-0.009183704853057861,10416,Data/tmpModels/gen_35_ind_2_before.zip,Data/tmpModels/gen_35_ind_2_after.zip
35,3,0.9448979496955872,0.954081654548645,0.009183704853057861,10416,Data/tmpModels/gen_35_ind_3_before.zip,Data/tmpModels/gen_35_ind_3_after.zip
35,4,0.9311224222183228,0.9311224222183228,0.0,10416,Data/tmpModels/gen_35_ind_4_before.zip,Data/tmpModels/gen_35_ind_4_after.zip
35,5,0.0,0.9586734771728516,0.9586734771728516,10416,Data/tmpModels/gen_35_ind_5_before.zip,Data/tmpModels/gen_35_ind_5_after.zip
35,6,0.9494897723197937,0.9586734771728516,0.009183704853057861,10416,Data/tmpModels/gen_35_ind_6_before.zip,Data/tmpModels/gen_35_ind_6_after.zip
35,7,0.9586734771728516,0.954081654548645,-0.004591822624206543,10416,Data/tmpModels/gen_35_ind_7_before.zip,Data/tmpModels/gen_35_ind_7_after.zip
35,8,0.9494897723197937,0.9586734771728516,0.009183704853057861,10416,Data/tmpModels/gen_35_ind_8_before.zip,Data/tmpModels/gen_35_ind_8_after.zip
35,9,0.954081654548645,0.9494897723197937,-0.004591882228851318,10416,Data/tmpModels/gen_35_ind_9_before.zip,Data/tmpModels/gen_35_ind_9_after.zip
35,10,0.9494897723197937,0.9494897723197937,0.0,10416,Data/tmpModels/gen_35_ind_10_before.zip,Data/tmpModels/gen_35_ind_10_after.zip
35,11,0.9586734771728516,0.0,-0.9586734771728516,10416,Data/tmpModels/gen_35_ind_11_before.zip,Data/tmpModels/gen_35_ind_11_after.zip
35,12,0.9494897723197937,0.9311224222183228,-0.018367350101470947,10416,Data/tmpModels/gen_35_ind_12_before.zip,Data/tmpModels/gen_35_ind_12_after.zip
35,13,0.954081654548645,0.9494897723197937,-0.004591882228851318,10416,Data/tmpModels/gen_35_ind_13_before.zip,Data/tmpModels/gen_35_ind_13_after.zip
35,14,0.9494897723197937,0.954081654548645,0.004591882228851318,10416,Data/tmpModels/gen_35_ind_14_before.zip,Data/tmpModels/gen_35_ind_14_after.zip
35,15,0.9586734771728516,0.9586734771728516,0.0,10416,Data/tmpModels/gen_35_ind_15_before.zip,Data/tmpModels/gen_35_ind_15_after.zip
35,16,0.9494897723197937,0.9586734771728516,0.009183704853057861,10416,Data/tmpModels/gen_35_ind_16_before.zip,Data/tmpModels/gen_35_ind_16_after.zip
35,17,0.9586734771728516,0.9494897723197937,-0.009183704853057861,10416,Data/tmpModels/gen_35_ind_17_before.zip,Data/tmpModels/gen_35_ind_17_after.zip
35,18,0.9586734771728516,0.9494897723197937,-0.009183704853057861,10416,Data/tmpModels/gen_35_ind_18_before.zip,Data/tmpModels/gen_35_ind_18_after.zip
35,19,0.954081654548645,0.9586734771728516,0.004591822624206543,10416,Data/tmpModels/gen_35_ind_19_before.zip,Data/tmpModels/gen_35_ind_19_after.zip
36,0,0.9311224222183228,0.0,-0.9311224222183228,10000,Data/tmpModels/gen_36_ind_0_before.zip,Data/tmpModels/gen_36_ind_0_after.zip
36,1,0.9311224222183228,0.9586734771728516,0.02755105495452881,10000,Data/tmpModels/gen_36_ind_1_before.zip,Data/tmpModels/gen_36_ind_1_after.zip
36,2,0.9494897723197937,0.954081654548645,0.004591882228851318,10000,Data/tmpModels/gen_36_ind_2_before.zip,Data/tmpModels/gen_36_ind_2_after.zip
36,3,0.9586734771728516,0.9494897723197937,-0.009183704853057861,10000,Data/tmpModels/gen_36_ind_3_before.zip,Data/tmpModels/gen_36_ind_3_after.zip
36,4,0.9494897723197937,0.9494897723197937,0.0,10000,Data/tmpModels/gen_36_ind_4_before.zip,Data/tmpModels/gen_36_ind_4_after.zip
36,5,0.954081654548645,0.9494897723197937,-0.004591882228851318,10000,Data/tmpModels/gen_36_ind_5_before.zip,Data/tmpModels/gen_36_ind_5_after.zip
36,6,0.9311224222183228,0.9494897723197937,0.018367350101470947,10000,Data/tmpModels/gen_36_ind_6_before.zip,Data/tmpModels/gen_36_ind_6_after.zip
36,7,0.0,0.0,0.0,10000,Data/tmpModels/gen_36_ind_7_before.zip,Data/tmpModels/gen_36_ind_7_after.zip
36,8,0.0,0.0,0.0,10000,Data/tmpModels/gen_36_ind_8_before.zip,Data/tmpModels/gen_36_ind_8_after.zip
36,9,0.9311224222183228,0.9311224222183228,0.0,10000,Data/tmpModels/gen_36_ind_9_before.zip,Data/tmpModels/gen_36_ind_9_after.zip
36,10,0.9586734771728516,0.9311224222183228,-0.02755105495452881,10000,Data/tmpModels/gen_36_ind_10_before.zip,Data/tmpModels/gen_36_ind_10_after.zip
36,11,0.9494897723197937,0.9586734771728516,0.009183704853057861,10000,Data/tmpModels/gen_36_ind_11_before.zip,Data/tmpModels/gen_36_ind_11_after.zip
36,12,0.0,0.9311224222183228,0.9311224222183228,10000,Data/tmpModels/gen_36_ind_12_before.zip,Data/tmpModels/gen_36_ind_12_after.zip
36,13,0.9494897723197937,0.9494897723197937,0.0,10000,Data/tmpModels/gen_36_ind_13_before.zip,Data/tmpModels/gen_36_ind_13_after.zip
36,14,0.9494897723197937,0.9494897723197937,0.0,10000,Data/tmpModels/gen_36_ind_14_before.zip,Data/tmpModels/gen_36_ind_14_after.zip
36,15,0.9494897723197937,0.9311224222183228,-0.018367350101470947,10000,Data/tmpModels/gen_36_ind_15_before.zip,Data/tmpModels/gen_36_ind_15_after.zip
36,16,0.9311224222183228,0.9586734771728516,0.02755105495452881,10000,Data/tmpModels/gen_36_ind_16_before.zip,Data/tmpModels/gen_36_ind_16_after.zip
36,17,0.9494897723197937,0.9494897723197937,0.0,10000,Data/tmpModels/gen_36_ind_17_before.zip,Data/tmpModels/gen_36_ind_17_after.zip
36,18,0.9494897723197937,0.954081654548645,0.004591882228851318,10000,Data/tmpModels/gen_36_ind_18_before.zip,Data/tmpModels/gen_36_ind_18_after.zip
36,19,0.954081654548645,0.9586734771728516,0.004591822624206543,10000,Data/tmpModels/gen_36_ind_19_before.zip,Data/tmpModels/gen_36_ind_19_after.zip
37,0,0.9494897723197937,0.9311224222183228,-0.018367350101470947,9583,Data/tmpModels/gen_37_ind_0_before.zip,Data/tmpModels/gen_37_ind_0_after.zip
37,1,0.9494897723197937,0.9494897723197937,0.0,9583,Data/tmpModels/gen_37_ind_1_before.zip,Data/tmpModels/gen_37_ind_1_after.zip
37,2,0.9311224222183228,0.9494897723197937,0.018367350101470947,9583,Data/tmpModels/gen_37_ind_2_before.zip,Data/tmpModels/gen_37_ind_2_after.zip
37,3,0.954081654548645,0.954081654548645,0.0,9583,Data/tmpModels/gen_37_ind_3_before.zip,Data/tmpModels/gen_37_ind_3_after.zip
37,4,0.9494897723197937,0.9494897723197937,0.0,9583,Data/tmpModels/gen_37_ind_4_before.zip,Data/tmpModels/gen_37_ind_4_after.zip
37,5,0.9586734771728516,0.9494897723197937,-0.009183704853057861,9583,Data/tmpModels/gen_37_ind_5_before.zip,Data/tmpModels/gen_37_ind_5_after.zip
37,6,0.9494897723197937,0.9586734771728516,0.009183704853057861,9583,Data/tmpModels/gen_37_ind_6_before.zip,Data/tmpModels/gen_37_ind_6_after.zip
37,7,0.9586734771728516,0.9494897723197937,-0.009183704853057861,9583,Data/tmpModels/gen_37_ind_7_before.zip,Data/tmpModels/gen_37_ind_7_after.zip
37,8,0.954081654548645,0.9494897723197937,-0.004591882228851318,9583,Data/tmpModels/gen_37_ind_8_before.zip,Data/tmpModels/gen_37_ind_8_after.zip
37,9,0.954081654548645,0.0,-0.954081654548645,9583,Data/tmpModels/gen_37_ind_9_before.zip,Data/tmpModels/gen_37_ind_9_after.zip
37,10,0.9494897723197937,0.954081654548645,0.004591882228851318,9583,Data/tmpModels/gen_37_ind_10_before.zip,Data/tmpModels/gen_37_ind_10_after.zip
37,11,0.9586734771728516,0.9586734771728516,0.0,9583,Data/tmpModels/gen_37_ind_11_before.zip,Data/tmpModels/gen_37_ind_11_after.zip
37,12,0.9586734771728516,0.9586734771728516,0.0,9583,Data/tmpModels/gen_37_ind_12_before.zip,Data/tmpModels/gen_37_ind_12_after.zip
37,13,0.9311224222183228,0.9494897723197937,0.018367350101470947,9583,Data/tmpModels/gen_37_ind_13_before.zip,Data/tmpModels/gen_37_ind_13_after.zip
37,14,0.9494897723197937,0.9311224222183228,-0.018367350101470947,9583,Data/tmpModels/gen_37_ind_14_before.zip,Data/tmpModels/gen_37_ind_14_after.zip
37,15,0.954081654548645,0.9494897723197937,-0.004591882228851318,9583,Data/tmpModels/gen_37_ind_15_before.zip,Data/tmpModels/gen_37_ind_15_after.zip
37,16,0.9311224222183228,0.954081654548645,0.022959232330322266,9583,Data/tmpModels/gen_37_ind_16_before.zip,Data/tmpModels/gen_37_ind_16_after.zip
37,17,0.9494897723197937,0.9494897723197937,0.0,9583,Data/tmpModels/gen_37_ind_17_before.zip,Data/tmpModels/gen_37_ind_17_after.zip
37,18,0.9494897723197937,0.9494897723197937,0.0,9583,Data/tmpModels/gen_37_ind_18_before.zip,Data/tmpModels/gen_37_ind_18_after.zip
37,19,0.9494897723197937,0.9586734771728516,0.009183704853057861,9583,Data/tmpModels/gen_37_ind_19_before.zip,Data/tmpModels/gen_37_ind_19_after.zip
38,0,0.9494897723197937,0.9494897723197937,0.0,9166,Data/tmpModels/gen_38_ind_0_before.zip,Data/tmpModels/gen_38_ind_0_after.zip
38,1,0.954081654548645,0.954081654548645,0.0,9166,Data/tmpModels/gen_38_ind_1_before.zip,Data/tmpModels/gen_38_ind_1_after.zip
38,2,0.9494897723197937,0.9494897723197937,0.0,9166,Data/tmpModels/gen_38_ind_2_before.zip,Data/tmpModels/gen_38_ind_2_after.zip
38,3,0.954081654548645,0.9586734771728516,0.004591822624206543,9166,Data/tmpModels/gen_38_ind_3_before.zip,Data/tmpModels/gen_38_ind_3_after.zip
38,4,0.9586734771728516,0.9494897723197937,-0.009183704853057861,9166,Data/tmpModels/gen_38_ind_4_before.zip,Data/tmpModels/gen_38_ind_4_after.zip
38,5,0.9311224222183228,0.9311224222183228,0.0,9166,Data/tmpModels/gen_38_ind_5_before.zip,Data/tmpModels/gen_38_ind_5_after.zip
38,6,0.9311224222183228,0.9311224222183228,0.0,9166,Data/tmpModels/gen_38_ind_6_before.zip,Data/tmpModels/gen_38_ind_6_after.zip
38,7,0.954081654548645,0.954081654548645,0.0,9166,Data/tmpModels/gen_38_ind_7_before.zip,Data/tmpModels/gen_38_ind_7_after.zip
38,8,0.9494897723197937,0.0,-0.9494897723197937,9166,Data/tmpModels/gen_38_ind_8_before.zip,Data/tmpModels/gen_38_ind_8_after.zip
38,9,0.954081654548645,0.9311224222183228,-0.022959232330322266,9166,Data/tmpModels/gen_38_ind_9_before.zip,Data/tmpModels/gen_38_ind_9_after.zip
38,10,0.9311224222183228,0.9586734771728516,0.02755105495452881,9166,Data/tmpModels/gen_38_ind_10_before.zip,Data/tmpModels/gen_38_ind_10_after.zip
38,11,0.9586734771728516,0.954081654548645,-0.004591822624206543,9166,Data/tmpModels/gen_38_ind_11_before.zip,Data/tmpModels/gen_38_ind_11_after.zip
38,12,0.9586734771728516,0.954081654548645,-0.004591822624206543,9166,Data/tmpModels/gen_38_ind_12_before.zip,Data/tmpModels/gen_38_ind_12_after.zip
38,13,0.0,0.954081654548645,0.954081654548645,9166,Data/tmpModels/gen_38_ind_13_before.zip,Data/tmpModels/gen_38_ind_13_after.zip
38,14,0.9586734771728516,0.9494897723197937,-0.009183704853057861,9166,Data/tmpModels/gen_38_ind_14_before.zip,Data/tmpModels/gen_38_ind_14_after.zip
38,15,0.9494897723197937,0.9494897723197937,0.0,9166,Data/tmpModels/gen_38_ind_15_before.zip,Data/tmpModels/gen_38_ind_15_after.zip
38,16,0.9494897723197937,0.9586734771728516,0.009183704853057861,9166,Data/tmpModels/gen_38_ind_16_before.zip,Data/tmpModels/gen_38_ind_16_after.zip
38,17,0.9586734771728516,0.9311224222183228,-0.02755105495452881,9166,Data/tmpModels/gen_38_ind_17_before.zip,Data/tmpModels/gen_38_ind_17_after.zip
38,18,0.9586734771728516,0.9494897723197937,-0.009183704853057861,9166,Data/tmpModels/gen_38_ind_18_before.zip,Data/tmpModels/gen_38_ind_18_after.zip
38,19,0.9494897723197937,0.954081654548645,0.004591882228851318,9166,Data/tmpModels/gen_38_ind_19_before.zip,Data/tmpModels/gen_38_ind_19_after.zip
39,0,0.9494897723197937,0.9311224222183228,-0.018367350101470947,8750,Data/tmpModels/gen_39_ind_0_before.zip,Data/tmpModels/gen_39_ind_0_after.zip
39,1,0.9586734771728516,0.9494897723197937,-0.009183704853057861,8750,Data/tmpModels/gen_39_ind_1_before.zip,Data/tmpModels/gen_39_ind_1_after.zip
39,2,0.954081654548645,0.9494897723197937,-0.004591882228851318,8750,Data/tmpModels/gen_39_ind_2_before.zip,Data/tmpModels/gen_39_ind_2_after.zip
39,3,0.9494897723197937,0.9311224222183228,-0.018367350101470947,8750,Data/tmpModels/gen_39_ind_3_before.zip,Data/tmpModels/gen_39_ind_3_after.zip
39,4,0.9586734771728516,0.9311224222183228,-0.02755105495452881,8750,Data/tmpModels/gen_39_ind_4_before.zip,Data/tmpModels/gen_39_ind_4_after.zip
39,5,0.9494897723197937,0.9494897723197937,0.0,8750,Data/tmpModels/gen_39_ind_5_before.zip,Data/tmpModels/gen_39_ind_5_after.zip
39,6,0.9494897723197937,0.9494897723197937,0.0,8750,Data/tmpModels/gen_39_ind_6_before.zip,Data/tmpModels/gen_39_ind_6_after.zip
39,7,0.954081654548645,0.9586734771728516,0.004591822624206543,8750,Data/tmpModels/gen_39_ind_7_before.zip,Data/tmpModels/gen_39_ind_7_after.zip
39,8,0.9494897723197937,0.9494897723197937,0.0,8750,Data/tmpModels/gen_39_ind_8_before.zip,Data/tmpModels/gen_39_ind_8_after.zip
39,9,0.9311224222183228,0.9586734771728516,0.02755105495452881,8750,Data/tmpModels/gen_39_ind_9_before.zip,Data/tmpModels/gen_39_ind_9_after.zip
39,10,0.9586734771728516,0.9494897723197937,-0.009183704853057861,8750,Data/tmpModels/gen_39_ind_10_before.zip,Data/tmpModels/gen_39_ind_10_after.zip
39,11,0.9311224222183228,0.0,-0.9311224222183228,8750,Data/tmpModels/gen_39_ind_11_before.zip,Data/tmpModels/gen_39_ind_11_after.zip
39,12,0.9494897723197937,0.0,-0.9494897723197937,8750,Data/tmpModels/gen_39_ind_12_before.zip,Data/tmpModels/gen_39_ind_12_after.zip
39,13,0.954081654548645,0.9586734771728516,0.004591822624206543,8750,Data/tmpModels/gen_39_ind_13_before.zip,Data/tmpModels/gen_39_ind_13_after.zip
39,14,0.9494897723197937,0.954081654548645,0.004591882228851318,8750,Data/tmpModels/gen_39_ind_14_before.zip,Data/tmpModels/gen_39_ind_14_after.zip
39,15,0.9494897723197937,0.9311224222183228,-0.018367350101470947,8750,Data/tmpModels/gen_39_ind_15_before.zip,Data/tmpModels/gen_39_ind_15_after.zip
39,16,0.954081654548645,0.9494897723197937,-0.004591882228851318,8750,Data/tmpModels/gen_39_ind_16_before.zip,Data/tmpModels/gen_39_ind_16_after.zip
39,17,0.954081654548645,0.0,-0.954081654548645,8750,Data/tmpModels/gen_39_ind_17_before.zip,Data/tmpModels/gen_39_ind_17_after.zip
39,18,0.9494897723197937,0.9494897723197937,0.0,8750,Data/tmpModels/gen_39_ind_18_before.zip,Data/tmpModels/gen_39_ind_18_after.zip
39,19,0.9494897723197937,0.9494897723197937,0.0,8750,Data/tmpModels/gen_39_ind_19_before.zip,Data/tmpModels/gen_39_ind_19_after.zip
40,0,0.9311224222183228,0.9311224222183228,0.0,8333,Data/tmpModels/gen_40_ind_0_before.zip,Data/tmpModels/gen_40_ind_0_after.zip
40,1,0.9494897723197937,0.9586734771728516,0.009183704853057861,8333,Data/tmpModels/gen_40_ind_1_before.zip,Data/tmpModels/gen_40_ind_1_after.zip
40,2,0.9494897723197937,0.9494897723197937,0.0,8333,Data/tmpModels/gen_40_ind_2_before.zip,Data/tmpModels/gen_40_ind_2_after.zip
40,3,0.9494897723197937,0.9586734771728516,0.009183704853057861,8333,Data/tmpModels/gen_40_ind_3_before.zip,Data/tmpModels/gen_40_ind_3_after.zip
40,4,0.0,0.9494897723197937,0.9494897723197937,8333,Data/tmpModels/gen_40_ind_4_before.zip,Data/tmpModels/gen_40_ind_4_after.zip
40,5,0.9586734771728516,0.9494897723197937,-0.009183704853057861,8333,Data/tmpModels/gen_40_ind_5_before.zip,Data/tmpModels/gen_40_ind_5_after.zip
40,6,0.0,0.9494897723197937,0.9494897723197937,8333,Data/tmpModels/gen_40_ind_6_before.zip,Data/tmpModels/gen_40_ind_6_after.zip
40,7,0.9494897723197937,0.9586734771728516,0.009183704853057861,8333,Data/tmpModels/gen_40_ind_7_before.zip,Data/tmpModels/gen_40_ind_7_after.zip
40,8,0.9494897723197937,0.9311224222183228,-0.018367350101470947,8333,Data/tmpModels/gen_40_ind_8_before.zip,Data/tmpModels/gen_40_ind_8_after.zip
40,9,0.9311224222183228,0.9494897723197937,0.018367350101470947,8333,Data/tmpModels/gen_40_ind_9_before.zip,Data/tmpModels/gen_40_ind_9_after.zip
40,10,0.9127551317214966,0.9494897723197937,0.03673464059829712,8333,Data/tmpModels/gen_40_ind_10_before.zip,Data/tmpModels/gen_40_ind_10_after.zip
40,11,0.0,0.9494897723197937,0.9494897723197937,8333,Data/tmpModels/gen_40_ind_11_before.zip,Data/tmpModels/gen_40_ind_11_after.zip
40,12,0.9586734771728516,0.9494897723197937,-0.009183704853057861,8333,Data/tmpModels/gen_40_ind_12_before.zip,Data/tmpModels/gen_40_ind_12_after.zip
40,13,0.9586734771728516,0.0,-0.9586734771728516,8333,Data/tmpModels/gen_40_ind_13_before.zip,Data/tmpModels/gen_40_ind_13_after.zip
40,14,0.9586734771728516,0.9494897723197937,-0.009183704853057861,8333,Data/tmpModels/gen_40_ind_14_before.zip,Data/tmpModels/gen_40_ind_14_after.zip
40,15,0.9586734771728516,0.9494897723197937,-0.009183704853057861,8333,Data/tmpModels/gen_40_ind_15_before.zip,Data/tmpModels/gen_40_ind_15_after.zip
40,16,0.9494897723197937,0.9494897723197937,0.0,8333,Data/tmpModels/gen_40_ind_16_before.zip,Data/tmpModels/gen_40_ind_16_after.zip
40,17,0.9586734771728516,0.9586734771728516,0.0,8333,Data/tmpModels/gen_40_ind_17_before.zip,Data/tmpModels/gen_40_ind_17_after.zip
40,18,0.954081654548645,0.9494897723197937,-0.004591882228851318,8333,Data/tmpModels/gen_40_ind_18_before.zip,Data/tmpModels/gen_40_ind_18_after.zip
40,19,0.954081654548645,0.9494897723197937,-0.004591882228851318,8333,Data/tmpModels/gen_40_ind_19_before.zip,Data/tmpModels/gen_40_ind_19_after.zip
41,0,0.9586734771728516,0.9494897723197937,-0.009183704853057861,7916,Data/tmpModels/gen_41_ind_0_before.zip,Data/tmpModels/gen_41_ind_0_after.zip
41,1,0.0,0.9311224222183228,0.9311224222183228,7916,Data/tmpModels/gen_41_ind_1_before.zip,Data/tmpModels/gen_41_ind_1_after.zip
41,2,0.9494897723197937,0.9311224222183228,-0.018367350101470947,7916,Data/tmpModels/gen_41_ind_2_before.zip,Data/tmpModels/gen_41_ind_2_after.zip
41,3,0.954081654548645,0.9586734771728516,0.004591822624206543,7916,Data/tmpModels/gen_41_ind_3_before.zip,Data/tmpModels/gen_41_ind_3_after.zip
41,4,0.954081654548645,0.9494897723197937,-0.004591882228851318,7916,Data/tmpModels/gen_41_ind_4_before.zip,Data/tmpModels/gen_41_ind_4_after.zip
41,5,0.9586734771728516,0.9311224222183228,-0.02755105495452881,7916,Data/tmpModels/gen_41_ind_5_before.zip,Data/tmpModels/gen_41_ind_5_after.zip
41,6,0.9494897723197937,0.9586734771728516,0.009183704853057861,7916,Data/tmpModels/gen_41_ind_6_before.zip,Data/tmpModels/gen_41_ind_6_after.zip
41,7,0.9586734771728516,0.954081654548645,-0.004591822624206543,7916,Data/tmpModels/gen_41_ind_7_before.zip,Data/tmpModels/gen_41_ind_7_after.zip
41,8,0.0,0.9586734771728516,0.9586734771728516,7916,Data/tmpModels/gen_41_ind_8_before.zip,Data/tmpModels/gen_41_ind_8_after.zip
41,9,0.9311224222183228,0.9494897723197937,0.018367350101470947,7916,Data/tmpModels/gen_41_ind_9_before.zip,Data/tmpModels/gen_41_ind_9_after.zip
41,10,0.9586734771728516,0.9494897723197937,-0.009183704853057861,7916,Data/tmpModels/gen_41_ind_10_before.zip,Data/tmpModels/gen_41_ind_10_after.zip
41,11,0.9494897723197937,0.9311224222183228,-0.018367350101470947,7916,Data/tmpModels/gen_41_ind_11_before.zip,Data/tmpModels/gen_41_ind_11_after.zip
41,12,0.9586734771728516,0.9494897723197937,-0.009183704853057861,7916,Data/tmpModels/gen_41_ind_12_before.zip,Data/tmpModels/gen_41_ind_12_after.zip
41,13,0.9494897723197937,0.0,-0.9494897723197937,7916,Data/tmpModels/gen_41_ind_13_before.zip,Data/tmpModels/gen_41_ind_13_after.zip
41,14,0.9494897723197937,0.9586734771728516,0.009183704853057861,7916,Data/tmpModels/gen_41_ind_14_before.zip,Data/tmpModels/gen_41_ind_14_after.zip
41,15,0.0,0.954081654548645,0.954081654548645,7916,Data/tmpModels/gen_41_ind_15_before.zip,Data/tmpModels/gen_41_ind_15_after.zip
41,16,0.9494897723197937,0.9494897723197937,0.0,7916,Data/tmpModels/gen_41_ind_16_before.zip,Data/tmpModels/gen_41_ind_16_after.zip
41,17,0.9586734771728516,0.9494897723197937,-0.009183704853057861,7916,Data/tmpModels/gen_41_ind_17_before.zip,Data/tmpModels/gen_41_ind_17_after.zip
41,18,0.9494897723197937,0.9311224222183228,-0.018367350101470947,7916,Data/tmpModels/gen_41_ind_18_before.zip,Data/tmpModels/gen_41_ind_18_after.zip
41,19,0.9586734771728516,0.9494897723197937,-0.009183704853057861,7916,Data/tmpModels/gen_41_ind_19_before.zip,Data/tmpModels/gen_41_ind_19_after.zip
42,0,0.9311224222183228,0.0,-0.9311224222183228,7500,Data/tmpModels/gen_42_ind_0_before.zip,Data/tmpModels/gen_42_ind_0_after.zip
42,1,0.9494897723197937,0.9586734771728516,0.009183704853057861,7500,Data/tmpModels/gen_42_ind_1_before.zip,Data/tmpModels/gen_42_ind_1_after.zip
42,2,0.9311224222183228,0.9311224222183228,0.0,7500,Data/tmpModels/gen_42_ind_2_before.zip,Data/tmpModels/gen_42_ind_2_after.zip
42,3,0.9311224222183228,0.9311224222183228,0.0,7500,Data/tmpModels/gen_42_ind_3_before.zip,Data/tmpModels/gen_42_ind_3_after.zip
42,4,0.0,0.954081654548645,0.954081654548645,7500,Data/tmpModels/gen_42_ind_4_before.zip,Data/tmpModels/gen_42_ind_4_after.zip
42,5,0.9586734771728516,0.954081654548645,-0.004591822624206543,7500,Data/tmpModels/gen_42_ind_5_before.zip,Data/tmpModels/gen_42_ind_5_after.zip
42,6,0.9311224222183228,0.9494897723197937,0.018367350101470947,7500,Data/tmpModels/gen_42_ind_6_before.zip,Data/tmpModels/gen_42_ind_6_after.zip
42,7,0.9311224222183228,0.9586734771728516,0.02755105495452881,7500,Data/tmpModels/gen_42_ind_7_before.zip,Data/tmpModels/gen_42_ind_7_after.zip
42,8,0.9494897723197937,0.0,-0.9494897723197937,7500,Data/tmpModels/gen_42_ind_8_before.zip,Data/tmpModels/gen_42_ind_8_after.zip
42,9,0.9586734771728516,0.9586734771728516,0.0,7500,Data/tmpModels/gen_42_ind_9_before.zip,Data/tmpModels/gen_42_ind_9_after.zip
42,10,0.9311224222183228,0.954081654548645,0.022959232330322266,7500,Data/tmpModels/gen_42_ind_10_before.zip,Data/tmpModels/gen_42_ind_10_after.zip
42,11,0.9494897723197937,0.9494897723197937,0.0,7500,Data/tmpModels/gen_42_ind_11_before.zip,Data/tmpModels/gen_42_ind_11_after.zip
42,12,0.9494897723197937,0.9494897723197937,0.0,7500,Data/tmpModels/gen_42_ind_12_before.zip,Data/tmpModels/gen_42_ind_12_after.zip
42,13,0.9586734771728516,0.9494897723197937,-0.009183704853057861,7500,Data/tmpModels/gen_42_ind_13_before.zip,Data/tmpModels/gen_42_ind_13_after.zip
42,14,0.9311224222183228,0.9311224222183228,0.0,7500,Data/tmpModels/gen_42_ind_14_before.zip,Data/tmpModels/gen_42_ind_14_after.zip
42,15,0.9586734771728516,0.9586734771728516,0.0,7500,Data/tmpModels/gen_42_ind_15_before.zip,Data/tmpModels/gen_42_ind_15_after.zip
42,16,0.9494897723197937,0.0,-0.9494897723197937,7500,Data/tmpModels/gen_42_ind_16_before.zip,Data/tmpModels/gen_42_ind_16_after.zip
42,17,0.0,0.9311224222183228,0.9311224222183228,7500,Data/tmpModels/gen_42_ind_17_before.zip,Data/tmpModels/gen_42_ind_17_after.zip
42,18,0.9494897723197937,0.9494897723197937,0.0,7500,Data/tmpModels/gen_42_ind_18_before.zip,Data/tmpModels/gen_42_ind_18_after.zip
42,19,0.954081654548645,0.954081654548645,0.0,7500,Data/tmpModels/gen_42_ind_19_before.zip,Data/tmpModels/gen_42_ind_19_after.zip
43,0,0.9586734771728516,0.9494897723197937,-0.009183704853057861,7083,Data/tmpModels/gen_43_ind_0_before.zip,Data/tmpModels/gen_43_ind_0_after.zip
43,1,0.9311224222183228,0.9311224222183228,0.0,7083,Data/tmpModels/gen_43_ind_1_before.zip,Data/tmpModels/gen_43_ind_1_after.zip
43,2,0.9586734771728516,0.954081654548645,-0.004591822624206543,7083,Data/tmpModels/gen_43_ind_2_before.zip,Data/tmpModels/gen_43_ind_2_after.zip
43,3,0.9586734771728516,0.9494897723197937,-0.009183704853057861,7083,Data/tmpModels/gen_43_ind_3_before.zip,Data/tmpModels/gen_43_ind_3_after.zip
43,4,0.954081654548645,0.9494897723197937,-0.004591882228851318,7083,Data/tmpModels/gen_43_ind_4_before.zip,Data/tmpModels/gen_43_ind_4_after.zip
43,5,0.954081654548645,0.954081654548645,0.0,7083,Data/tmpModels/gen_43_ind_5_before.zip,Data/tmpModels/gen_43_ind_5_after.zip
43,6,0.9311224222183228,0.9494897723197937,0.018367350101470947,7083,Data/tmpModels/gen_43_ind_6_before.zip,Data/tmpModels/gen_43_ind_6_after.zip
43,7,0.9311224222183228,0.9586734771728516,0.02755105495452881,7083,Data/tmpModels/gen_43_ind_7_before.zip,Data/tmpModels/gen_43_ind_7_after.zip
43,8,0.954081654548645,0.9494897723197937,-0.004591882228851318,7083,Data/tmpModels/gen_43_ind_8_before.zip,Data/tmpModels/gen_43_ind_8_after.zip
43,9,0.0,0.9586734771728516,0.9586734771728516,7083,Data/tmpModels/gen_43_ind_9_before.zip,Data/tmpModels/gen_43_ind_9_after.zip
43,10,0.9586734771728516,0.0,-0.9586734771728516,7083,Data/tmpModels/gen_43_ind_10_before.zip,Data/tmpModels/gen_43_ind_10_after.zip
43,11,0.9494897723197937,0.9494897723197937,0.0,7083,Data/tmpModels/gen_43_ind_11_before.zip,Data/tmpModels/gen_43_ind_11_after.zip
43,12,0.9586734771728516,0.9494897723197937,-0.009183704853057861,7083,Data/tmpModels/gen_43_ind_12_before.zip,Data/tmpModels/gen_43_ind_12_after.zip
43,13,0.9494897723197937,0.9494897723197937,0.0,7083,Data/tmpModels/gen_43_ind_13_before.zip,Data/tmpModels/gen_43_ind_13_after.zip
43,14,0.9494897723197937,0.954081654548645,0.004591882228851318,7083,Data/tmpModels/gen_43_ind_14_before.zip,Data/tmpModels/gen_43_ind_14_after.zip
43,15,0.9311224222183228,0.9494897723197937,0.018367350101470947,7083,Data/tmpModels/gen_43_ind_15_before.zip,Data/tmpModels/gen_43_ind_15_after.zip
43,16,0.9311224222183228,0.954081654548645,0.022959232330322266,7083,Data/tmpModels/gen_43_ind_16_before.zip,Data/tmpModels/gen_43_ind_16_after.zip
43,17,0.954081654548645,0.9494897723197937,-0.004591882228851318,7083,Data/tmpModels/gen_43_ind_17_before.zip,Data/tmpModels/gen_43_ind_17_after.zip
43,18,0.9494897723197937,0.0,-0.9494897723197937,7083,Data/tmpModels/gen_43_ind_18_before.zip,Data/tmpModels/gen_43_ind_18_after.zip
43,19,0.9494897723197937,0.9494897723197937,0.0,7083,Data/tmpModels/gen_43_ind_19_before.zip,Data/tmpModels/gen_43_ind_19_after.zip
44,0,0.9494897723197937,0.9311224222183228,-0.018367350101470947,6666,Data/tmpModels/gen_44_ind_0_before.zip,Data/tmpModels/gen_44_ind_0_after.zip
44,1,0.9494897723197937,0.9494897723197937,0.0,6666,Data/tmpModels/gen_44_ind_1_before.zip,Data/tmpModels/gen_44_ind_1_after.zip
44,2,0.9494897723197937,0.9586734771728516,0.009183704853057861,6666,Data/tmpModels/gen_44_ind_2_before.zip,Data/tmpModels/gen_44_ind_2_after.zip
44,3,0.9494897723197937,0.9311224222183228,-0.018367350101470947,6666,Data/tmpModels/gen_44_ind_3_before.zip,Data/tmpModels/gen_44_ind_3_after.zip
44,4,0.9586734771728516,0.9311224222183228,-0.02755105495452881,6666,Data/tmpModels/gen_44_ind_4_before.zip,Data/tmpModels/gen_44_ind_4_after.zip
44,5,0.9311224222183228,0.0,-0.9311224222183228,6666,Data/tmpModels/gen_44_ind_5_before.zip,Data/tmpModels/gen_44_ind_5_after.zip
44,6,0.9311224222183228,0.9311224222183228,0.0,6666,Data/tmpModels/gen_44_ind_6_before.zip,Data/tmpModels/gen_44_ind_6_after.zip
44,7,0.0,0.9494897723197937,0.9494897723197937,6666,Data/tmpModels/gen_44_ind_7_before.zip,Data/tmpModels/gen_44_ind_7_after.zip
44,8,0.0,0.9586734771728516,0.9586734771728516,6666,Data/tmpModels/gen_44_ind_8_before.zip,Data/tmpModels/gen_44_ind_8_after.zip
44,9,0.9494897723197937,0.0,-0.9494897723197937,6666,Data/tmpModels/gen_44_ind_9_before.zip,Data/tmpModels/gen_44_ind_9_after.zip
44,10,0.9494897723197937,0.9494897723197937,0.0,6666,Data/tmpModels/gen_44_ind_10_before.zip,Data/tmpModels/gen_44_ind_10_after.zip
44,11,0.0,0.9494897723197937,0.9494897723197937,6666,Data/tmpModels/gen_44_ind_11_before.zip,Data/tmpModels/gen_44_ind_11_after.zip
44,12,0.9494897723197937,0.9311224222183228,-0.018367350101470947,6666,Data/tmpModels/gen_44_ind_12_before.zip,Data/tmpModels/gen_44_ind_12_after.zip
44,13,0.9494897723197937,0.954081654548645,0.004591882228851318,6666,Data/tmpModels/gen_44_ind_13_before.zip,Data/tmpModels/gen_44_ind_13_after.zip
44,14,0.9311224222183228,0.9586734771728516,0.02755105495452881,6666,Data/tmpModels/gen_44_ind_14_before.zip,Data/tmpModels/gen_44_ind_14_after.zip
44,15,0.9494897723197937,0.9494897723197937,0.0,6666,Data/tmpModels/gen_44_ind_15_before.zip,Data/tmpModels/gen_44_ind_15_after.zip
44,16,0.9586734771728516,0.9494897723197937,-0.009183704853057861,6666,Data/tmpModels/gen_44_ind_16_before.zip,Data/tmpModels/gen_44_ind_16_after.zip
44,17,0.0,0.954081654548645,0.954081654548645,6666,Data/tmpModels/gen_44_ind_17_before.zip,Data/tmpModels/gen_44_ind_17_after.zip
44,18,0.9586734771728516,0.9494897723197937,-0.009183704853057861,6666,Data/tmpModels/gen_44_ind_18_before.zip,Data/tmpModels/gen_44_ind_18_after.zip
44,19,0.9586734771728516,0.9494897723197937,-0.009183704853057861,6666,Data/tmpModels/gen_44_ind_19_before.zip,Data/tmpModels/gen_44_ind_19_after.zip
45,0,0.0,0.9311224222183228,0.9311224222183228,6250,Data/tmpModels/gen_45_ind_0_before.zip,Data/tmpModels/gen_45_ind_0_after.zip
45,1,0.9494897723197937,0.954081654548645,0.004591882228851318,6250,Data/tmpModels/gen_45_ind_1_before.zip,Data/tmpModels/gen_45_ind_1_after.zip
45,2,0.9494897723197937,0.9586734771728516,0.009183704853057861,6250,Data/tmpModels/gen_45_ind_2_before.zip,Data/tmpModels/gen_45_ind_2_after.zip
45,3,0.9311224222183228,0.9311224222183228,0.0,6250,Data/tmpModels/gen_45_ind_3_before.zip,Data/tmpModels/gen_45_ind_3_after.zip
45,4,0.0,0.9494897723197937,0.9494897723197937,6250,Data/tmpModels/gen_45_ind_4_before.zip,Data/tmpModels/gen_45_ind_4_after.zip
45,5,0.9586734771728516,0.9494897723197937,-0.009183704853057861,6250,Data/tmpModels/gen_45_ind_5_before.zip,Data/tmpModels/gen_45_ind_5_after.zip
45,6,0.9586734771728516,0.9311224222183228,-0.02755105495452881,6250,Data/tmpModels/gen_45_ind_6_before.zip,Data/tmpModels/gen_45_ind_6_after.zip
45,7,0.9586734771728516,0.954081654548645,-0.004591822624206543,6250,Data/tmpModels/gen_45_ind_7_before.zip,Data/tmpModels/gen_45_ind_7_after.zip
45,8,0.9494897723197937,0.9494897723197937,0.0,6250,Data/tmpModels/gen_45_ind_8_before.zip,Data/tmpModels/gen_45_ind_8_after.zip
45,9,0.9586734771728516,0.9494897723197937,-0.009183704853057861,6250,Data/tmpModels/gen_45_ind_9_before.zip,Data/tmpModels/gen_45_ind_9_after.zip
45,10,0.954081654548645,0.9586734771728516,0.004591822624206543,6250,Data/tmpModels/gen_45_ind_10_before.zip,Data/tmpModels/gen_45_ind_10_after.zip
45,11,0.9494897723197937,0.954081654548645,0.004591882228851318,6250,Data/tmpModels/gen_45_ind_11_before.zip,Data/tmpModels/gen_45_ind_11_after.zip
45,12,0.9494897723197937,0.954081654548645,0.004591882228851318,6250,Data/tmpModels/gen_45_ind_12_before.zip,Data/tmpModels/gen_45_ind_12_after.zip
45,13,0.9311224222183228,0.9586734771728516,0.02755105495452881,6250,Data/tmpModels/gen_45_ind_13_before.zip,Data/tmpModels/gen_45_ind_13_after.zip
45,14,0.954081654548645,0.954081654548645,0.0,6250,Data/tmpModels/gen_45_ind_14_before.zip,Data/tmpModels/gen_45_ind_14_after.zip
45,15,0.954081654548645,0.9311224222183228,-0.022959232330322266,6250,Data/tmpModels/gen_45_ind_15_before.zip,Data/tmpModels/gen_45_ind_15_after.zip
45,16,0.9311224222183228,0.9494897723197937,0.018367350101470947,6250,Data/tmpModels/gen_45_ind_16_before.zip,Data/tmpModels/gen_45_ind_16_after.zip
45,17,0.9494897723197937,0.9586734771728516,0.009183704853057861,6250,Data/tmpModels/gen_45_ind_17_before.zip,Data/tmpModels/gen_45_ind_17_after.zip
45,18,0.9311224222183228,0.9494897723197937,0.018367350101470947,6250,Data/tmpModels/gen_45_ind_18_before.zip,Data/tmpModels/gen_45_ind_18_after.zip
45,19,0.9586734771728516,0.9586734771728516,0.0,6250,Data/tmpModels/gen_45_ind_19_before.zip,Data/tmpModels/gen_45_ind_19_after.zip
46,0,0.9494897723197937,0.9494897723197937,0.0,5833,Data/tmpModels/gen_46_ind_0_before.zip,Data/tmpModels/gen_46_ind_0_after.zip
46,1,0.9586734771728516,0.9311224222183228,-0.02755105495452881,5833,Data/tmpModels/gen_46_ind_1_before.zip,Data/tmpModels/gen_46_ind_1_after.zip
46,2,0.9494897723197937,0.9494897723197937,0.0,5833,Data/tmpModels/gen_46_ind_2_before.zip,Data/tmpModels/gen_46_ind_2_after.zip
46,3,0.9586734771728516,0.9494897723197937,-0.009183704853057861,5833,Data/tmpModels/gen_46_ind_3_before.zip,Data/tmpModels/gen_46_ind_3_after.zip
46,4,0.9586734771728516,0.9311224222183228,-0.02755105495452881,5833,Data/tmpModels/gen_46_ind_4_before.zip,Data/tmpModels/gen_46_ind_4_after.zip
46,5,0.954081654548645,0.954081654548645,0.0,5833,Data/tmpModels/gen_46_ind_5_before.zip,Data/tmpModels/gen_46_ind_5_after.zip
46,6,0.954081654548645,0.9494897723197937,-0.004591882228851318,5833,Data/tmpModels/gen_46_ind_6_before.zip,Data/tmpModels/gen_46_ind_6_after.zip
46,7,0.9494897723197937,0.9494897723197937,0.0,5833,Data/tmpModels/gen_46_ind_7_before.zip,Data/tmpModels/gen_46_ind_7_after.zip
46,8,0.9494897723197937,0.9311224222183228,-0.018367350101470947,5833,Data/tmpModels/gen_46_ind_8_before.zip,Data/tmpModels/gen_46_ind_8_after.zip
46,9,0.954081654548645,0.9586734771728516,0.004591822624206543,5833,Data/tmpModels/gen_46_ind_9_before.zip,Data/tmpModels/gen_46_ind_9_after.zip
46,10,0.9219387769699097,0.9494897723197937,0.027550995349884033,5833,Data/tmpModels/gen_46_ind_10_before.zip,Data/tmpModels/gen_46_ind_10_after.zip
46,11,0.9586734771728516,0.9311224222183228,-0.02755105495452881,5833,Data/tmpModels/gen_46_ind_11_before.zip,Data/tmpModels/gen_46_ind_11_after.zip
46,12,0.9586734771728516,0.954081654548645,-0.004591822624206543,5833,Data/tmpModels/gen_46_ind_12_before.zip,Data/tmpModels/gen_46_ind_12_after.zip
46,13,0.0,0.954081654548645,0.954081654548645,5833,Data/tmpModels/gen_46_ind_13_before.zip,Data/tmpModels/gen_46_ind_13_after.zip
46,14,0.954081654548645,0.9586734771728516,0.004591822624206543,5833,Data/tmpModels/gen_46_ind_14_before.zip,Data/tmpModels/gen_46_ind_14_after.zip
46,15,0.9311224222183228,0.9494897723197937,0.018367350101470947,5833,Data/tmpModels/gen_46_ind_15_before.zip,Data/tmpModels/gen_46_ind_15_after.zip
46,16,0.9494897723197937,0.9586734771728516,0.009183704853057861,5833,Data/tmpModels/gen_46_ind_16_before.zip,Data/tmpModels/gen_46_ind_16_after.zip
46,17,0.9586734771728516,0.954081654548645,-0.004591822624206543,5833,Data/tmpModels/gen_46_ind_17_before.zip,Data/tmpModels/gen_46_ind_17_after.zip
46,18,0.9494897723197937,0.9494897723197937,0.0,5833,Data/tmpModels/gen_46_ind_18_before.zip,Data/tmpModels/gen_46_ind_18_after.zip
46,19,0.9311224222183228,0.9494897723197937,0.018367350101470947,5833,Data/tmpModels/gen_46_ind_19_before.zip,Data/tmpModels/gen_46_ind_19_after.zip
47,0,0.9586734771728516,0.9494897723197937,-0.009183704853057861,5416,Data/tmpModels/gen_47_ind_0_before.zip,Data/tmpModels/gen_47_ind_0_after.zip
47,1,0.9311224222183228,0.9494897723197937,0.018367350101470947,5416,Data/tmpModels/gen_47_ind_1_before.zip,Data/tmpModels/gen_47_ind_1_after.zip
47,2,0.9311224222183228,0.954081654548645,0.022959232330322266,5416,Data/tmpModels/gen_47_ind_2_before.zip,Data/tmpModels/gen_47_ind_2_after.zip
47,3,0.9494897723197937,0.954081654548645,0.004591882228851318,5416,Data/tmpModels/gen_47_ind_3_before.zip,Data/tmpModels/gen_47_ind_3_after.zip
47,4,0.0,0.954081654548645,0.954081654548645,5416,Data/tmpModels/gen_47_ind_4_before.zip,Data/tmpModels/gen_47_ind_4_after.zip
47,5,0.954081654548645,0.954081654548645,0.0,5416,Data/tmpModels/gen_47_ind_5_before.zip,Data/tmpModels/gen_47_ind_5_after.zip
47,6,0.0,0.954081654548645,0.954081654548645,5416,Data/tmpModels/gen_47_ind_6_before.zip,Data/tmpModels/gen_47_ind_6_after.zip
47,7,0.0,0.9311224222183228,0.9311224222183228,5416,Data/tmpModels/gen_47_ind_7_before.zip,Data/tmpModels/gen_47_ind_7_after.zip
47,8,0.0,0.9586734771728516,0.9586734771728516,5416,Data/tmpModels/gen_47_ind_8_before.zip,Data/tmpModels/gen_47_ind_8_after.zip
47,9,0.0,0.9494897723197937,0.9494897723197937,5416,Data/tmpModels/gen_47_ind_9_before.zip,Data/tmpModels/gen_47_ind_9_after.zip
47,10,0.9494897723197937,0.9311224222183228,-0.018367350101470947,5416,Data/tmpModels/gen_47_ind_10_before.zip,Data/tmpModels/gen_47_ind_10_after.zip
47,11,0.9311224222183228,0.0,-0.9311224222183228,5416,Data/tmpModels/gen_47_ind_11_before.zip,Data/tmpModels/gen_47_ind_11_after.zip
47,12,0.9494897723197937,0.9494897723197937,0.0,5416,Data/tmpModels/gen_47_ind_12_before.zip,Data/tmpModels/gen_47_ind_12_after.zip
47,13,0.9586734771728516,0.9311224222183228,-0.02755105495452881,5416,Data/tmpModels/gen_47_ind_13_before.zip,Data/tmpModels/gen_47_ind_13_after.zip
47,14,0.9494897723197937,0.9494897723197937,0.0,5416,Data/tmpModels/gen_47_ind_14_before.zip,Data/tmpModels/gen_47_ind_14_after.zip
47,15,0.9586734771728516,0.9494897723197937,-0.009183704853057861,5416,Data/tmpModels/gen_47_ind_15_before.zip,Data/tmpModels/gen_47_ind_15_after.zip
47,16,0.9494897723197937,0.954081654548645,0.004591882228851318,5416,Data/tmpModels/gen_47_ind_16_before.zip,Data/tmpModels/gen_47_ind_16_after.zip
47,17,0.954081654548645,0.9494897723197937,-0.004591882228851318,5416,Data/tmpModels/gen_47_ind_17_before.zip,Data/tmpModels/gen_47_ind_17_after.zip
47,18,0.0,0.954081654548645,0.954081654548645,5416,Data/tmpModels/gen_47_ind_18_before.zip,Data/tmpModels/gen_47_ind_18_after.zip
47,19,0.9494897723197937,0.9586734771728516,0.009183704853057861,5416,Data/tmpModels/gen_47_ind_19_before.zip,Data/tmpModels/gen_47_ind_19_after.zip
48,0,0.954081654548645,0.9586734771728516,0.004591822624206543,4999,Data/tmpModels/gen_48_ind_0_before.zip,Data/tmpModels/gen_48_ind_0_after.zip
48,1,0.954081654548645,0.9586734771728516,0.004591822624206543,4999,Data/tmpModels/gen_48_ind_1_before.zip,Data/tmpModels/gen_48_ind_1_after.zip
48,2,0.954081654548645,0.9494897723197937,-0.004591882228851318,4999,Data/tmpModels/gen_48_ind_2_before.zip,Data/tmpModels/gen_48_ind_2_after.zip
48,3,0.9311224222183228,0.954081654548645,0.022959232330322266,4999,Data/tmpModels/gen_48_ind_3_before.zip,Data/tmpModels/gen_48_ind_3_after.zip
48,4,0.9494897723197937,0.9494897723197937,0.0,4999,Data/tmpModels/gen_48_ind_4_before.zip,Data/tmpModels/gen_48_ind_4_after.zip
48,5,0.9173469543457031,0.9494897723197937,0.032142817974090576,4999,Data/tmpModels/gen_48_ind_5_before.zip,Data/tmpModels/gen_48_ind_5_after.zip
48,6,0.9494897723197937,0.954081654548645,0.004591882228851318,4999,Data/tmpModels/gen_48_ind_6_before.zip,Data/tmpModels/gen_48_ind_6_after.zip
48,7,0.9494897723197937,0.9586734771728516,0.009183704853057861,4999,Data/tmpModels/gen_48_ind_7_before.zip,Data/tmpModels/gen_48_ind_7_after.zip
48,8,0.0,0.9494897723197937,0.9494897723197937,4999,Data/tmpModels/gen_48_ind_8_before.zip,Data/tmpModels/gen_48_ind_8_after.zip
48,9,0.9494897723197937,0.9494897723197937,0.0,4999,Data/tmpModels/gen_48_ind_9_before.zip,Data/tmpModels/gen_48_ind_9_after.zip
48,10,0.0,0.9494897723197937,0.9494897723197937,4999,Data/tmpModels/gen_48_ind_10_before.zip,Data/tmpModels/gen_48_ind_10_after.zip
48,11,0.9494897723197937,0.954081654548645,0.004591882228851318,4999,Data/tmpModels/gen_48_ind_11_before.zip,Data/tmpModels/gen_48_ind_11_after.zip
48,12,0.9494897723197937,0.9586734771728516,0.009183704853057861,4999,Data/tmpModels/gen_48_ind_12_before.zip,Data/tmpModels/gen_48_ind_12_after.zip
48,13,0.954081654548645,0.9586734771728516,0.004591822624206543,4999,Data/tmpModels/gen_48_ind_13_before.zip,Data/tmpModels/gen_48_ind_13_after.zip
48,14,0.954081654548645,0.954081654548645,0.0,4999,Data/tmpModels/gen_48_ind_14_before.zip,Data/tmpModels/gen_48_ind_14_after.zip
48,15,0.9311224222183228,0.9311224222183228,0.0,4999,Data/tmpModels/gen_48_ind_15_before.zip,Data/tmpModels/gen_48_ind_15_after.zip
48,16,0.9311224222183228,0.9586734771728516,0.02755105495452881,4999,Data/tmpModels/gen_48_ind_16_before.zip,Data/tmpModels/gen_48_ind_16_after.zip
48,17,0.954081654548645,0.9494897723197937,-0.004591882228851318,4999,Data/tmpModels/gen_48_ind_17_before.zip,Data/tmpModels/gen_48_ind_17_after.zip
48,18,0.0,0.9494897723197937,0.9494897723197937,4999,Data/tmpModels/gen_48_ind_18_before.zip,Data/tmpModels/gen_48_ind_18_after.zip
48,19,0.9311224222183228,0.9494897723197937,0.018367350101470947,4999,Data/tmpModels/gen_48_ind_19_before.zip,Data/tmpModels/gen_48_ind_19_after.zip
49,0,0.9311224222183228,0.9311224222183228,0.0,4583,Data/tmpModels/gen_49_ind_0_before.zip,Data/tmpModels/gen_49_ind_0_after.zip
49,1,0.9494897723197937,0.954081654548645,0.004591882228851318,4583,Data/tmpModels/gen_49_ind_1_before.zip,Data/tmpModels/gen_49_ind_1_after.zip
49,2,0.9494897723197937,0.9586734771728516,0.009183704853057861,4583,Data/tmpModels/gen_49_ind_2_before.zip,Data/tmpModels/gen_49_ind_2_after.zip
49,3,0.9494897723197937,0.954081654548645,0.004591882228851318,4583,Data/tmpModels/gen_49_ind_3_before.zip,Data/tmpModels/gen_49_ind_3_after.zip
49,4,0.0,0.0,0.0,4583,Data/tmpModels/gen_49_ind_4_before.zip,Data/tmpModels/gen_49_ind_4_after.zip
49,5,0.9494897723197937,0.9494897723197937,0.0,4583,Data/tmpModels/gen_49_ind_5_before.zip,Data/tmpModels/gen_49_ind_5_after.zip
49,6,0.9494897723197937,0.9494897723197937,0.0,4583,Data/tmpModels/gen_49_ind_6_before.zip,Data/tmpModels/gen_49_ind_6_after.zip
49,7,0.9586734771728516,0.9311224222183228,-0.02755105495452881,4583,Data/tmpModels/gen_49_ind_7_before.zip,Data/tmpModels/gen_49_ind_7_after.zip
49,8,0.9311224222183228,0.9494897723197937,0.018367350101470947,4583,Data/tmpModels/gen_49_ind_8_before.zip,Data/tmpModels/gen_49_ind_8_after.zip
49,9,0.0,0.0,0.0,4583,Data/tmpModels/gen_49_ind_9_before.zip,Data/tmpModels/gen_49_ind_9_after.zip
49,10,0.9311224222183228,0.9494897723197937,0.018367350101470947,4583,Data/tmpModels/gen_49_ind_10_before.zip,Data/tmpModels/gen_49_ind_10_after.zip
49,11,0.954081654548645,0.9586734771728516,0.004591822624206543,4583,Data/tmpModels/gen_49_ind_11_before.zip,Data/tmpModels/gen_49_ind_11_after.zip
49,12,0.9311224222183228,0.9494897723197937,0.018367350101470947,4583,Data/tmpModels/gen_49_ind_12_before.zip,Data/tmpModels/gen_49_ind_12_after.zip
49,13,0.9494897723197937,0.954081654548645,0.004591882228851318,4583,Data/tmpModels/gen_49_ind_13_before.zip,Data/tmpModels/gen_49_ind_13_after.zip
49,14,0.9586734771728516,0.9494897723197937,-0.009183704853057861,4583,Data/tmpModels/gen_49_ind_14_before.zip,Data/tmpModels/gen_49_ind_14_after.zip
49,15,0.9586734771728516,0.9494897723197937,-0.009183704853057861,4583,Data/tmpModels/gen_49_ind_15_before.zip,Data/tmpModels/gen_49_ind_15_after.zip
49,16,0.9311224222183228,0.9586734771728516,0.02755105495452881,4583,Data/tmpModels/gen_49_ind_16_before.zip,Data/tmpModels/gen_49_ind_16_after.zip
49,17,0.9311224222183228,0.9311224222183228,0.0,4583,Data/tmpModels/gen_49_ind_17_before.zip,Data/tmpModels/gen_49_ind_17_after.zip
49,18,0.9494897723197937,0.9311224222183228,-0.018367350101470947,4583,Data/tmpModels/gen_49_ind_18_before.zip,Data/tmpModels/gen_49_ind_18_after.zip
49,19,0.9494897723197937,0.9311224222183228,-0.018367350101470947,4583,Data/tmpModels/gen_49_ind_19_before.zip,Data/tmpModels/gen_49_ind_19_after.zip
50,0,0.9494897723197937,0.9494897723197937,0.0,4166,Data/tmpModels/gen_50_ind_0_before.zip,Data/tmpModels/gen_50_ind_0_after.zip
50,1,0.0,0.954081654548645,0.954081654548645,4166,Data/tmpModels/gen_50_ind_1_before.zip,Data/tmpModels/gen_50_ind_1_after.zip
50,2,0.9494897723197937,0.9494897723197937,0.0,4166,Data/tmpModels/gen_50_ind_2_before.zip,Data/tmpModels/gen_50_ind_2_after.zip
50,3,0.9586734771728516,0.9494897723197937,-0.009183704853057861,4166,Data/tmpModels/gen_50_ind_3_before.zip,Data/tmpModels/gen_50_ind_3_after.zip
50,4,0.9494897723197937,0.954081654548645,0.004591882228851318,4166,Data/tmpModels/gen_50_ind_4_before.zip,Data/tmpModels/gen_50_ind_4_after.zip
50,5,0.9311224222183228,0.9311224222183228,0.0,4166,Data/tmpModels/gen_50_ind_5_before.zip,Data/tmpModels/gen_50_ind_5_after.zip
50,6,0.9494897723197937,0.954081654548645,0.004591882228851318,4166,Data/tmpModels/gen_50_ind_6_before.zip,Data/tmpModels/gen_50_ind_6_after.zip
50,7,0.9494897723197937,0.9586734771728516,0.009183704853057861,4166,Data/tmpModels/gen_50_ind_7_before.zip,Data/tmpModels/gen_50_ind_7_after.zip
50,8,0.9494897723197937,0.9311224222183228,-0.018367350101470947,4166,Data/tmpModels/gen_50_ind_8_before.zip,Data/tmpModels/gen_50_ind_8_after.zip
50,9,0.9494897723197937,0.9586734771728516,0.009183704853057861,4166,Data/tmpModels/gen_50_ind_9_before.zip,Data/tmpModels/gen_50_ind_9_after.zip
50,10,0.9311224222183228,0.9586734771728516,0.02755105495452881,4166,Data/tmpModels/gen_50_ind_10_before.zip,Data/tmpModels/gen_50_ind_10_after.zip
50,11,0.9586734771728516,0.9494897723197937,-0.009183704853057861,4166,Data/tmpModels/gen_50_ind_11_before.zip,Data/tmpModels/gen_50_ind_11_after.zip
50,12,0.9494897723197937,0.9494897723197937,0.0,4166,Data/tmpModels/gen_50_ind_12_before.zip,Data/tmpModels/gen_50_ind_12_after.zip
50,13,0.954081654548645,0.9494897723197937,-0.004591882228851318,4166,Data/tmpModels/gen_50_ind_13_before.zip,Data/tmpModels/gen_50_ind_13_after.zip
50,14,0.9311224222183228,0.0,-0.9311224222183228,4166,Data/tmpModels/gen_50_ind_14_before.zip,Data/tmpModels/gen_50_ind_14_after.zip
50,15,0.9586734771728516,0.954081654548645,-0.004591822624206543,4166,Data/tmpModels/gen_50_ind_15_before.zip,Data/tmpModels/gen_50_ind_15_after.zip
50,16,0.9494897723197937,0.9586734771728516,0.009183704853057861,4166,Data/tmpModels/gen_50_ind_16_before.zip,Data/tmpModels/gen_50_ind_16_after.zip
50,17,0.9586734771728516,0.9586734771728516,0.0,4166,Data/tmpModels/gen_50_ind_17_before.zip,Data/tmpModels/gen_50_ind_17_after.zip
50,18,0.9494897723197937,0.9494897723197937,0.0,4166,Data/tmpModels/gen_50_ind_18_before.zip,Data/tmpModels/gen_50_ind_18_after.zip
50,19,0.0,0.0,0.0,4166,Data/tmpModels/gen_50_ind_19_before.zip,Data/tmpModels/gen_50_ind_19_after.zip
51,0,0.954081654548645,0.954081654548645,0.0,3750,Data/tmpModels/gen_51_ind_0_before.zip,Data/tmpModels/gen_51_ind_0_after.zip
51,1,0.9494897723197937,0.9586734771728516,0.009183704853057861,3750,Data/tmpModels/gen_51_ind_1_before.zip,Data/tmpModels/gen_51_ind_1_after.zip
51,2,0.9494897723197937,0.9311224222183228,-0.018367350101470947,3750,Data/tmpModels/gen_51_ind_2_before.zip,Data/tmpModels/gen_51_ind_2_after.zip
51,3,0.9494897723197937,0.9494897723197937,0.0,3750,Data/tmpModels/gen_51_ind_3_before.zip,Data/tmpModels/gen_51_ind_3_after.zip
51,4,0.9494897723197937,0.9494897723197937,0.0,3750,Data/tmpModels/gen_51_ind_4_before.zip,Data/tmpModels/gen_51_ind_4_after.zip
51,5,0.8943877816200256,0.9494897723197937,0.055101990699768066,3750,Data/tmpModels/gen_51_ind_5_before.zip,Data/tmpModels/gen_51_ind_5_after.zip
51,6,0.0,0.954081654548645,0.954081654548645,3750,Data/tmpModels/gen_51_ind_6_before.zip,Data/tmpModels/gen_51_ind_6_after.zip
51,7,0.0,0.9494897723197937,0.9494897723197937,3750,Data/tmpModels/gen_51_ind_7_before.zip,Data/tmpModels/gen_51_ind_7_after.zip
51,8,0.0,0.9586734771728516,0.9586734771728516,3750,Data/tmpModels/gen_51_ind_8_before.zip,Data/tmpModels/gen_51_ind_8_after.zip
51,9,0.9494897723197937,0.954081654548645,0.004591882228851318,3750,Data/tmpModels/gen_51_ind_9_before.zip,Data/tmpModels/gen_51_ind_9_after.zip
51,10,0.0,0.9494897723197937,0.9494897723197937,3750,Data/tmpModels/gen_51_ind_10_before.zip,Data/tmpModels/gen_51_ind_10_after.zip
51,11,0.9586734771728516,0.9586734771728516,0.0,3750,Data/tmpModels/gen_51_ind_11_before.zip,Data/tmpModels/gen_51_ind_11_after.zip
51,12,0.9494897723197937,0.9311224222183228,-0.018367350101470947,3750,Data/tmpModels/gen_51_ind_12_before.zip,Data/tmpModels/gen_51_ind_12_after.zip
51,13,0.9311224222183228,0.9494897723197937,0.018367350101470947,3750,Data/tmpModels/gen_51_ind_13_before.zip,Data/tmpModels/gen_51_ind_13_after.zip
51,14,0.0,0.9219387769699097,0.9219387769699097,3750,Data/tmpModels/gen_51_ind_14_before.zip,Data/tmpModels/gen_51_ind_14_after.zip
51,15,0.9494897723197937,0.9494897723197937,0.0,3750,Data/tmpModels/gen_51_ind_15_before.zip,Data/tmpModels/gen_51_ind_15_after.zip
51,16,0.9494897723197937,0.0,-0.9494897723197937,3750,Data/tmpModels/gen_51_ind_16_before.zip,Data/tmpModels/gen_51_ind_16_after.zip
51,17,0.9494897723197937,0.9311224222183228,-0.018367350101470947,3750,Data/tmpModels/gen_51_ind_17_before.zip,Data/tmpModels/gen_51_ind_17_after.zip
51,18,0.0,0.954081654548645,0.954081654548645,3750,Data/tmpModels/gen_51_ind_18_before.zip,Data/tmpModels/gen_51_ind_18_after.zip
51,19,0.9586734771728516,0.9586734771728516,0.0,3750,Data/tmpModels/gen_51_ind_19_before.zip,Data/tmpModels/gen_51_ind_19_after.zip
52,0,0.954081654548645,0.9311224222183228,-0.022959232330322266,3333,Data/tmpModels/gen_52_ind_0_before.zip,Data/tmpModels/gen_52_ind_0_after.zip
52,1,0.9494897723197937,0.9494897723197937,0.0,3333,Data/tmpModels/gen_52_ind_1_before.zip,Data/tmpModels/gen_52_ind_1_after.zip
52,2,0.9586734771728516,0.9494897723197937,-0.009183704853057861,3333,Data/tmpModels/gen_52_ind_2_before.zip,Data/tmpModels/gen_52_ind_2_after.zip
52,3,0.9586734771728516,0.9494897723197937,-0.009183704853057861,3333,Data/tmpModels/gen_52_ind_3_before.zip,Data/tmpModels/gen_52_ind_3_after.zip
52,4,0.9311224222183228,0.9586734771728516,0.02755105495452881,3333,Data/tmpModels/gen_52_ind_4_before.zip,Data/tmpModels/gen_52_ind_4_after.zip
52,5,0.9311224222183228,0.0,-0.9311224222183228,3333,Data/tmpModels/gen_52_ind_5_before.zip,Data/tmpModels/gen_52_ind_5_after.zip
52,6,0.954081654548645,0.9586734771728516,0.004591822624206543,3333,Data/tmpModels/gen_52_ind_6_before.zip,Data/tmpModels/gen_52_ind_6_after.zip
52,7,0.9311224222183228,0.9586734771728516,0.02755105495452881,3333,Data/tmpModels/gen_52_ind_7_before.zip,Data/tmpModels/gen_52_ind_7_after.zip
52,8,0.9586734771728516,0.9586734771728516,0.0,3333,Data/tmpModels/gen_52_ind_8_before.zip,Data/tmpModels/gen_52_ind_8_after.zip
52,9,0.0,0.954081654548645,0.954081654548645,3333,Data/tmpModels/gen_52_ind_9_before.zip,Data/tmpModels/gen_52_ind_9_after.zip
52,10,0.9311224222183228,0.9494897723197937,0.018367350101470947,3333,Data/tmpModels/gen_52_ind_10_before.zip,Data/tmpModels/gen_52_ind_10_after.zip
52,11,0.9586734771728516,0.9586734771728516,0.0,3333,Data/tmpModels/gen_52_ind_11_before.zip,Data/tmpModels/gen_52_ind_11_after.zip
52,12,0.9494897723197937,0.9494897723197937,0.0,3333,Data/tmpModels/gen_52_ind_12_before.zip,Data/tmpModels/gen_52_ind_12_after.zip
52,13,0.9586734771728516,0.0,-0.9586734771728516,3333,Data/tmpModels/gen_52_ind_13_before.zip,Data/tmpModels/gen_52_ind_13_after.zip
52,14,0.0,0.9494897723197937,0.9494897723197937,3333,Data/tmpModels/gen_52_ind_14_before.zip,Data/tmpModels/gen_52_ind_14_after.zip
52,15,0.9586734771728516,0.9494897723197937,-0.009183704853057861,3333,Data/tmpModels/gen_52_ind_15_before.zip,Data/tmpModels/gen_52_ind_15_after.zip
52,16,0.0,0.954081654548645,0.954081654548645,3333,Data/tmpModels/gen_52_ind_16_before.zip,Data/tmpModels/gen_52_ind_16_after.zip
52,17,0.0,0.9311224222183228,0.9311224222183228,3333,Data/tmpModels/gen_52_ind_17_before.zip,Data/tmpModels/gen_52_ind_17_after.zip
52,18,0.9494897723197937,0.9586734771728516,0.009183704853057861,3333,Data/tmpModels/gen_52_ind_18_before.zip,Data/tmpModels/gen_52_ind_18_after.zip
52,19,0.9494897723197937,0.9586734771728516,0.009183704853057861,3333,Data/tmpModels/gen_52_ind_19_before.zip,Data/tmpModels/gen_52_ind_19_after.zip
53,0,0.9494897723197937,0.9494897723197937,0.0,2916,Data/tmpModels/gen_53_ind_0_before.zip,Data/tmpModels/gen_53_ind_0_after.zip
53,1,0.9586734771728516,0.9586734771728516,0.0,2916,Data/tmpModels/gen_53_ind_1_before.zip,Data/tmpModels/gen_53_ind_1_after.zip
53,2,0.0,0.9586734771728516,0.9586734771728516,2916,Data/tmpModels/gen_53_ind_2_before.zip,Data/tmpModels/gen_53_ind_2_after.zip
53,3,0.9586734771728516,0.9494897723197937,-0.009183704853057861,2916,Data/tmpModels/gen_53_ind_3_before.zip,Data/tmpModels/gen_53_ind_3_after.zip
53,4,0.954081654548645,0.9494897723197937,-0.004591882228851318,2916,Data/tmpModels/gen_53_ind_4_before.zip,Data/tmpModels/gen_53_ind_4_after.zip
53,5,0.0,0.9494897723197937,0.9494897723197937,2916,Data/tmpModels/gen_53_ind_5_before.zip,Data/tmpModels/gen_53_ind_5_after.zip
53,6,0.954081654548645,0.9586734771728516,0.004591822624206543,2916,Data/tmpModels/gen_53_ind_6_before.zip,Data/tmpModels/gen_53_ind_6_after.zip
53,7,0.9494897723197937,0.9494897723197937,0.0,2916,Data/tmpModels/gen_53_ind_7_before.zip,Data/tmpModels/gen_53_ind_7_after.zip
53,8,0.954081654548645,0.9494897723197937,-0.004591882228851318,2916,Data/tmpModels/gen_53_ind_8_before.zip,Data/tmpModels/gen_53_ind_8_after.zip
53,9,0.9586734771728516,0.954081654548645,-0.004591822624206543,2916,Data/tmpModels/gen_53_ind_9_before.zip,Data/tmpModels/gen_53_ind_9_after.zip
53,10,0.0,0.9494897723197937,0.9494897723197937,2916,Data/tmpModels/gen_53_ind_10_before.zip,Data/tmpModels/gen_53_ind_10_after.zip
53,11,0.9586734771728516,0.954081654548645,-0.004591822624206543,2916,Data/tmpModels/gen_53_ind_11_before.zip,Data/tmpModels/gen_53_ind_11_after.zip
53,12,0.9494897723197937,0.0,-0.9494897723197937,2916,Data/tmpModels/gen_53_ind_12_before.zip,Data/tmpModels/gen_53_ind_12_after.zip
53,13,0.9586734771728516,0.9311224222183228,-0.02755105495452881,2916,Data/tmpModels/gen_53_ind_13_before.zip,Data/tmpModels/gen_53_ind_13_after.zip
53,14,0.0,0.9494897723197937,0.9494897723197937,2916,Data/tmpModels/gen_53_ind_14_before.zip,Data/tmpModels/gen_53_ind_14_after.zip
53,15,0.9494897723197937,0.9586734771728516,0.009183704853057861,2916,Data/tmpModels/gen_53_ind_15_before.zip,Data/tmpModels/gen_53_ind_15_after.zip
53,16,0.0,0.9311224222183228,0.9311224222183228,2916,Data/tmpModels/gen_53_ind_16_before.zip,Data/tmpModels/gen_53_ind_16_after.zip
53,17,0.9494897723197937,0.9586734771728516,0.009183704853057861,2916,Data/tmpModels/gen_53_ind_17_before.zip,Data/tmpModels/gen_53_ind_17_after.zip
53,18,0.9586734771728516,0.9494897723197937,-0.009183704853057861,2916,Data/tmpModels/gen_53_ind_18_before.zip,Data/tmpModels/gen_53_ind_18_after.zip
53,19,0.0,0.9403061270713806,0.9403061270713806,2916,Data/tmpModels/gen_53_ind_19_before.zip,Data/tmpModels/gen_53_ind_19_after.zip
54,0,0.9494897723197937,0.9311224222183228,-0.018367350101470947,2499,Data/tmpModels/gen_54_ind_0_before.zip,Data/tmpModels/gen_54_ind_0_after.zip
54,1,0.9586734771728516,0.9494897723197937,-0.009183704853057861,2499,Data/tmpModels/gen_54_ind_1_before.zip,Data/tmpModels/gen_54_ind_1_after.zip
54,2,0.9586734771728516,0.9494897723197937,-0.009183704853057861,2499,Data/tmpModels/gen_54_ind_2_before.zip,Data/tmpModels/gen_54_ind_2_after.zip
54,3,0.954081654548645,0.9494897723197937,-0.004591882228851318,2499,Data/tmpModels/gen_54_ind_3_before.zip,Data/tmpModels/gen_54_ind_3_after.zip
54,4,0.9311224222183228,0.9494897723197937,0.018367350101470947,2499,Data/tmpModels/gen_54_ind_4_before.zip,Data/tmpModels/gen_54_ind_4_after.zip
54,5,0.9494897723197937,0.9311224222183228,-0.018367350101470947,2499,Data/tmpModels/gen_54_ind_5_before.zip,Data/tmpModels/gen_54_ind_5_after.zip
54,6,0.9494897723197937,0.9494897723197937,0.0,2499,Data/tmpModels/gen_54_ind_6_before.zip,Data/tmpModels/gen_54_ind_6_after.zip
54,7,0.954081654548645,0.9494897723197937,-0.004591882228851318,2499,Data/tmpModels/gen_54_ind_7_before.zip,Data/tmpModels/gen_54_ind_7_after.zip
54,8,0.954081654548645,0.9311224222183228,-0.022959232330322266,2499,Data/tmpModels/gen_54_ind_8_before.zip,Data/tmpModels/gen_54_ind_8_after.zip
54,9,0.9311224222183228,0.9494897723197937,0.018367350101470947,2499,Data/tmpModels/gen_54_ind_9_before.zip,Data/tmpModels/gen_54_ind_9_after.zip
54,10,0.9494897723197937,0.9494897723197937,0.0,2499,Data/tmpModels/gen_54_ind_10_before.zip,Data/tmpModels/gen_54_ind_10_after.zip
54,11,0.9494897723197937,0.9494897723197937,0.0,2499,Data/tmpModels/gen_54_ind_11_before.zip,Data/tmpModels/gen_54_ind_11_after.zip
54,12,0.9311224222183228,0.9311224222183228,0.0,2499,Data/tmpModels/gen_54_ind_12_before.zip,Data/tmpModels/gen_54_ind_12_after.zip
54,13,0.9494897723197937,0.9494897723197937,0.0,2499,Data/tmpModels/gen_54_ind_13_before.zip,Data/tmpModels/gen_54_ind_13_after.zip
54,14,0.9311224222183228,0.9494897723197937,0.018367350101470947,2499,Data/tmpModels/gen_54_ind_14_before.zip,Data/tmpModels/gen_54_ind_14_after.zip
54,15,0.9494897723197937,0.954081654548645,0.004591882228851318,2499,Data/tmpModels/gen_54_ind_15_before.zip,Data/tmpModels/gen_54_ind_15_after.zip
54,16,0.9311224222183228,0.9494897723197937,0.018367350101470947,2499,Data/tmpModels/gen_54_ind_16_before.zip,Data/tmpModels/gen_54_ind_16_after.zip
54,17,0.9586734771728516,0.9586734771728516,0.0,2499,Data/tmpModels/gen_54_ind_17_before.zip,Data/tmpModels/gen_54_ind_17_after.zip
54,18,0.9494897723197937,0.9586734771728516,0.009183704853057861,2499,Data/tmpModels/gen_54_ind_18_before.zip,Data/tmpModels/gen_54_ind_18_after.zip
54,19,0.9494897723197937,0.954081654548645,0.004591882228851318,2499,Data/tmpModels/gen_54_ind_19_before.zip,Data/tmpModels/gen_54_ind_19_after.zip
55,0,0.9494897723197937,0.954081654548645,0.004591882228851318,2083,Data/tmpModels/gen_55_ind_0_before.zip,Data/tmpModels/gen_55_ind_0_after.zip
55,1,0.9494897723197937,0.9586734771728516,0.009183704853057861,2083,Data/tmpModels/gen_55_ind_1_before.zip,Data/tmpModels/gen_55_ind_1_after.zip
55,2,0.9494897723197937,0.9494897723197937,0.0,2083,Data/tmpModels/gen_55_ind_2_before.zip,Data/tmpModels/gen_55_ind_2_after.zip
55,3,0.9311224222183228,0.9586734771728516,0.02755105495452881,2083,Data/tmpModels/gen_55_ind_3_before.zip,Data/tmpModels/gen_55_ind_3_after.zip
55,4,0.0,0.9494897723197937,0.9494897723197937,2083,Data/tmpModels/gen_55_ind_4_before.zip,Data/tmpModels/gen_55_ind_4_after.zip
55,5,0.954081654548645,0.9494897723197937,-0.004591882228851318,2083,Data/tmpModels/gen_55_ind_5_before.zip,Data/tmpModels/gen_55_ind_5_after.zip
55,6,0.954081654548645,0.9311224222183228,-0.022959232330322266,2083,Data/tmpModels/gen_55_ind_6_before.zip,Data/tmpModels/gen_55_ind_6_after.zip
55,7,0.9494897723197937,0.9494897723197937,0.0,2083,Data/tmpModels/gen_55_ind_7_before.zip,Data/tmpModels/gen_55_ind_7_after.zip
55,8,0.9494897723197937,0.9311224222183228,-0.018367350101470947,2083,Data/tmpModels/gen_55_ind_8_before.zip,Data/tmpModels/gen_55_ind_8_after.zip
55,9,0.9311224222183228,0.9586734771728516,0.02755105495452881,2083,Data/tmpModels/gen_55_ind_9_before.zip,Data/tmpModels/gen_55_ind_9_after.zip
55,10,0.954081654548645,0.9494897723197937,-0.004591882228851318,2083,Data/tmpModels/gen_55_ind_10_before.zip,Data/tmpModels/gen_55_ind_10_after.zip
55,11,0.9586734771728516,0.9494897723197937,-0.009183704853057861,2083,Data/tmpModels/gen_55_ind_11_before.zip,Data/tmpModels/gen_55_ind_11_after.zip
55,12,0.9586734771728516,0.9494897723197937,-0.009183704853057861,2083,Data/tmpModels/gen_55_ind_12_before.zip,Data/tmpModels/gen_55_ind_12_after.zip
55,13,0.0,0.9081632494926453,0.9081632494926453,2083,Data/tmpModels/gen_55_ind_13_before.zip,Data/tmpModels/gen_55_ind_13_after.zip
55,14,0.0,0.9311224222183228,0.9311224222183228,2083,Data/tmpModels/gen_55_ind_14_before.zip,Data/tmpModels/gen_55_ind_14_after.zip
55,15,0.954081654548645,0.9494897723197937,-0.004591882228851318,2083,Data/tmpModels/gen_55_ind_15_before.zip,Data/tmpModels/gen_55_ind_15_after.zip
55,16,0.9586734771728516,0.9311224222183228,-0.02755105495452881,2083,Data/tmpModels/gen_55_ind_16_before.zip,Data/tmpModels/gen_55_ind_16_after.zip
55,17,0.9311224222183228,0.9586734771728516,0.02755105495452881,2083,Data/tmpModels/gen_55_ind_17_before.zip,Data/tmpModels/gen_55_ind_17_after.zip
55,18,0.9494897723197937,0.9586734771728516,0.009183704853057861,2083,Data/tmpModels/gen_55_ind_18_before.zip,Data/tmpModels/gen_55_ind_18_after.zip
55,19,0.0,0.0,0.0,2083,Data/tmpModels/gen_55_ind_19_before.zip,Data/tmpModels/gen_55_ind_19_after.zip
56,0,0.9586734771728516,0.9494897723197937,-0.009183704853057861,1666,Data/tmpModels/gen_56_ind_0_before.zip,Data/tmpModels/gen_56_ind_0_after.zip
56,1,0.954081654548645,0.954081654548645,0.0,1666,Data/tmpModels/gen_56_ind_1_before.zip,Data/tmpModels/gen_56_ind_1_after.zip
56,2,0.9311224222183228,0.9081632494926453,-0.02295917272567749,1666,Data/tmpModels/gen_56_ind_2_before.zip,Data/tmpModels/gen_56_ind_2_after.zip
56,3,0.9311224222183228,0.0,-0.9311224222183228,1666,Data/tmpModels/gen_56_ind_3_before.zip,Data/tmpModels/gen_56_ind_3_after.zip
56,4,0.954081654548645,0.954081654548645,0.0,1666,Data/tmpModels/gen_56_ind_4_before.zip,Data/tmpModels/gen_56_ind_4_after.zip
56,5,0.0,0.954081654548645,0.954081654548645,1666,Data/tmpModels/gen_56_ind_5_before.zip,Data/tmpModels/gen_56_ind_5_after.zip
56,6,0.0,0.0,0.0,1666,Data/tmpModels/gen_56_ind_6_before.zip,Data/tmpModels/gen_56_ind_6_after.zip
56,7,0.954081654548645,0.9311224222183228,-0.022959232330322266,1666,Data/tmpModels/gen_56_ind_7_before.zip,Data/tmpModels/gen_56_ind_7_after.zip
56,8,0.954081654548645,0.954081654548645,0.0,1666,Data/tmpModels/gen_56_ind_8_before.zip,Data/tmpModels/gen_56_ind_8_after.zip
56,9,0.9311224222183228,0.954081654548645,0.022959232330322266,1666,Data/tmpModels/gen_56_ind_9_before.zip,Data/tmpModels/gen_56_ind_9_after.zip
56,10,0.9494897723197937,0.9494897723197937,0.0,1666,Data/tmpModels/gen_56_ind_10_before.zip,Data/tmpModels/gen_56_ind_10_after.zip
56,11,0.9494897723197937,0.9311224222183228,-0.018367350101470947,1666,Data/tmpModels/gen_56_ind_11_before.zip,Data/tmpModels/gen_56_ind_11_after.zip
56,12,0.954081654548645,0.0,-0.954081654548645,1666,Data/tmpModels/gen_56_ind_12_before.zip,Data/tmpModels/gen_56_ind_12_after.zip
56,13,0.954081654548645,0.9586734771728516,0.004591822624206543,1666,Data/tmpModels/gen_56_ind_13_before.zip,Data/tmpModels/gen_56_ind_13_after.zip
56,14,0.0,0.9311224222183228,0.9311224222183228,1666,Data/tmpModels/gen_56_ind_14_before.zip,Data/tmpModels/gen_56_ind_14_after.zip
56,15,0.9586734771728516,0.9311224222183228,-0.02755105495452881,1666,Data/tmpModels/gen_56_ind_15_before.zip,Data/tmpModels/gen_56_ind_15_after.zip
56,16,0.0,0.9311224222183228,0.9311224222183228,1666,Data/tmpModels/gen_56_ind_16_before.zip,Data/tmpModels/gen_56_ind_16_after.zip
56,17,0.0,0.9494897723197937,0.9494897723197937,1666,Data/tmpModels/gen_56_ind_17_before.zip,Data/tmpModels/gen_56_ind_17_after.zip
56,18,0.9494897723197937,0.9586734771728516,0.009183704853057861,1666,Data/tmpModels/gen_56_ind_18_before.zip,Data/tmpModels/gen_56_ind_18_after.zip
56,19,0.0,0.954081654548645,0.954081654548645,1666,Data/tmpModels/gen_56_ind_19_before.zip,Data/tmpModels/gen_56_ind_19_after.zip
57,0,0.954081654548645,0.954081654548645,0.0,1250,Data/tmpModels/gen_57_ind_0_before.zip,Data/tmpModels/gen_57_ind_0_after.zip
57,1,0.9586734771728516,0.9586734771728516,0.0,1250,Data/tmpModels/gen_57_ind_1_before.zip,Data/tmpModels/gen_57_ind_1_after.zip
57,2,0.954081654548645,0.954081654548645,0.0,1250,Data/tmpModels/gen_57_ind_2_before.zip,Data/tmpModels/gen_57_ind_2_after.zip
57,3,0.954081654548645,0.9311224222183228,-0.022959232330322266,1250,Data/tmpModels/gen_57_ind_3_before.zip,Data/tmpModels/gen_57_ind_3_after.zip
57,4,0.954081654548645,0.9586734771728516,0.004591822624206543,1250,Data/tmpModels/gen_57_ind_4_before.zip,Data/tmpModels/gen_57_ind_4_after.zip
57,5,0.9494897723197937,0.9586734771728516,0.009183704853057861,1250,Data/tmpModels/gen_57_ind_5_before.zip,Data/tmpModels/gen_57_ind_5_after.zip
57,6,0.954081654548645,0.0,-0.954081654548645,1250,Data/tmpModels/gen_57_ind_6_before.zip,Data/tmpModels/gen_57_ind_6_after.zip
57,7,0.9586734771728516,0.954081654548645,-0.004591822624206543,1250,Data/tmpModels/gen_57_ind_7_before.zip,Data/tmpModels/gen_57_ind_7_after.zip
57,8,0.0,0.9311224222183228,0.9311224222183228,1250,Data/tmpModels/gen_57_ind_8_before.zip,Data/tmpModels/gen_57_ind_8_after.zip
57,9,0.0,0.9586734771728516,0.9586734771728516,1250,Data/tmpModels/gen_57_ind_9_before.zip,Data/tmpModels/gen_57_ind_9_after.zip
57,10,0.9311224222183228,0.9311224222183228,0.0,1250,Data/tmpModels/gen_57_ind_10_before.zip,Data/tmpModels/gen_57_ind_10_after.zip
57,11,0.9586734771728516,0.9494897723197937,-0.009183704853057861,1250,Data/tmpModels/gen_57_ind_11_before.zip,Data/tmpModels/gen_57_ind_11_after.zip
57,12,0.9311224222183228,0.9494897723197937,0.018367350101470947,1250,Data/tmpModels/gen_57_ind_12_before.zip,Data/tmpModels/gen_57_ind_12_after.zip
57,13,0.954081654548645,0.9494897723197937,-0.004591882228851318,1250,Data/tmpModels/gen_57_ind_13_before.zip,Data/tmpModels/gen_57_ind_13_after.zip
57,14,0.9311224222183228,0.9586734771728516,0.02755105495452881,1250,Data/tmpModels/gen_57_ind_14_before.zip,Data/tmpModels/gen_57_ind_14_after.zip
57,15,0.0,0.954081654548645,0.954081654548645,1250,Data/tmpModels/gen_57_ind_15_before.zip,Data/tmpModels/gen_57_ind_15_after.zip
57,16,0.9494897723197937,0.9586734771728516,0.009183704853057861,1250,Data/tmpModels/gen_57_ind_16_before.zip,Data/tmpModels/gen_57_ind_16_after.zip
57,17,0.9494897723197937,0.0,-0.9494897723197937,1250,Data/tmpModels/gen_57_ind_17_before.zip,Data/tmpModels/gen_57_ind_17_after.zip
57,18,0.954081654548645,0.9494897723197937,-0.004591882228851318,1250,Data/tmpModels/gen_57_ind_18_before.zip,Data/tmpModels/gen_57_ind_18_after.zip
57,19,0.9586734771728516,0.0,-0.9586734771728516,1250,Data/tmpModels/gen_57_ind_19_before.zip,Data/tmpModels/gen_57_ind_19_after.zip
58,0,0.9494897723197937,0.954081654548645,0.004591882228851318,833,Data/tmpModels/gen_58_ind_0_before.zip,Data/tmpModels/gen_58_ind_0_after.zip
58,1,0.954081654548645,0.954081654548645,0.0,833,Data/tmpModels/gen_58_ind_1_before.zip,Data/tmpModels/gen_58_ind_1_after.zip
58,2,0.9311224222183228,0.9494897723197937,0.018367350101470947,833,Data/tmpModels/gen_58_ind_2_before.zip,Data/tmpModels/gen_58_ind_2_after.zip
58,3,0.9311224222183228,0.9311224222183228,0.0,833,Data/tmpModels/gen_58_ind_3_before.zip,Data/tmpModels/gen_58_ind_3_after.zip
58,4,0.9494897723197937,0.0,-0.9494897723197937,833,Data/tmpModels/gen_58_ind_4_before.zip,Data/tmpModels/gen_58_ind_4_after.zip
58,5,0.9586734771728516,0.9586734771728516,0.0,833,Data/tmpModels/gen_58_ind_5_before.zip,Data/tmpModels/gen_58_ind_5_after.zip
58,6,0.9311224222183228,0.9586734771728516,0.02755105495452881,833,Data/tmpModels/gen_58_ind_6_before.zip,Data/tmpModels/gen_58_ind_6_after.zip
58,7,0.9494897723197937,0.9494897723197937,0.0,833,Data/tmpModels/gen_58_ind_7_before.zip,Data/tmpModels/gen_58_ind_7_after.zip
58,8,0.954081654548645,0.9586734771728516,0.004591822624206543,833,Data/tmpModels/gen_58_ind_8_before.zip,Data/tmpModels/gen_58_ind_8_after.zip
58,9,0.0,0.9586734771728516,0.9586734771728516,833,Data/tmpModels/gen_58_ind_9_before.zip,Data/tmpModels/gen_58_ind_9_after.zip
58,10,0.954081654548645,0.954081654548645,0.0,833,Data/tmpModels/gen_58_ind_10_before.zip,Data/tmpModels/gen_58_ind_10_after.zip
58,11,0.9494897723197937,0.9311224222183228,-0.018367350101470947,833,Data/tmpModels/gen_58_ind_11_before.zip,Data/tmpModels/gen_58_ind_11_after.zip
58,12,0.9311224222183228,0.954081654548645,0.022959232330322266,833,Data/tmpModels/gen_58_ind_12_before.zip,Data/tmpModels/gen_58_ind_12_after.zip
58,13,0.0,0.9494897723197937,0.9494897723197937,833,Data/tmpModels/gen_58_ind_13_before.zip,Data/tmpModels/gen_58_ind_13_after.zip
58,14,0.9494897723197937,0.9494897723197937,0.0,833,Data/tmpModels/gen_58_ind_14_before.zip,Data/tmpModels/gen_58_ind_14_after.zip
58,15,0.9586734771728516,0.9494897723197937,-0.009183704853057861,833,Data/tmpModels/gen_58_ind_15_before.zip,Data/tmpModels/gen_58_ind_15_after.zip
58,16,0.0,0.9494897723197937,0.9494897723197937,833,Data/tmpModels/gen_58_ind_16_before.zip,Data/tmpModels/gen_58_ind_16_after.zip
58,17,0.9586734771728516,0.9494897723197937,-0.009183704853057861,833,Data/tmpModels/gen_58_ind_17_before.zip,Data/tmpModels/gen_58_ind_17_after.zip
58,18,0.9586734771728516,0.954081654548645,-0.004591822624206543,833,Data/tmpModels/gen_58_ind_18_before.zip,Data/tmpModels/gen_58_ind_18_after.zip
58,19,0.0,0.9494897723197937,0.9494897723197937,833,Data/tmpModels/gen_58_ind_19_before.zip,Data/tmpModels/gen_58_ind_19_after.zip
59,0,0.9494897723197937,0.9494897723197937,0.0,416,Data/tmpModels/gen_59_ind_0_before.zip,Data/tmpModels/gen_59_ind_0_after.zip
59,1,0.9586734771728516,0.954081654548645,-0.004591822624206543,416,Data/tmpModels/gen_59_ind_1_before.zip,Data/tmpModels/gen_59_ind_1_after.zip
59,2,0.9494897723197937,0.9494897723197937,0.0,416,Data/tmpModels/gen_59_ind_2_before.zip,Data/tmpModels/gen_59_ind_2_after.zip
59,3,0.9586734771728516,0.954081654548645,-0.004591822624206543,416,Data/tmpModels/gen_59_ind_3_before.zip,Data/tmpModels/gen_59_ind_3_after.zip
59,4,0.9494897723197937,0.9494897723197937,0.0,416,Data/tmpModels/gen_59_ind_4_before.zip,Data/tmpModels/gen_59_ind_4_after.zip
59,5,0.9494897723197937,0.9586734771728516,0.009183704853057861,416,Data/tmpModels/gen_59_ind_5_before.zip,Data/tmpModels/gen_59_ind_5_after.zip
59,6,0.9494897723197937,0.9494897723197937,0.0,416,Data/tmpModels/gen_59_ind_6_before.zip,Data/tmpModels/gen_59_ind_6_after.zip
59,7,0.9494897723197937,0.9494897723197937,0.0,416,Data/tmpModels/gen_59_ind_7_before.zip,Data/tmpModels/gen_59_ind_7_after.zip
59,8,0.9494897723197937,0.0,-0.9494897723197937,416,Data/tmpModels/gen_59_ind_8_before.zip,Data/tmpModels/gen_59_ind_8_after.zip
59,9,0.9586734771728516,0.0,-0.9586734771728516,416,Data/tmpModels/gen_59_ind_9_before.zip,Data/tmpModels/gen_59_ind_9_after.zip
59,10,0.9586734771728516,0.9494897723197937,-0.009183704853057861,416,Data/tmpModels/gen_59_ind_10_before.zip,Data/tmpModels/gen_59_ind_10_after.zip
59,11,0.9311224222183228,0.954081654548645,0.022959232330322266,416,Data/tmpModels/gen_59_ind_11_before.zip,Data/tmpModels/gen_59_ind_11_after.zip
59,12,0.954081654548645,0.954081654548645,0.0,416,Data/tmpModels/gen_59_ind_12_before.zip,Data/tmpModels/gen_59_ind_12_after.zip
59,13,0.0,0.9586734771728516,0.9586734771728516,416,Data/tmpModels/gen_59_ind_13_before.zip,Data/tmpModels/gen_59_ind_13_after.zip
59,14,0.9311224222183228,0.9494897723197937,0.018367350101470947,416,Data/tmpModels/gen_59_ind_14_before.zip,Data/tmpModels/gen_59_ind_14_after.zip
59,15,0.9494897723197937,0.9494897723197937,0.0,416,Data/tmpModels/gen_59_ind_15_before.zip,Data/tmpModels/gen_59_ind_15_after.zip
59,16,0.9586734771728516,0.9494897723197937,-0.009183704853057861,416,Data/tmpModels/gen_59_ind_16_before.zip,Data/tmpModels/gen_59_ind_16_after.zip
59,17,0.9494897723197937,0.9494897723197937,0.0,416,Data/tmpModels/gen_59_ind_17_before.zip,Data/tmpModels/gen_59_ind_17_after.zip
59,18,0.0,0.9494897723197937,0.9494897723197937,416,Data/tmpModels/gen_59_ind_18_before.zip,Data/tmpModels/gen_59_ind_18_after.zip
59,19,0.954081654548645,0.0,-0.954081654548645,416,Data/tmpModels/gen_59_ind_19_before.zip,Data/tmpModels/gen_59_ind_19_after.zip
